order_id,line_item_seq,customer_id,product_id,region,order_date,status,quantity,unit_price
129221,1,3143,300,Central,2026-01-13,PLACED,6,447.11
129221,2,3143,289,Central,2026-01-13,PLACED,10,229.73
129221,3,3143,86,Central,2026-01-13,PLACED,10,124.77
129221,4,3143,18,Central,2026-01-13,PLACED,4,309.27
129222,1,1914,139,West,2026-01-13,PLACED,3,352.08
129223,1,191,112,East,2026-01-13,PLACED,8,136.18
129224,1,4514,140,Central,2026-01-14,PLACED,6,71.64
129225,1,513,255,South,2026-01-14,PLACED,3,522.82
129226,1,1451,241,Central,2026-01-14,PLACED,2,217.76
129227,1,2854,241,Central,2026-01-14,PLACED,2,218.37
129227,2,2854,164,Central,2026-01-14,PLACED,1,491.32
129227,3,2854,80,Central,2026-01-14,PLACED,4,133.78
129228,1,234,119,North,2026-01-13,PLACED,9,299.07
129229,1,2848,297,South,2026-01-13,PLACED,6,221.34
129230,1,1449,264,Central,2026-01-13,PLACED,2,75.09
129231,1,4466,205,East,2026-01-14,PLACED,7,234.77
129232,1,2683,273,East,2026-01-13,PLACED,10,353.84
129233,1,2819,116,North,2026-01-13,PLACED,7,458.62
129234,1,854,255,Central,2026-01-13,PLACED,7,534.03
129235,1,1851,280,North,2026-01-14,PLACED,6,297.65
129236,1,482,124,West,2026-01-13,PLACED,6,265.44
129236,2,482,252,West,2026-01-13,PLACED,10,392.51
129236,3,482,228,West,2026-01-13,PLACED,10,450.89
129236,4,482,14,West,2026-01-13,PLACED,4,99.6
129236,5,482,262,West,2026-01-13,PLACED,3,473.3
129236,6,482,148,West,2026-01-13,PLACED,6,331.08
129236,7,482,43,West,2026-01-13,PLACED,9,118.11
129236,8,482,6,West,2026-01-13,PLACED,10,319.89
129236,9,482,65,West,2026-01-13,PLACED,4,446.54
129236,10,482,89,West,2026-01-13,PLACED,2,45.93
129237,1,187,221,West,2026-01-14,PLACED,9,439.02
129238,1,470,175,North,2026-01-14,PLACED,3,410.15
129238,2,470,75,North,2026-01-14,PLACED,10,329.9
129238,3,470,38,North,2026-01-14,PLACED,5,289.81
129238,4,470,34,North,2026-01-14,PLACED,3,534.47
129239,1,4566,206,South,2026-01-13,PLACED,8,119.15
129240,1,3397,101,Central,2026-01-13,PLACED,4,11.11
129241,1,3750,33,East,2026-01-14,PLACED,5,257.44
129242,1,879,147,South,2026-01-14,PLACED,9,250.71
129243,1,1617,259,West,2026-01-13,PLACED,5,148.26
129244,1,3238,262,North,2026-01-13,PLACED,1,481.04
129245,1,4648,49,South,2026-01-13,PLACED,1,326.19
129246,1,1882,30,South,2026-01-14,PLACED,2,294.14
129246,2,1882,93,South,2026-01-14,PLACED,8,363.22
129246,3,1882,86,South,2026-01-14,PLACED,8,111.08
129246,4,1882,66,South,2026-01-14,PLACED,9,363.37
129246,5,1882,291,South,2026-01-14,PLACED,10,6.93
129246,6,1882,161,South,2026-01-14,PLACED,2,40.01
129246,7,1882,202,South,2026-01-14,PLACED,5,496.91
129246,8,1882,138,South,2026-01-14,PLACED,4,346.76
129246,9,1882,245,South,2026-01-14,PLACED,3,101.33
129247,1,3172,1,North,2026-01-14,PLACED,1,351.61
129248,1,203,136,South,2026-01-13,PLACED,3,265.07
129249,1,1693,120,Central,2026-01-13,PLACED,9,82.53
129250,1,3791,278,South,2026-01-14,PLACED,8,260.85
129251,1,1191,62,East,2026-01-14,PLACED,8,323.29
129252,1,3464,108,East,2026-01-13,PLACED,5,232.11
129253,1,1216,121,East,2026-01-13,PLACED,6,420.1
129254,1,2644,282,Central,2026-01-14,PLACED,8,103.86
129255,1,263,296,Central,2026-01-14,PLACED,7,287.07
129256,1,3123,117,North,2026-01-13,PLACED,6,139.78
129257,1,3987,58,Central,2026-01-13,PLACED,3,329.51
129257,2,3987,186,Central,2026-01-13,PLACED,5,188.05
129258,1,4210,127,West,2026-01-14,PLACED,7,13.96
129259,1,302,205,North,2026-01-14,PLACED,4,253.57
129259,2,302,183,North,2026-01-14,PLACED,7,465.79
129259,3,302,113,North,2026-01-14,PLACED,8,234.46
129259,4,302,124,North,2026-01-14,PLACED,4,273.7
129259,5,302,263,North,2026-01-14,PLACED,10,194.87
129260,1,541,80,East,2026-01-14,PLACED,1,139.59
129260,2,541,203,East,2026-01-14,PLACED,3,420.15
129261,1,3044,227,North,2026-01-13,PLACED,5,268.53
129262,1,2521,294,South,2026-01-13,PLACED,3,126.33
129263,1,4952,125,North,2026-01-13,PLACED,1,4.85
129263,2,4952,181,North,2026-01-13,PLACED,7,358.71
129264,1,4489,160,North,2026-01-14,PLACED,2,109.93
129265,1,1996,118,East,2026-01-13,PLACED,4,326.54
129265,2,1996,213,East,2026-01-13,PLACED,1,231.17
129265,3,1996,245,East,2026-01-13,PLACED,1,103.28
129265,4,1996,113,East,2026-01-13,PLACED,7,277.12
129265,5,1996,215,East,2026-01-13,PLACED,10,441.83
129265,6,1996,3,East,2026-01-13,PLACED,4,137.08
129266,1,3500,65,South,2026-01-13,PLACED,2,440.84
129267,1,4497,75,West,2026-01-13,PLACED,6,342.42
129268,1,4337,147,North,2026-01-13,PLACED,4,252.54
129269,1,4512,40,Central,2026-01-14,PLACED,9,267.62
129270,1,1369,33,North,2026-01-14,PLACED,2,265.2
129271,1,3508,291,East,2026-01-14,PLACED,9,7.32
129272,1,4467,86,Central,2026-01-13,PLACED,10,114.93
129273,1,2143,184,Central,2026-01-14,PLACED,1,50.93
129273,2,2143,31,Central,2026-01-14,PLACED,9,428.11
129274,1,3143,64,South,2026-01-13,PLACED,5,324.18
129275,1,2445,8,North,2026-01-13,PLACED,5,47.52
129276,1,1899,70,South,2026-01-13,PLACED,8,150.41
129277,1,3893,89,West,2026-01-13,PLACED,8,52.39
129278,1,4574,57,South,2026-01-13,PLACED,6,82.75
129279,1,1920,268,North,2026-01-13,PLACED,2,538.19
129280,1,1805,233,West,2026-01-13,PLACED,2,283.83
129281,1,1605,234,East,2026-01-14,PLACED,6,342.62
129282,1,57,175,West,2026-01-14,PLACED,9,370.21
129283,1,4770,218,North,2026-01-14,PLACED,2,392.41
129284,1,4604,170,West,2026-01-13,PLACED,9,76.3
129285,1,2327,289,East,2026-01-14,PLACED,3,226.2
129286,1,3171,178,West,2026-01-13,PLACED,2,217.0
129287,1,4499,290,Central,2026-01-13,PLACED,7,155.83
129288,1,1923,157,West,2026-01-14,PLACED,2,169.4
129289,1,3782,280,South,2026-01-13,PLACED,3,289.36
129290,1,3117,92,East,2026-01-13,PLACED,6,290.03
129291,1,2355,96,East,2026-01-14,PLACED,6,205.15
129291,2,2355,141,East,2026-01-14,PLACED,1,223.99
129291,3,2355,198,East,2026-01-14,PLACED,1,28.58
129291,4,2355,158,East,2026-01-14,PLACED,9,306.15
129291,5,2355,229,East,2026-01-14,PLACED,4,78.21
129291,6,2355,32,East,2026-01-14,PLACED,6,350.69
129291,7,2355,185,East,2026-01-14,PLACED,1,215.8
129292,1,411,227,Central,2026-01-14,PLACED,7,238.2
129293,1,3978,122,North,2026-01-14,PLACED,8,258.46
129293,2,3978,233,North,2026-01-14,PLACED,5,280.93
129294,1,4584,251,North,2026-01-13,PLACED,8,170.65
129295,1,2220,50,South,2026-01-13,PLACED,4,192.07
129296,1,1260,222,North,2026-01-13,PLACED,1,280.69
129297,1,44,271,West,2026-01-14,PLACED,4,410.07
129297,2,44,180,West,2026-01-14,PLACED,9,245.98
129298,1,2244,198,North,2026-01-13,PLACED,6,31.41
129298,2,2244,272,North,2026-01-13,PLACED,9,163.64
129299,1,4918,263,East,2026-01-13,PLACED,1,172.82
129300,1,266,246,Central,2026-01-14,PLACED,3,392.9
129301,1,3870,255,South,2026-01-14,PLACED,2,479.61
129302,1,4811,255,Central,2026-01-13,PLACED,7,508.22
129303,1,4571,62,West,2026-01-13,PLACED,9,315.45
129304,1,3769,137,North,2026-01-14,PLACED,10,41.06
129305,1,1182,118,North,2026-01-14,PLACED,2,344.49
129306,1,2378,4,Central,2026-01-14,PLACED,9,123.3
129307,1,2991,238,West,2026-01-14,PLACED,6,122.43
129308,1,3017,278,Central,2026-01-14,PLACED,1,255.95
129308,2,3017,91,Central,2026-01-14,PLACED,9,64.04
129308,3,3017,273,Central,2026-01-14,PLACED,2,360.24
129308,4,3017,122,Central,2026-01-14,PLACED,4,249.54
129309,1,2940,230,East,2026-01-14,PLACED,7,487.37
129310,1,4550,291,North,2026-01-13,PLACED,5,6.41
129311,1,2781,223,West,2026-01-13,PLACED,7,262.45
129312,1,1171,211,Central,2026-01-14,PLACED,4,134.54
129313,1,2307,277,East,2026-01-13,PLACED,6,63.62
129313,2,2307,227,East,2026-01-13,PLACED,8,250.75
129314,1,1765,173,Central,2026-01-13,PLACED,2,219.24
129314,2,1765,256,Central,2026-01-13,PLACED,7,544.81
129314,3,1765,256,Central,2026-01-13,PLACED,5,521.01
129314,4,1765,232,Central,2026-01-13,PLACED,2,95.55
129314,5,1765,188,Central,2026-01-13,PLACED,7,118.62
129314,6,1765,141,Central,2026-01-13,PLACED,2,237.16
129314,7,1765,171,Central,2026-01-13,PLACED,4,454.22
129315,1,4805,97,Central,2026-01-13,PLACED,1,483.55
129316,1,922,45,West,2026-01-14,PLACED,4,44.34
129316,2,922,265,West,2026-01-14,PLACED,5,454.54
129316,3,922,167,West,2026-01-14,PLACED,9,133.75
129316,4,922,187,West,2026-01-14,PLACED,6,460.98
129316,5,922,138,West,2026-01-14,PLACED,1,345.08
129316,6,922,204,West,2026-01-14,PLACED,2,85.39
129316,7,922,250,West,2026-01-14,PLACED,10,140.7
129316,8,922,215,West,2026-01-14,PLACED,1,507.2
129316,9,922,141,West,2026-01-14,PLACED,9,232.84
129316,10,922,198,West,2026-01-14,PLACED,1,30.59
129317,1,3088,248,Central,2026-01-14,PLACED,4,219.67
129317,2,3088,67,Central,2026-01-14,PLACED,2,113.09
129318,1,4256,112,West,2026-01-14,PLACED,2,127.05
129318,2,4256,20,West,2026-01-14,PLACED,5,8.7
129319,1,1867,13,North,2026-01-14,PLACED,9,16.35
129319,2,1867,226,North,2026-01-14,PLACED,1,305.96
129320,1,2936,67,North,2026-01-13,PLACED,6,116.18
129320,2,2936,246,North,2026-01-13,PLACED,4,333.4
129321,1,4679,297,West,2026-01-14,PLACED,2,221.1
129322,1,3691,192,West,2026-01-14,PLACED,1,133.85
129323,1,1861,222,East,2026-01-14,PLACED,4,301.57
129324,1,4485,38,North,2026-01-14,PLACED,10,305.68
129325,1,3460,11,South,2026-01-13,PLACED,9,123.91
129326,1,4375,254,Central,2026-01-14,PLACED,3,240.94
129327,1,1934,1,West,2026-01-13,PLACED,7,348.81
129327,2,1934,276,West,2026-01-13,PLACED,2,60.95
129327,3,1934,90,West,2026-01-13,PLACED,6,29.44
129327,4,1934,103,West,2026-01-13,PLACED,4,335.14
129327,5,1934,145,West,2026-01-13,PLACED,6,210.39
129327,6,1934,192,West,2026-01-13,PLACED,9,153.08
129327,7,1934,36,West,2026-01-13,PLACED,5,255.84
129327,8,1934,233,West,2026-01-13,PLACED,5,275.27
129328,1,1238,298,South,2026-01-13,PLACED,1,9.9
129328,2,1238,190,South,2026-01-13,PLACED,10,220.03
129329,1,1228,203,Central,2026-01-13,PLACED,7,418.78
129330,1,16,81,East,2026-01-13,PLACED,2,258.22
129331,1,1868,204,Central,2026-01-13,PLACED,4,92.48
129331,2,1868,88,Central,2026-01-13,PLACED,1,266.76
129331,3,1868,82,Central,2026-01-13,PLACED,7,122.95
129332,1,2054,256,West,2026-01-14,PLACED,6,465.37
129333,1,584,117,South,2026-01-14,PLACED,6,146.25
129334,1,3973,253,Central,2026-01-13,PLACED,3,40.14
129335,1,782,98,Central,2026-01-13,PLACED,4,283.92
129335,2,782,240,Central,2026-01-13,PLACED,9,319.82
129335,3,782,263,Central,2026-01-13,PLACED,9,199.46
129335,4,782,297,Central,2026-01-13,PLACED,8,233.34
129335,5,782,251,Central,2026-01-13,PLACED,6,173.57
129335,6,782,291,Central,2026-01-13,PLACED,8,7.3
129335,7,782,140,Central,2026-01-13,PLACED,5,64.42
129335,8,782,164,Central,2026-01-13,PLACED,3,487.84
129335,9,782,174,Central,2026-01-13,PLACED,3,410.45
129335,10,782,92,Central,2026-01-13,PLACED,4,328.17
129336,1,1574,55,West,2026-01-14,PLACED,10,325.02
129337,1,946,109,North,2026-01-14,PLACED,6,252.16
129338,1,318,257,West,2026-01-14,PLACED,6,42.37
129339,1,4503,171,North,2026-01-14,PLACED,2,477.57
129340,1,1585,227,North,2026-01-14,PLACED,5,255.56
129340,2,1585,72,North,2026-01-14,PLACED,6,426.6
129340,3,1585,123,North,2026-01-14,PLACED,3,355.53
129340,4,1585,192,North,2026-01-14,PLACED,4,134.96
129340,5,1585,212,North,2026-01-14,PLACED,8,388.73
129340,6,1585,160,North,2026-01-14,PLACED,2,114.82
129340,7,1585,10,North,2026-01-14,PLACED,4,18.38
129341,1,1004,56,West,2026-01-13,PLACED,10,280.99
129341,2,1004,22,West,2026-01-13,PLACED,9,372.45
129341,3,1004,82,West,2026-01-13,PLACED,8,126.8
129341,4,1004,50,West,2026-01-13,PLACED,4,172.16
129341,5,1004,269,West,2026-01-13,PLACED,10,324.81
129341,6,1004,189,West,2026-01-13,PLACED,4,101.01
129341,7,1004,244,West,2026-01-13,PLACED,7,446.84
129341,8,1004,283,West,2026-01-13,PLACED,2,346.79
129342,1,4251,102,East,2026-01-13,PLACED,2,364.11
129342,2,4251,131,East,2026-01-13,PLACED,4,154.21
129343,1,1579,63,South,2026-01-14,PLACED,6,276.67
129343,2,1579,239,South,2026-01-14,PLACED,3,282.0
129344,1,2714,264,East,2026-01-13,PLACED,1,91.18
129345,1,4743,215,Central,2026-01-14,PLACED,4,445.3
129345,2,4743,203,Central,2026-01-14,PLACED,2,441.72
129345,3,4743,130,Central,2026-01-14,PLACED,3,454.93
129345,4,4743,228,Central,2026-01-14,PLACED,5,439.91
129345,5,4743,203,Central,2026-01-14,PLACED,5,461.49
129345,6,4743,95,Central,2026-01-14,PLACED,9,35.02
129345,7,4743,102,Central,2026-01-14,PLACED,2,332.32
129345,8,4743,250,Central,2026-01-14,PLACED,2,166.07
129345,9,4743,30,Central,2026-01-14,PLACED,9,284.73
129346,1,4091,54,Central,2026-01-14,PLACED,7,437.21
129346,2,4091,89,Central,2026-01-14,PLACED,8,53.81
129347,1,2106,88,West,2026-01-14,PLACED,2,275.56
129348,1,4332,167,South,2026-01-14,PLACED,7,127.39
129349,1,763,266,East,2026-01-14,PLACED,5,380.7
129350,1,4031,140,Central,2026-01-13,PLACED,10,66.77
129351,1,172,197,East,2026-01-13,PLACED,3,250.25
129352,1,2859,262,West,2026-01-14,PLACED,6,460.22
129353,1,4356,260,South,2026-01-14,PLACED,6,434.83
129354,1,1400,26,South,2026-01-14,PLACED,10,186.75
129355,1,1714,3,Central,2026-01-14,PLACED,9,145.78
129356,1,984,91,East,2026-01-13,PLACED,7,61.41
129356,2,984,95,East,2026-01-13,PLACED,7,35.15
129357,1,1638,132,South,2026-01-13,PLACED,6,34.57
129357,2,1638,246,South,2026-01-13,PLACED,3,380.11
129358,1,2180,198,Central,2026-01-13,PLACED,3,30.99
129359,1,4773,110,South,2026-01-13,PLACED,4,484.9
129360,1,72,107,West,2026-01-14,PLACED,6,58.91
129360,2,72,168,West,2026-01-14,PLACED,9,362.29
129360,3,72,185,West,2026-01-14,PLACED,5,215.77
129360,4,72,299,West,2026-01-14,PLACED,10,39.1
129361,1,1651,12,North,2026-01-14,PLACED,6,246.44
129362,1,108,290,North,2026-01-13,PLACED,8,128.35
129362,2,108,257,North,2026-01-13,PLACED,6,41.28
129363,1,587,202,West,2026-01-14,PLACED,5,452.63
129363,2,587,80,West,2026-01-14,PLACED,6,121.02
129364,1,2757,245,North,2026-01-13,PLACED,4,103.01
129365,1,3648,202,Central,2026-01-14,PLACED,1,479.35
129366,1,1196,216,East,2026-01-13,PLACED,4,489.16
129367,1,643,185,West,2026-01-13,PLACED,5,210.46
129367,2,643,47,West,2026-01-13,PLACED,2,58.14
129368,1,4610,123,North,2026-01-14,PLACED,8,413.94
129369,1,1581,259,Central,2026-01-14,PLACED,1,149.68
129369,2,1581,59,Central,2026-01-14,PLACED,9,79.36
129370,1,2111,34,North,2026-01-14,PLACED,1,457.2
129371,1,4868,184,North,2026-01-13,PLACED,3,56.47
129372,1,4015,18,West,2026-01-14,PLACED,8,291.7
129373,1,4856,271,West,2026-01-14,PLACED,4,439.34
129374,1,56,229,South,2026-01-14,PLACED,8,75.03
129374,2,56,291,South,2026-01-14,PLACED,3,6.43
129374,3,56,269,South,2026-01-14,PLACED,6,328.18
129374,4,56,83,South,2026-01-14,PLACED,8,318.59
129374,5,56,204,South,2026-01-14,PLACED,8,92.38
129375,1,1505,128,West,2026-01-13,PLACED,6,466.44
129376,1,3849,260,West,2026-01-13,PLACED,4,450.64
129377,1,1980,176,North,2026-01-13,PLACED,6,99.56
129378,1,2990,116,East,2026-01-13,PLACED,3,406.0
129379,1,4063,73,West,2026-01-13,PLACED,6,435.56
129379,2,4063,39,West,2026-01-13,PLACED,9,444.5
129379,3,4063,101,West,2026-01-13,PLACED,5,9.97
129379,4,4063,102,West,2026-01-13,PLACED,2,357.78
129379,5,4063,144,West,2026-01-13,PLACED,6,394.98
129380,1,1080,32,West,2026-01-13,PLACED,5,402.74
129381,1,3689,167,Central,2026-01-13,PLACED,3,128.9
129382,1,444,41,East,2026-01-13,PLACED,9,335.37
129382,2,444,250,East,2026-01-13,PLACED,4,145.26
129383,1,4649,205,South,2026-01-13,PLACED,5,245.74
129384,1,4624,215,Central,2026-01-14,PLACED,1,477.15
129384,2,4624,250,Central,2026-01-14,PLACED,8,143.37
129384,3,4624,167,Central,2026-01-14,PLACED,2,133.43
129384,4,4624,52,Central,2026-01-14,PLACED,6,113.64
129384,5,4624,225,Central,2026-01-14,PLACED,8,34.81
129385,1,3477,39,East,2026-01-14,PLACED,7,444.1
129386,1,1670,274,South,2026-01-13,PLACED,2,438.33
129387,1,1794,52,West,2026-01-14,PLACED,8,109.64
129388,1,2637,146,North,2026-01-14,PLACED,5,109.33
129388,2,2637,252,North,2026-01-14,PLACED,2,359.67
129388,3,2637,80,North,2026-01-14,PLACED,5,137.37
129388,4,2637,249,North,2026-01-14,PLACED,6,357.56
129388,5,2637,286,North,2026-01-14,PLACED,7,425.95
129388,6,2637,129,North,2026-01-14,PLACED,1,473.65
129388,7,2637,113,North,2026-01-14,PLACED,2,237.5
129388,8,2637,262,North,2026-01-14,PLACED,5,404.3
129388,9,2637,90,North,2026-01-14,PLACED,5,29.82
129388,10,2637,121,North,2026-01-14,PLACED,8,400.02
129389,1,4849,97,Central,2026-01-14,PLACED,3,502.19
129390,1,3145,9,South,2026-01-14,PLACED,1,204.44
129391,1,4863,35,North,2026-01-13,PLACED,4,173.27
129392,1,621,126,South,2026-01-14,PLACED,5,166.78
129393,1,2227,104,East,2026-01-13,PLACED,9,245.26
129394,1,2,40,South,2026-01-13,PLACED,2,276.08
129394,2,2,83,South,2026-01-13,PLACED,2,298.42
129395,1,3297,92,North,2026-01-14,PLACED,8,298.96
129396,1,4768,149,Central,2026-01-14,PLACED,5,104.47
129397,1,4622,34,South,2026-01-14,PLACED,5,533.22
129398,1,3041,223,Central,2026-01-13,PLACED,9,287.01
129399,1,4521,277,Central,2026-01-14,PLACED,10,53.44
129400,1,4577,45,Central,2026-01-13,PLACED,3,42.51
129401,1,1141,200,Central,2026-01-14,PLACED,2,449.46
129402,1,1339,190,South,2026-01-14,PLACED,4,236.66
129403,1,2921,227,South,2026-01-14,PLACED,2,263.11
129404,1,3721,40,West,2026-01-13,PLACED,5,307.58
129405,1,4368,270,South,2026-01-14,PLACED,6,9.17
129405,2,4368,205,South,2026-01-14,PLACED,8,243.95
129405,3,4368,133,South,2026-01-14,PLACED,8,460.45
129405,4,4368,199,South,2026-01-14,PLACED,10,547.43
129405,5,4368,151,South,2026-01-14,PLACED,7,469.16
129406,1,3786,83,West,2026-01-14,PLACED,5,311.5
129406,2,3786,204,West,2026-01-14,PLACED,5,86.54
129406,3,3786,236,West,2026-01-14,PLACED,2,59.2
129407,1,3133,100,East,2026-01-13,PLACED,2,457.46
129408,1,4049,239,Central,2026-01-13,PLACED,2,293.15
129409,1,3043,151,Central,2026-01-14,PLACED,7,468.28
129409,2,3043,65,Central,2026-01-14,PLACED,2,431.66
129409,3,3043,226,Central,2026-01-14,PLACED,10,282.85
129409,4,3043,230,Central,2026-01-14,PLACED,6,453.75
129410,1,4723,198,Central,2026-01-13,PLACED,10,30.07
129411,1,815,3,East,2026-01-13,PLACED,8,148.25
129411,2,815,77,East,2026-01-13,PLACED,1,489.31
129412,1,3069,122,Central,2026-01-14,PLACED,3,298.81
129413,1,1899,50,Central,2026-01-14,PLACED,6,187.61
129414,1,4033,2,North,2026-01-13,PLACED,6,18.9
129415,1,989,18,East,2026-01-13,PLACED,3,270.21
129415,2,989,129,East,2026-01-13,PLACED,10,423.37
129416,1,1129,181,South,2026-01-13,PLACED,2,357.32
129417,1,2183,292,Central,2026-01-13,PLACED,5,387.37
129418,1,2446,116,West,2026-01-13,PLACED,4,476.86
129419,1,3943,38,North,2026-01-14,PLACED,7,322.13
129420,1,2578,51,North,2026-01-13,PLACED,6,199.67
129421,1,3215,200,West,2026-01-14,PLACED,7,429.31
129422,1,2167,236,East,2026-01-13,PLACED,4,66.92
129422,2,2167,4,East,2026-01-13,PLACED,7,118.79
129423,1,1678,160,West,2026-01-14,PLACED,4,121.53
129424,1,4159,258,North,2026-01-13,PLACED,5,106.44
129425,1,3034,222,East,2026-01-13,PLACED,1,266.11
129426,1,4365,161,South,2026-01-14,PLACED,7,42.84
129427,1,177,268,East,2026-01-14,PLACED,7,455.52
129428,1,4120,155,West,2026-01-13,PLACED,1,61.11
129429,1,1994,256,West,2026-01-14,PLACED,5,520.46
129430,1,558,88,North,2026-01-14,PLACED,3,270.08
129431,1,1853,166,East,2026-01-14,PLACED,10,41.77
129432,1,2931,292,South,2026-01-14,PLACED,5,406.37
129433,1,2692,267,East,2026-01-14,PLACED,6,331.04
129434,1,3504,238,West,2026-01-13,PLACED,10,117.98
129435,1,3794,267,West,2026-01-14,PLACED,2,297.87
129436,1,4658,255,East,2026-01-13,PLACED,2,537.9
129437,1,1599,17,West,2026-01-14,PLACED,4,107.4
129438,1,2208,16,East,2026-01-13,PLACED,9,264.08
129439,1,4532,140,South,2026-01-13,PLACED,2,65.35
129439,2,4532,179,South,2026-01-13,PLACED,8,200.03
129439,3,4532,290,South,2026-01-13,PLACED,4,129.71
129439,4,4532,113,South,2026-01-13,PLACED,3,240.83
129439,5,4532,272,South,2026-01-13,PLACED,6,158.83
129439,6,4532,203,South,2026-01-13,PLACED,9,434.33
129439,7,4532,285,South,2026-01-13,PLACED,6,246.1
129439,8,4532,23,South,2026-01-13,PLACED,10,159.76
129440,1,2896,287,West,2026-01-13,PLACED,4,450.36
129440,2,2896,24,West,2026-01-13,PLACED,5,78.69
129441,1,1361,14,Central,2026-01-13,PLACED,3,105.96
129442,1,2345,90,Central,2026-01-13,PLACED,2,29.69
129443,1,3519,157,West,2026-01-13,PLACED,6,171.88
129444,1,1029,72,North,2026-01-13,PLACED,2,438.4
129444,2,1029,48,North,2026-01-13,PLACED,1,155.47
129444,3,1029,82,North,2026-01-13,PLACED,4,144.53
129444,4,1029,161,North,2026-01-13,PLACED,7,37.19
129444,5,1029,297,North,2026-01-13,PLACED,10,232.8
129444,6,1029,112,North,2026-01-13,PLACED,4,143.91
129444,7,1029,192,North,2026-01-13,PLACED,3,149.8
129444,8,1029,214,North,2026-01-13,PLACED,7,200.44
129445,1,2947,168,South,2026-01-14,PLACED,5,347.85
129446,1,4933,231,Central,2026-01-13,PLACED,4,45.38
129446,2,4933,197,Central,2026-01-13,PLACED,2,275.29
129446,3,4933,170,Central,2026-01-13,PLACED,4,72.32
129447,1,4297,219,South,2026-01-14,PLACED,3,75.31
129448,1,2446,182,East,2026-01-14,PLACED,7,338.29
129449,1,12,233,Central,2026-01-14,PLACED,4,281.37
129450,1,932,48,South,2026-01-13,PLACED,3,138.71
129451,1,4959,291,West,2026-01-14,PLACED,8,7.08
129452,1,1300,170,Central,2026-01-14,PLACED,2,64.95
129453,1,4572,92,North,2026-01-14,PLACED,8,318.26
129454,1,225,156,West,2026-01-13,PLACED,4,119.98
129455,1,2616,203,South,2026-01-13,PLACED,6,386.53
129455,2,2616,277,South,2026-01-13,PLACED,2,59.0
129455,3,2616,29,South,2026-01-13,PLACED,8,400.6
129456,1,1635,22,Central,2026-01-14,PLACED,4,345.2
129456,2,1635,178,Central,2026-01-14,PLACED,4,222.72
129457,1,2628,66,East,2026-01-13,PLACED,8,365.36
129457,2,2628,113,East,2026-01-13,PLACED,1,257.02
129458,1,2389,146,East,2026-01-14,PLACED,10,112.52
129459,1,4022,49,South,2026-01-13,PLACED,3,313.82
129460,1,2163,255,Central,2026-01-14,PLACED,1,517.27
129461,1,1349,45,North,2026-01-13,PLACED,9,41.12
129462,1,2918,245,Central,2026-01-13,PLACED,5,108.72
129463,1,3659,164,East,2026-01-14,PLACED,2,441.89
129463,2,3659,226,East,2026-01-14,PLACED,10,270.17
129464,1,1286,35,North,2026-01-13,PLACED,4,209.32
129465,1,4070,110,Central,2026-01-14,PLACED,1,462.41
129465,2,4070,123,Central,2026-01-14,PLACED,5,374.54
129465,3,4070,194,Central,2026-01-14,PLACED,6,439.0
129465,4,4070,182,Central,2026-01-14,PLACED,7,332.63
129465,5,4070,64,Central,2026-01-14,PLACED,10,325.46
129465,6,4070,137,Central,2026-01-14,PLACED,5,39.98
129465,7,4070,130,Central,2026-01-14,PLACED,4,450.23
129465,8,4070,231,Central,2026-01-14,PLACED,7,40.24
129465,9,4070,228,Central,2026-01-14,PLACED,7,426.49
129466,1,4343,174,North,2026-01-14,PLACED,8,374.49
129467,1,3845,162,West,2026-01-13,PLACED,7,348.06
129468,1,2115,234,Central,2026-01-14,PLACED,7,339.06
129469,1,2228,122,West,2026-01-13,PLACED,7,256.33
129470,1,136,243,East,2026-01-13,PLACED,2,276.0
129471,1,3684,204,South,2026-01-14,PLACED,1,84.38
129472,1,1609,229,South,2026-01-14,PLACED,6,76.0
129472,2,1609,276,South,2026-01-14,PLACED,4,62.04
129473,1,81,169,North,2026-01-13,PLACED,7,116.82
129474,1,3200,64,West,2026-01-13,PLACED,1,365.41
129475,1,1085,223,West,2026-01-14,PLACED,3,247.59
129475,2,1085,35,West,2026-01-14,PLACED,8,184.75
129475,3,1085,275,West,2026-01-14,PLACED,4,69.13
129475,4,1085,39,West,2026-01-14,PLACED,10,420.63
129476,1,402,146,North,2026-01-13,PLACED,9,115.07
129476,2,402,294,North,2026-01-13,PLACED,2,131.03
129477,1,2892,4,North,2026-01-13,PLACED,5,120.36
129478,1,2630,299,West,2026-01-13,PLACED,7,46.46
129479,1,2989,8,South,2026-01-13,PLACED,5,52.49
129479,2,2989,181,South,2026-01-13,PLACED,6,339.7
129480,1,3995,202,East,2026-01-14,PLACED,7,422.56
129481,1,2477,88,Central,2026-01-13,PLACED,2,275.6
129482,1,542,49,West,2026-01-13,PLACED,7,330.39
129483,1,2415,21,North,2026-01-14,PLACED,9,423.12
129484,1,1775,77,South,2026-01-14,PLACED,6,503.28
129484,2,1775,72,South,2026-01-14,PLACED,5,515.79
129484,3,1775,8,South,2026-01-14,PLACED,1,46.37
129485,1,4144,63,North,2026-01-14,PLACED,4,262.6
129485,2,4144,287,North,2026-01-14,PLACED,9,408.16
129485,3,4144,67,North,2026-01-14,PLACED,8,107.78
129486,1,668,280,Central,2026-01-13,PLACED,9,312.62
129487,1,2208,175,Central,2026-01-13,PLACED,4,425.0
129488,1,4199,109,West,2026-01-14,PLACED,3,211.76
129488,2,4199,12,West,2026-01-14,PLACED,6,250.33
129489,1,4946,224,North,2026-01-14,PLACED,1,355.06
129490,1,1743,272,East,2026-01-13,PLACED,9,164.25
129490,2,1743,46,East,2026-01-13,PLACED,4,113.17
129490,3,1743,213,East,2026-01-13,PLACED,3,234.05
129490,4,1743,20,East,2026-01-13,PLACED,5,8.32
129491,1,4378,202,North,2026-01-14,PLACED,7,488.95
129492,1,1705,47,West,2026-01-13,PLACED,7,55.43
129493,1,3027,252,West,2026-01-13,PLACED,4,406.85
129494,1,2604,251,East,2026-01-13,PLACED,4,156.79
129495,1,4983,74,East,2026-01-14,PLACED,4,155.93
129495,2,4983,158,East,2026-01-14,PLACED,4,270.88
129495,3,4983,64,East,2026-01-14,PLACED,5,332.18
129495,4,4983,69,East,2026-01-14,PLACED,2,174.28
129495,5,4983,189,East,2026-01-14,PLACED,4,105.29
129495,6,4983,5,East,2026-01-14,PLACED,8,371.81
129496,1,3052,223,South,2026-01-14,PLACED,4,265.88
129497,1,771,100,Central,2026-01-14,PLACED,8,449.09
129497,2,771,133,Central,2026-01-14,PLACED,7,422.2
129498,1,3064,164,East,2026-01-14,PLACED,3,423.4
129499,1,3203,225,East,2026-01-13,PLACED,2,30.75
129500,1,961,75,North,2026-01-14,PLACED,10,312.79
129501,1,4902,215,East,2026-01-13,PLACED,10,497.48
129502,1,3682,217,South,2026-01-14,PLACED,10,257.13
129503,1,4822,117,Central,2026-01-14,PLACED,9,156.7
129504,1,3247,87,West,2026-01-13,PLACED,10,527.92
129505,1,4072,109,North,2026-01-13,PLACED,8,223.87
129506,1,4146,213,Central,2026-01-13,PLACED,7,242.29
129506,2,4146,196,Central,2026-01-13,PLACED,1,412.42
129507,1,4650,56,North,2026-01-13,PLACED,8,311.85
129508,1,4543,31,Central,2026-01-14,PLACED,4,436.98
129508,2,4543,295,Central,2026-01-14,PLACED,5,380.55
129509,1,560,108,North,2026-01-14,PLACED,9,207.71
129509,2,560,104,North,2026-01-14,PLACED,9,252.09
129509,3,560,74,North,2026-01-14,PLACED,9,175.48
129509,4,560,26,North,2026-01-14,PLACED,2,166.51
129510,1,3136,255,North,2026-01-14,PLACED,2,545.78
129510,2,3136,192,North,2026-01-14,PLACED,8,151.19
129511,1,1332,290,North,2026-01-13,PLACED,7,136.68
129512,1,1949,226,East,2026-01-14,PLACED,8,303.07
129513,1,83,117,North,2026-01-14,PLACED,1,163.16
129514,1,2310,185,Central,2026-01-14,PLACED,1,216.0
129515,1,1311,226,Central,2026-01-14,PLACED,4,283.03
129516,1,2932,145,North,2026-01-13,PLACED,9,201.72
129516,2,2932,229,North,2026-01-13,PLACED,6,85.83
129517,1,697,246,North,2026-01-14,PLACED,8,339.12
129518,1,4482,101,South,2026-01-14,PLACED,6,10.83
129519,1,1362,246,North,2026-01-14,PLACED,3,338.71
129519,2,1362,99,North,2026-01-14,PLACED,8,524.93
129520,1,4300,171,South,2026-01-13,PLACED,10,513.16
129521,1,4925,134,North,2026-01-13,PLACED,6,491.7
129521,2,4925,13,North,2026-01-13,PLACED,2,19.85
129521,3,4925,44,North,2026-01-13,PLACED,10,151.9
129521,4,4925,49,North,2026-01-13,PLACED,4,309.22
129521,5,4925,151,North,2026-01-13,PLACED,7,455.57
129522,1,1756,132,North,2026-01-14,PLACED,9,33.14
129522,2,1756,216,North,2026-01-14,PLACED,5,457.32
129523,1,1529,93,North,2026-01-14,PLACED,7,367.57
129524,1,759,202,East,2026-01-13,PLACED,3,487.93
129525,1,3809,58,Central,2026-01-14,PLACED,9,357.93
129525,2,3809,13,Central,2026-01-14,PLACED,9,19.2
129525,3,3809,181,Central,2026-01-14,PLACED,7,352.38
129525,4,3809,210,Central,2026-01-14,PLACED,7,480.28
129525,5,3809,211,Central,2026-01-14,PLACED,4,138.96
129525,6,3809,215,Central,2026-01-14,PLACED,10,494.73
129525,7,3809,177,Central,2026-01-14,PLACED,10,48.14
129525,8,3809,138,Central,2026-01-14,PLACED,1,414.72
129525,9,3809,115,Central,2026-01-14,PLACED,1,447.92
129525,10,3809,192,Central,2026-01-14,PLACED,6,137.96
129526,1,3404,242,Central,2026-01-14,PLACED,5,287.76
129527,1,219,52,West,2026-01-14,PLACED,2,107.09
129528,1,248,296,North,2026-01-14,PLACED,8,283.7
129529,1,3083,71,East,2026-01-14,PLACED,2,100.62
129529,2,3083,73,East,2026-01-14,PLACED,4,476.94
129530,1,2038,120,East,2026-01-13,PLACED,6,85.96
129531,1,3271,116,North,2026-01-14,PLACED,3,462.52
129532,1,3419,290,East,2026-01-13,PLACED,9,130.12
129533,1,3633,164,South,2026-01-14,PLACED,3,460.74
129534,1,4398,120,West,2026-01-14,PLACED,9,74.68
129535,1,2486,9,South,2026-01-14,PLACED,6,218.93
129535,2,2486,191,South,2026-01-14,PLACED,9,193.39
129536,1,795,203,East,2026-01-13,PLACED,7,426.58
129537,1,4700,129,East,2026-01-13,PLACED,9,434.66
129537,2,4700,261,East,2026-01-13,PLACED,5,464.77
129537,3,4700,218,East,2026-01-13,PLACED,3,332.36
129537,4,4700,35,East,2026-01-13,PLACED,7,199.08
129537,5,4700,157,East,2026-01-13,PLACED,1,160.67
129538,1,940,55,West,2026-01-14,PLACED,8,344.52
129539,1,1233,60,South,2026-01-14,PLACED,3,191.3
129540,1,466,17,Central,2026-01-13,PLACED,8,117.47
129540,2,466,24,Central,2026-01-13,PLACED,8,89.62
129541,1,1108,213,South,2026-01-14,PLACED,8,245.09
129542,1,4694,239,East,2026-01-13,PLACED,7,290.69
129543,1,3508,122,East,2026-01-14,PLACED,7,287.33
129544,1,505,241,East,2026-01-13,PLACED,1,210.63
129545,1,2541,206,North,2026-01-13,PLACED,2,108.57
129546,1,3996,147,East,2026-01-14,PLACED,2,280.98
129547,1,4567,42,South,2026-01-13,PLACED,2,28.94
129548,1,3295,232,East,2026-01-14,PLACED,9,101.27
129548,2,3295,26,East,2026-01-14,PLACED,6,162.18
129548,3,3295,267,East,2026-01-14,PLACED,8,281.03
129549,1,3546,217,Central,2026-01-13,PLACED,4,298.94
129550,1,2252,37,Central,2026-01-13,PLACED,1,384.59
129551,1,1517,120,West,2026-01-13,PLACED,8,84.49
129552,1,512,85,North,2026-01-13,PLACED,9,188.78
129552,2,512,132,North,2026-01-13,PLACED,10,30.8
129553,1,3233,265,North,2026-01-13,PLACED,9,431.06
129553,2,3233,189,North,2026-01-13,PLACED,10,102.24
129554,1,50,201,East,2026-01-13,PLACED,7,450.88
129555,1,3111,283,East,2026-01-13,PLACED,4,335.14
129556,1,990,286,South,2026-01-14,PLACED,1,490.99
129556,2,990,150,South,2026-01-14,PLACED,3,167.08
129557,1,1958,107,North,2026-01-13,PLACED,8,63.35
129558,1,4159,158,Central,2026-01-13,PLACED,3,324.9
129559,1,287,233,East,2026-01-14,PLACED,2,276.5
129560,1,247,264,Central,2026-01-13,PLACED,1,89.61
129561,1,2852,166,Central,2026-01-13,PLACED,3,42.33
129562,1,3578,82,South,2026-01-13,PLACED,9,121.83
129563,1,4185,169,Central,2026-01-13,PLACED,3,110.74
129563,2,4185,222,Central,2026-01-13,PLACED,8,271.95
129563,3,4185,175,Central,2026-01-13,PLACED,9,390.17
129563,4,4185,193,Central,2026-01-13,PLACED,10,124.38
129564,1,1575,125,South,2026-01-14,PLACED,10,5.68
129565,1,1509,112,Central,2026-01-13,PLACED,5,136.27
129566,1,4754,277,South,2026-01-13,PLACED,4,59.43
129566,2,4754,229,South,2026-01-13,PLACED,1,82.32
129566,3,4754,102,South,2026-01-13,PLACED,7,337.98
129567,1,3197,282,East,2026-01-13,PLACED,6,103.89
129568,1,3404,170,East,2026-01-13,PLACED,2,70.75
129569,1,3930,252,Central,2026-01-14,PLACED,9,412.92
129570,1,2360,209,North,2026-01-13,PLACED,7,177.44
129571,1,1332,253,South,2026-01-13,PLACED,8,41.28
129572,1,3922,114,South,2026-01-14,PLACED,5,85.28
129573,1,3293,277,West,2026-01-13,PLACED,4,58.69
129574,1,1011,49,West,2026-01-13,PLACED,10,322.84
129575,1,4690,56,South,2026-01-13,PLACED,5,303.58
129576,1,4247,297,East,2026-01-14,PLACED,8,214.12
129577,1,88,31,West,2026-01-14,PLACED,1,404.61
129578,1,604,219,East,2026-01-14,PLACED,8,79.35
129579,1,2583,221,North,2026-01-13,PLACED,9,487.9
129580,1,1054,142,Central,2026-01-14,PLACED,7,267.49
129581,1,6,17,South,2026-01-14,PLACED,9,118.63
129582,1,869,128,South,2026-01-13,PLACED,5,504.17
129583,1,1577,254,West,2026-01-13,PLACED,2,211.51
129584,1,1443,35,Central,2026-01-14,PLACED,4,184.86
129585,1,4840,87,Central,2026-01-14,PLACED,9,483.65
129585,2,4840,142,Central,2026-01-14,PLACED,6,290.81
129586,1,2368,183,North,2026-01-13,PLACED,5,452.52
129587,1,1064,214,Central,2026-01-13,PLACED,1,232.02
129587,2,1064,22,Central,2026-01-13,PLACED,6,357.59
129588,1,2966,165,West,2026-01-13,PLACED,2,397.62
129588,2,2966,133,West,2026-01-13,PLACED,2,444.5
129589,1,174,290,Central,2026-01-13,PLACED,3,154.66
129590,1,2257,49,West,2026-01-14,PLACED,7,347.53
129591,1,2558,96,Central,2026-01-14,PLACED,10,209.76
129592,1,1454,228,West,2026-01-13,PLACED,6,441.41
129593,1,1534,285,East,2026-01-13,PLACED,6,258.08
129594,1,922,200,West,2026-01-14,PLACED,8,432.72
129594,2,922,243,West,2026-01-14,PLACED,9,274.87
129595,1,3174,268,Central,2026-01-13,PLACED,2,476.21
129596,1,1216,272,West,2026-01-13,PLACED,2,138.57
129597,1,2152,128,South,2026-01-13,PLACED,4,452.56
129597,2,2152,13,South,2026-01-13,PLACED,3,19.34
129598,1,2952,99,South,2026-01-13,PLACED,4,492.29
129599,1,3,26,South,2026-01-13,PLACED,10,177.59
129600,1,3627,195,Central,2026-01-13,PLACED,1,210.18
129601,1,490,88,South,2026-01-13,PLACED,6,258.61
129602,1,2791,54,Central,2026-01-14,PLACED,8,467.07
129603,1,546,80,West,2026-01-14,PLACED,4,115.35
129604,1,1093,232,South,2026-01-13,PLACED,3,96.54
129604,2,1093,113,South,2026-01-13,PLACED,10,238.66
129604,3,1093,215,South,2026-01-13,PLACED,1,472.62
129605,1,3270,223,North,2026-01-14,PLACED,9,289.62
129606,1,4418,41,South,2026-01-13,PLACED,8,366.43
129607,1,2467,249,North,2026-01-13,PLACED,3,352.05
129607,2,2467,283,North,2026-01-13,PLACED,1,341.92
129608,1,1342,216,Central,2026-01-14,PLACED,4,512.69
129609,1,1301,127,Central,2026-01-14,PLACED,7,13.91
129609,2,1301,196,Central,2026-01-14,PLACED,6,401.29
129609,3,1301,266,Central,2026-01-14,PLACED,1,358.13
129609,4,1301,132,Central,2026-01-14,PLACED,7,33.29
129610,1,2954,231,Central,2026-01-13,PLACED,8,47.95
129610,2,2954,83,Central,2026-01-13,PLACED,8,318.28
129610,3,2954,185,Central,2026-01-13,PLACED,1,198.52
129610,4,2954,23,Central,2026-01-13,PLACED,2,175.42
129610,5,2954,74,Central,2026-01-13,PLACED,9,166.81
129610,6,2954,163,Central,2026-01-13,PLACED,1,109.19
129610,7,2954,173,Central,2026-01-13,PLACED,3,245.92
129610,8,2954,245,Central,2026-01-13,PLACED,2,108.98
129610,9,2954,123,Central,2026-01-13,PLACED,8,409.34
129610,10,2954,59,Central,2026-01-13,PLACED,6,88.85
129611,1,3212,88,North,2026-01-14,PLACED,7,237.13
129612,1,1568,146,East,2026-01-13,PLACED,5,105.7
129613,1,2745,112,Central,2026-01-13,PLACED,9,143.86
129614,1,1742,169,South,2026-01-14,PLACED,7,106.34
129614,2,1742,75,South,2026-01-14,PLACED,1,303.39
129614,3,1742,208,South,2026-01-14,PLACED,7,32.24
129615,1,2367,207,West,2026-01-13,PLACED,10,219.61
129616,1,4994,233,West,2026-01-13,PLACED,7,288.45
129616,2,4994,155,West,2026-01-13,PLACED,9,60.66
129616,3,4994,279,West,2026-01-13,PLACED,9,134.99
129616,4,4994,147,West,2026-01-13,PLACED,3,271.86
129616,5,4994,189,West,2026-01-13,PLACED,7,96.26
129617,1,1513,42,Central,2026-01-14,PLACED,8,26.93
129618,1,2887,234,East,2026-01-14,PLACED,4,313.84
129619,1,1240,24,North,2026-01-14,PLACED,2,87.82
129620,1,3441,6,South,2026-01-13,PLACED,7,338.68
129621,1,81,41,South,2026-01-14,PLACED,4,346.46
129622,1,4403,96,North,2026-01-13,PLACED,4,196.4
129623,1,4768,59,South,2026-01-14,PLACED,2,85.61
129623,2,4768,50,South,2026-01-14,PLACED,7,173.37
129623,3,4768,110,South,2026-01-14,PLACED,10,451.16
129623,4,4768,85,South,2026-01-14,PLACED,9,211.95
129623,5,4768,233,South,2026-01-14,PLACED,5,320.45
129624,1,967,189,Central,2026-01-14,PLACED,8,106.12
129624,2,967,75,Central,2026-01-14,PLACED,5,313.21
129625,1,1938,261,North,2026-01-13,PLACED,7,465.0
129625,2,1938,77,North,2026-01-13,PLACED,10,494.53
129625,3,1938,85,North,2026-01-13,PLACED,8,190.89
129625,4,1938,37,North,2026-01-13,PLACED,5,404.08
129626,1,3772,267,South,2026-01-14,PLACED,2,285.09
129627,1,1799,205,East,2026-01-14,PLACED,3,246.01
129628,1,2306,72,West,2026-01-13,PLACED,6,434.78
129629,1,1766,183,South,2026-01-14,PLACED,1,465.57
129630,1,2514,198,Central,2026-01-14,PLACED,10,31.22
129631,1,1413,51,North,2026-01-14,PLACED,1,184.46
129632,1,1315,51,West,2026-01-13,PLACED,8,202.85
129633,1,3568,221,Central,2026-01-13,PLACED,7,530.5
129633,2,3568,278,Central,2026-01-13,PLACED,2,297.0
129634,1,2013,144,South,2026-01-13,PLACED,4,424.47
129635,1,1532,237,North,2026-01-14,PLACED,9,404.71
129636,1,3816,202,South,2026-01-14,PLACED,1,432.12
129637,1,1241,69,South,2026-01-13,PLACED,4,145.27
129637,2,1241,55,South,2026-01-13,PLACED,6,310.4
129638,1,3199,114,North,2026-01-14,PLACED,2,92.8
129639,1,1596,270,North,2026-01-13,PLACED,6,8.04
129640,1,244,42,South,2026-01-13,PLACED,2,29.05
129641,1,1723,155,South,2026-01-14,PLACED,5,60.71
129641,2,1723,69,South,2026-01-14,PLACED,6,159.53
129642,1,4057,91,West,2026-01-13,PLACED,2,60.8
129643,1,23,41,Central,2026-01-14,PLACED,1,325.06
129643,2,23,197,Central,2026-01-14,PLACED,9,283.4
129644,1,589,133,Central,2026-01-13,PLACED,4,431.27
129644,2,589,18,Central,2026-01-13,PLACED,8,287.98
129644,3,589,290,Central,2026-01-13,PLACED,8,148.33
129644,4,589,219,Central,2026-01-13,PLACED,5,73.48
129645,1,1759,198,West,2026-01-13,PLACED,8,28.64
129646,1,4593,245,North,2026-01-13,PLACED,4,108.15
129647,1,1405,175,North,2026-01-13,PLACED,6,410.75
129647,2,1405,10,North,2026-01-13,PLACED,2,20.53
129647,3,1405,189,North,2026-01-13,PLACED,8,91.93
129648,1,4000,1,South,2026-01-14,PLACED,6,314.72
129649,1,2497,176,Central,2026-01-13,PLACED,8,100.27
129650,1,1670,125,Central,2026-01-14,PLACED,2,4.93
129650,2,1670,87,Central,2026-01-14,PLACED,6,464.33
129650,3,1670,54,Central,2026-01-14,PLACED,2,447.8
129650,4,1670,24,Central,2026-01-14,PLACED,1,88.15
129650,5,1670,196,Central,2026-01-14,PLACED,3,444.93
129650,6,1670,116,Central,2026-01-14,PLACED,10,426.28
129651,1,4687,249,Central,2026-01-13,PLACED,7,327.38
129651,2,4687,254,Central,2026-01-13,PLACED,9,235.01
129652,1,460,232,North,2026-01-14,PLACED,1,87.99
129653,1,895,244,West,2026-01-14,PLACED,5,456.95
129654,1,2085,160,North,2026-01-14,PLACED,3,105.64
129654,2,2085,181,North,2026-01-14,PLACED,3,355.59
129655,1,2018,188,Central,2026-01-14,PLACED,9,136.91
129656,1,909,194,North,2026-01-14,PLACED,3,493.13
129657,1,4767,123,East,2026-01-14,PLACED,8,405.91
129658,1,3693,206,North,2026-01-13,PLACED,4,105.09
129659,1,3379,139,West,2026-01-14,PLACED,1,380.22
129660,1,4699,64,Central,2026-01-14,PLACED,5,369.53
129661,1,1620,191,East,2026-01-13,PLACED,1,222.78
129661,2,1620,113,East,2026-01-13,PLACED,1,267.44
129661,3,1620,141,East,2026-01-13,PLACED,10,249.63
129661,4,1620,54,East,2026-01-13,PLACED,4,432.24
129662,1,43,119,North,2026-01-13,PLACED,7,307.09
129663,1,4126,37,North,2026-01-13,PLACED,8,406.44
129664,1,3629,59,West,2026-01-13,PLACED,4,80.47
129665,1,4473,138,South,2026-01-13,PLACED,5,345.21
129666,1,4891,74,Central,2026-01-13,PLACED,7,158.86
129666,2,4891,68,Central,2026-01-13,PLACED,6,22.64
129667,1,2266,289,Central,2026-01-14,PLACED,1,203.64
129667,2,2266,60,Central,2026-01-14,PLACED,10,173.9
129667,3,2266,199,Central,2026-01-14,PLACED,3,510.78
129668,1,3612,36,North,2026-01-13,PLACED,3,272.94
129668,2,3612,250,North,2026-01-13,PLACED,3,144.49
129668,3,3612,153,North,2026-01-13,PLACED,4,241.09
129669,1,2201,230,West,2026-01-13,PLACED,7,477.51
129670,1,4662,188,South,2026-01-13,PLACED,3,121.11
129670,2,4662,253,South,2026-01-13,PLACED,2,42.12
129670,3,4662,78,South,2026-01-13,PLACED,3,251.09
129670,4,4662,150,South,2026-01-13,PLACED,8,147.48
129670,5,4662,76,South,2026-01-13,PLACED,10,192.47
129670,6,4662,227,South,2026-01-13,PLACED,9,267.67
129670,7,4662,116,South,2026-01-13,PLACED,8,433.17
129671,1,2680,35,South,2026-01-13,PLACED,10,193.16
129671,2,2680,115,South,2026-01-13,PLACED,3,432.89
129672,1,440,61,West,2026-01-13,PLACED,2,455.78
129673,1,692,186,North,2026-01-13,PLACED,6,175.52
129674,1,1653,14,East,2026-01-14,PLACED,9,102.2
129675,1,142,83,South,2026-01-14,PLACED,2,267.76
129676,1,350,232,North,2026-01-14,PLACED,10,94.92
129677,1,4819,71,West,2026-01-14,PLACED,10,110.9
129678,1,3851,17,West,2026-01-13,PLACED,6,119.6
129679,1,488,250,East,2026-01-13,PLACED,10,157.9
129680,1,372,274,North,2026-01-13,PLACED,2,447.03
129681,1,4372,167,West,2026-01-14,PLACED,5,123.73
129681,2,4372,256,West,2026-01-14,PLACED,5,464.14
129682,1,3603,272,South,2026-01-13,PLACED,8,161.29
129682,2,3603,197,South,2026-01-13,PLACED,5,291.69
129682,3,3603,90,South,2026-01-13,PLACED,2,30.88
129682,4,3603,139,South,2026-01-13,PLACED,8,350.23
129682,5,3603,139,South,2026-01-13,PLACED,4,380.65
129683,1,4181,238,East,2026-01-14,PLACED,2,117.79
129684,1,4538,233,North,2026-01-14,PLACED,5,320.71
129684,2,4538,113,North,2026-01-14,PLACED,8,249.87
129684,3,4538,62,North,2026-01-14,PLACED,8,312.58
129684,4,4538,123,North,2026-01-14,PLACED,9,418.57
129684,5,4538,254,North,2026-01-14,PLACED,3,237.38
129684,6,4538,18,North,2026-01-14,PLACED,5,279.66
129684,7,4538,43,North,2026-01-14,PLACED,5,127.93
129685,1,1678,292,Central,2026-01-14,PLACED,9,394.88
129686,1,4873,133,North,2026-01-13,PLACED,7,414.13
129687,1,4258,161,North,2026-01-14,PLACED,6,38.92
129688,1,1883,170,West,2026-01-13,PLACED,1,63.91
129689,1,2076,81,North,2026-01-13,PLACED,3,277.84
129690,1,302,179,South,2026-01-14,PLACED,2,200.26
129690,2,302,88,South,2026-01-14,PLACED,6,249.94
129690,3,302,221,South,2026-01-14,PLACED,9,457.85
129690,4,302,190,South,2026-01-14,PLACED,2,222.65
129691,1,2336,286,West,2026-01-14,PLACED,8,416.49
129692,1,2510,192,West,2026-01-13,PLACED,8,138.33
129693,1,1323,216,West,2026-01-14,PLACED,5,466.67
129693,2,1323,269,West,2026-01-14,PLACED,2,345.49
129694,1,405,64,Central,2026-01-13,PLACED,4,352.83
129694,2,405,257,Central,2026-01-13,PLACED,8,40.9
129694,3,405,143,Central,2026-01-13,PLACED,1,133.88
129694,4,405,121,Central,2026-01-13,PLACED,10,402.22
129695,1,3157,150,East,2026-01-14,PLACED,7,168.31
129696,1,4968,124,Central,2026-01-13,PLACED,8,277.57
129697,1,3673,273,East,2026-01-13,PLACED,6,312.47
129698,1,1070,46,South,2026-01-14,PLACED,1,121.56
129699,1,4839,135,South,2026-01-14,PLACED,3,43.89
129700,1,2672,103,North,2026-01-14,PLACED,8,334.8
129701,1,2858,254,East,2026-01-14,PLACED,4,213.29
129701,2,2858,89,East,2026-01-14,PLACED,7,45.63
129701,3,2858,268,East,2026-01-14,PLACED,7,482.26
129702,1,738,195,West,2026-01-14,PLACED,2,222.32
129703,1,3936,236,North,2026-01-13,PLACED,10,59.81
129704,1,968,137,Central,2026-01-14,PLACED,2,41.55
129705,1,1582,166,Central,2026-01-14,PLACED,7,42.6
129706,1,3074,27,East,2026-01-14,PLACED,3,54.23
129707,1,469,70,Central,2026-01-13,PLACED,5,133.98
129708,1,1036,133,Central,2026-01-13,PLACED,3,427.62
129709,1,2114,83,South,2026-01-14,PLACED,10,287.38
129710,1,3616,36,Central,2026-01-14,PLACED,10,304.08
129711,1,2606,73,Central,2026-01-13,PLACED,3,449.27
129712,1,123,149,West,2026-01-14,PLACED,2,105.79
129713,1,1462,162,South,2026-01-14,PLACED,7,343.35
129714,1,916,183,West,2026-01-14,PLACED,7,465.02
129714,2,916,192,West,2026-01-14,PLACED,5,140.16
129715,1,3377,217,Central,2026-01-13,PLACED,3,304.92
129716,1,2744,105,North,2026-01-13,PLACED,8,126.82
129717,1,1469,189,South,2026-01-14,PLACED,2,90.76
129718,1,4832,7,North,2026-01-14,PLACED,9,490.67
129719,1,4748,269,South,2026-01-14,PLACED,6,333.69
129720,1,3627,69,South,2026-01-14,PLACED,9,158.0
129720,2,3627,86,South,2026-01-14,PLACED,3,117.36
129721,1,865,146,Central,2026-01-13,PLACED,10,118.13
129722,1,816,140,Central,2026-01-14,PLACED,10,62.25
129723,1,4555,262,North,2026-01-13,PLACED,7,429.0
129724,1,1017,27,West,2026-01-14,PLACED,8,49.1
129725,1,3699,216,East,2026-01-13,PLACED,3,506.77
129726,1,4572,47,Central,2026-01-13,PLACED,8,54.53
129727,1,3568,10,South,2026-01-14,PLACED,5,19.08
129728,1,1171,114,Central,2026-01-14,PLACED,5,96.9
129729,1,3132,112,East,2026-01-13,PLACED,4,126.72
129730,1,3321,267,North,2026-01-14,PLACED,7,281.4
129731,1,163,103,West,2026-01-14,PLACED,10,328.48
129731,2,163,100,West,2026-01-14,PLACED,8,409.99
129731,3,163,59,West,2026-01-14,PLACED,7,86.41
129731,4,163,15,West,2026-01-14,PLACED,9,329.87
129732,1,629,133,Central,2026-01-14,PLACED,8,424.81
129733,1,3462,213,West,2026-01-14,PLACED,2,249.66
129734,1,931,165,South,2026-01-13,PLACED,2,420.36
129734,2,931,5,South,2026-01-13,PLACED,9,368.54
129735,1,2439,287,North,2026-01-14,PLACED,7,416.0
129736,1,826,195,Central,2026-01-13,PLACED,6,226.71
129736,2,826,54,Central,2026-01-13,PLACED,10,456.93
129737,1,2140,254,North,2026-01-14,PLACED,4,247.52
129737,2,2140,239,North,2026-01-14,PLACED,2,291.3
129738,1,2791,258,West,2026-01-13,PLACED,3,120.01
129739,1,3381,258,South,2026-01-14,PLACED,9,116.84
129740,1,4354,109,South,2026-01-13,PLACED,8,244.47
129741,1,2448,153,South,2026-01-14,PLACED,6,215.98
129742,1,1886,154,South,2026-01-14,PLACED,9,264.59
129742,2,1886,47,South,2026-01-14,PLACED,4,51.58
129742,3,1886,148,South,2026-01-14,PLACED,2,338.23
129742,4,1886,135,South,2026-01-14,PLACED,4,46.26
129743,1,3355,210,North,2026-01-13,PLACED,7,458.13
129744,1,1840,199,West,2026-01-13,PLACED,8,502.64
129745,1,787,290,Central,2026-01-13,PLACED,10,144.89
129746,1,4627,125,East,2026-01-14,PLACED,4,4.82
129746,2,4627,275,East,2026-01-14,PLACED,2,64.52
129747,1,164,272,North,2026-01-13,PLACED,7,164.7
129747,2,164,249,North,2026-01-13,PLACED,1,348.34
129747,3,164,187,North,2026-01-13,PLACED,10,393.48
129748,1,4296,24,North,2026-01-14,PLACED,7,82.64
129749,1,2053,299,South,2026-01-14,PLACED,4,38.64
129750,1,4096,76,South,2026-01-14,PLACED,7,183.47
129751,1,4903,154,West,2026-01-14,PLACED,2,276.14
129751,2,4903,243,West,2026-01-14,PLACED,10,288.95
129752,1,2065,290,South,2026-01-14,PLACED,2,139.25
129753,1,3913,206,West,2026-01-14,PLACED,8,104.82
129753,2,3913,237,West,2026-01-14,PLACED,7,409.29
129753,3,3913,42,West,2026-01-14,PLACED,4,26.04
129753,4,3913,92,West,2026-01-14,PLACED,2,314.39
129754,1,4014,49,West,2026-01-14,PLACED,4,319.2
129754,2,4014,212,West,2026-01-14,PLACED,5,404.21
129755,1,1341,20,Central,2026-01-13,PLACED,10,8.33
129755,2,1341,122,Central,2026-01-13,PLACED,2,251.0
129756,1,418,191,North,2026-01-14,PLACED,9,230.07
129756,2,418,180,North,2026-01-14,PLACED,5,220.64
129756,3,418,18,North,2026-01-14,PLACED,1,274.63
129756,4,418,77,North,2026-01-14,PLACED,10,435.21
129756,5,418,187,North,2026-01-14,PLACED,1,424.15
129756,6,418,27,North,2026-01-14,PLACED,5,55.89
129757,1,3889,115,Central,2026-01-14,PLACED,8,422.2
129758,1,3530,182,West,2026-01-14,PLACED,6,306.79
129759,1,149,35,East,2026-01-13,PLACED,7,185.7
129760,1,891,155,East,2026-01-13,PLACED,3,58.69
129761,1,1252,26,South,2026-01-14,PLACED,6,166.78
129761,2,1252,172,South,2026-01-14,PLACED,4,303.34
129761,3,1252,85,South,2026-01-14,PLACED,1,192.63
129761,4,1252,4,South,2026-01-14,PLACED,6,125.03
129761,5,1252,9,South,2026-01-14,PLACED,3,201.4
129761,6,1252,147,South,2026-01-14,PLACED,4,258.68
129761,7,1252,93,South,2026-01-14,PLACED,1,357.77
129762,1,269,269,West,2026-01-14,PLACED,7,321.18
129763,1,1632,294,North,2026-01-14,PLACED,10,121.77
129764,1,376,167,East,2026-01-14,PLACED,8,132.9
129764,2,376,137,East,2026-01-14,PLACED,9,39.92
129765,1,3395,278,Central,2026-01-13,PLACED,7,293.67
129766,1,2954,49,South,2026-01-13,PLACED,4,306.96
129767,1,4721,97,South,2026-01-13,PLACED,2,486.26
129767,2,4721,295,South,2026-01-13,PLACED,10,371.06
129768,1,3192,134,Central,2026-01-14,PLACED,2,499.42
129769,1,378,61,Central,2026-01-13,PLACED,10,460.92
129770,1,2520,259,North,2026-01-13,PLACED,3,126.13
129770,2,2520,298,North,2026-01-13,PLACED,5,10.32
129770,3,2520,69,North,2026-01-13,PLACED,2,160.06
129770,4,2520,97,North,2026-01-13,PLACED,7,520.52
129770,5,2520,134,North,2026-01-13,PLACED,4,463.53
129771,1,956,266,South,2026-01-14,PLACED,2,321.17
129772,1,3034,57,South,2026-01-14,PLACED,4,86.47
129773,1,4494,16,South,2026-01-13,PLACED,6,296.91
129774,1,4053,190,West,2026-01-14,PLACED,2,220.26
129774,2,4053,15,West,2026-01-14,PLACED,7,351.95
129774,3,4053,76,West,2026-01-14,PLACED,2,203.07
129775,1,981,103,East,2026-01-13,PLACED,1,359.22
129776,1,2706,277,East,2026-01-14,PLACED,4,58.97
129777,1,1175,77,North,2026-01-14,PLACED,1,482.37
129778,1,4064,242,Central,2026-01-13,PLACED,10,317.47
129778,2,4064,172,Central,2026-01-13,PLACED,8,302.1
129778,3,4064,104,Central,2026-01-13,PLACED,2,254.32
129779,1,1237,156,Central,2026-01-14,PLACED,3,120.14
129779,2,1237,103,Central,2026-01-14,PLACED,7,374.52
129779,3,1237,151,Central,2026-01-14,PLACED,6,517.58
129779,4,1237,244,Central,2026-01-14,PLACED,10,449.19
129779,5,1237,233,Central,2026-01-14,PLACED,3,310.87
129780,1,1664,297,East,2026-01-14,PLACED,3,210.34
129781,1,4582,117,East,2026-01-14,PLACED,4,145.98
129782,1,4375,185,South,2026-01-13,PLACED,1,214.25
129783,1,3927,175,Central,2026-01-14,PLACED,7,368.17
129784,1,1498,267,Central,2026-01-14,PLACED,6,326.56
129785,1,782,196,East,2026-01-13,PLACED,4,428.66
129786,1,719,111,Central,2026-01-14,PLACED,6,397.46
129786,2,719,164,Central,2026-01-14,PLACED,9,470.94
129786,3,719,116,Central,2026-01-14,PLACED,3,416.55
129786,4,719,164,Central,2026-01-14,PLACED,3,424.65
129786,5,719,89,Central,2026-01-14,PLACED,2,50.64
129786,6,719,182,Central,2026-01-14,PLACED,5,339.98
129786,7,719,241,Central,2026-01-14,PLACED,1,194.21
129786,8,719,52,Central,2026-01-14,PLACED,1,104.05
129787,1,1694,208,South,2026-01-13,PLACED,9,31.01
129787,2,1694,162,South,2026-01-13,PLACED,2,319.88
129788,1,2061,118,South,2026-01-14,PLACED,9,332.32
129789,1,882,31,East,2026-01-14,PLACED,6,435.78
129790,1,2416,45,North,2026-01-13,PLACED,3,40.36
129791,1,2859,213,North,2026-01-14,PLACED,4,242.86
129792,1,2246,21,South,2026-01-13,PLACED,8,395.19
129793,1,4776,191,East,2026-01-14,PLACED,3,223.25
129794,1,4978,281,South,2026-01-14,PLACED,8,341.83
129795,1,688,119,West,2026-01-14,PLACED,1,312.98
129795,2,688,56,West,2026-01-14,PLACED,6,330.11
129796,1,4244,207,West,2026-01-14,PLACED,7,193.44
129797,1,4542,212,East,2026-01-14,PLACED,6,385.26
129798,1,167,287,South,2026-01-14,PLACED,2,462.6
129799,1,990,115,West,2026-01-13,PLACED,5,436.29
129800,1,3530,29,North,2026-01-13,PLACED,10,405.24
129801,1,3994,204,East,2026-01-14,PLACED,4,88.23
129802,1,2394,251,South,2026-01-13,PLACED,9,158.73
129803,1,3228,54,North,2026-01-13,PLACED,3,435.53
129804,1,4734,150,East,2026-01-13,PLACED,4,163.76
129804,2,4734,66,East,2026-01-13,PLACED,3,408.31
129804,3,4734,83,East,2026-01-13,PLACED,2,287.06
129804,4,4734,140,East,2026-01-13,PLACED,10,69.01
129804,5,4734,181,East,2026-01-13,PLACED,6,348.04
129804,6,4734,238,East,2026-01-13,PLACED,4,138.23
129804,7,4734,141,East,2026-01-13,PLACED,10,216.93
129804,8,4734,217,East,2026-01-13,PLACED,2,274.85
129804,9,4734,70,East,2026-01-13,PLACED,8,126.05
129804,10,4734,191,East,2026-01-13,PLACED,8,233.02
129805,1,3649,21,South,2026-01-13,PLACED,10,383.27
129806,1,4186,293,East,2026-01-14,PLACED,1,339.52
129806,2,4186,101,East,2026-01-14,PLACED,1,11.03
129807,1,2055,15,West,2026-01-13,PLACED,5,297.98
129808,1,3239,285,North,2026-01-13,PLACED,6,223.35
129808,2,3239,27,North,2026-01-13,PLACED,2,49.03
129808,3,3239,151,North,2026-01-13,PLACED,8,491.74
129808,4,3239,256,North,2026-01-13,PLACED,2,523.8
129808,5,3239,25,North,2026-01-13,PLACED,3,478.49
129809,1,3351,118,Central,2026-01-14,PLACED,3,300.5
129810,1,2420,105,East,2026-01-14,PLACED,4,130.82
129811,1,1012,285,South,2026-01-13,PLACED,7,252.97
129812,1,1993,191,South,2026-01-14,PLACED,2,219.56
129813,1,3360,152,North,2026-01-13,PLACED,1,326.54
129814,1,2509,98,West,2026-01-13,PLACED,8,276.09
129815,1,543,216,South,2026-01-14,PLACED,8,529.1
129816,1,4968,160,West,2026-01-14,PLACED,10,107.83
129817,1,1107,104,South,2026-01-13,PLACED,4,275.3
129818,1,3966,281,North,2026-01-14,PLACED,4,331.44
129819,1,372,20,North,2026-01-13,PLACED,3,8.99
129820,1,3230,201,Central,2026-01-14,PLACED,4,461.53
129820,2,3230,114,Central,2026-01-14,PLACED,5,95.08
129820,3,3230,271,Central,2026-01-14,PLACED,1,372.95
129821,1,3490,205,West,2026-01-13,PLACED,7,247.78
129822,1,1150,113,West,2026-01-14,PLACED,4,241.56
129823,1,282,168,West,2026-01-13,PLACED,6,329.05
129824,1,1754,183,East,2026-01-13,PLACED,2,538.1
129825,1,2794,208,North,2026-01-13,PLACED,10,37.41
129826,1,367,2,South,2026-01-14,PLACED,4,16.45
129827,1,2501,164,South,2026-01-13,PLACED,4,416.73
129828,1,4545,189,South,2026-01-14,PLACED,7,101.28
129829,1,1111,289,West,2026-01-13,PLACED,2,193.98
129830,1,3251,287,Central,2026-01-13,PLACED,3,428.56
129831,1,3418,70,North,2026-01-14,PLACED,4,145.42
129831,2,3418,203,North,2026-01-14,PLACED,8,463.5
129832,1,4076,24,Central,2026-01-14,PLACED,1,79.65
129833,1,3631,120,West,2026-01-14,PLACED,5,74.93
129834,1,4307,234,West,2026-01-14,PLACED,7,340.82
129835,1,2821,172,Central,2026-01-13,PLACED,1,300.46
129836,1,2796,210,East,2026-01-14,PLACED,9,495.94
129836,2,2796,227,East,2026-01-14,PLACED,9,252.37
129837,1,381,255,East,2026-01-14,PLACED,7,459.51
129837,2,381,200,East,2026-01-14,PLACED,3,413.83
129837,3,381,255,East,2026-01-14,PLACED,8,496.51
129837,4,381,267,East,2026-01-14,PLACED,9,304.54
129838,1,1515,79,North,2026-01-14,PLACED,5,126.41
129839,1,2848,36,South,2026-01-14,PLACED,6,283.86
129840,1,2247,198,East,2026-01-13,PLACED,1,31.28
129841,1,3048,218,North,2026-01-13,PLACED,5,395.74
129841,2,3048,180,North,2026-01-13,PLACED,1,220.87
129841,3,3048,10,North,2026-01-13,PLACED,5,20.51
129841,4,3048,156,North,2026-01-13,PLACED,4,110.94
129841,5,3048,194,North,2026-01-13,PLACED,10,452.96
129842,1,4031,160,Central,2026-01-14,PLACED,1,120.01
129842,2,4031,112,Central,2026-01-14,PLACED,3,139.35
129842,3,4031,280,Central,2026-01-14,PLACED,10,322.8
129842,4,4031,188,Central,2026-01-14,PLACED,5,140.74
129842,5,4031,236,Central,2026-01-14,PLACED,7,58.82
129842,6,4031,47,Central,2026-01-14,PLACED,5,52.56
129842,7,4031,53,Central,2026-01-14,PLACED,5,147.24
129842,8,4031,188,Central,2026-01-14,PLACED,6,132.65
129842,9,4031,75,Central,2026-01-14,PLACED,5,317.26
129843,1,322,273,Central,2026-01-13,PLACED,5,316.73
129844,1,4286,139,East,2026-01-13,PLACED,2,361.53
129845,1,392,112,Central,2026-01-14,PLACED,10,141.9
129846,1,4978,37,North,2026-01-13,PLACED,6,386.47
129847,1,1586,61,West,2026-01-14,PLACED,9,450.42
129848,1,1787,272,East,2026-01-13,PLACED,9,161.45
129848,2,1787,203,East,2026-01-13,PLACED,7,441.83
129848,3,1787,252,East,2026-01-13,PLACED,8,351.14
129848,4,1787,122,East,2026-01-13,PLACED,10,297.12
129848,5,1787,192,East,2026-01-13,PLACED,9,146.14
129848,6,1787,80,East,2026-01-13,PLACED,6,123.81
129848,7,1787,151,East,2026-01-13,PLACED,3,450.98
129848,8,1787,92,East,2026-01-13,PLACED,7,332.59
129849,1,1426,89,Central,2026-01-13,PLACED,7,54.39
129850,1,3081,124,West,2026-01-14,PLACED,9,244.19
129850,2,3081,64,West,2026-01-14,PLACED,8,330.1
129850,3,3081,229,West,2026-01-14,PLACED,7,84.58
129850,4,3081,111,West,2026-01-14,PLACED,2,450.27
129851,1,1523,44,East,2026-01-13,PLACED,5,153.07
129851,2,1523,8,East,2026-01-13,PLACED,6,51.58
129852,1,3734,243,East,2026-01-14,PLACED,8,245.05
129852,2,3734,163,East,2026-01-14,PLACED,6,123.17
129852,3,3734,57,East,2026-01-14,PLACED,10,98.67
129852,4,3734,177,East,2026-01-14,PLACED,5,52.66
129853,1,688,122,West,2026-01-14,PLACED,2,290.71
129853,2,688,135,West,2026-01-14,PLACED,3,51.2
129854,1,275,59,South,2026-01-13,PLACED,1,89.55
129855,1,4098,229,West,2026-01-13,PLACED,2,81.03
129856,1,2516,111,East,2026-01-13,PLACED,2,407.72
129856,2,2516,21,East,2026-01-13,PLACED,4,404.97
129857,1,3684,102,North,2026-01-14,PLACED,1,392.33
129858,1,3716,186,North,2026-01-13,PLACED,2,182.69
129858,2,3716,255,North,2026-01-13,PLACED,3,519.52
129858,3,3716,185,North,2026-01-13,PLACED,9,217.31
129858,4,3716,246,North,2026-01-13,PLACED,7,393.22
129859,1,3967,9,East,2026-01-14,PLACED,3,199.64
129860,1,4251,27,South,2026-01-14,PLACED,10,47.29
129861,1,1609,9,South,2026-01-14,PLACED,8,225.86
129862,1,4747,118,West,2026-01-13,PLACED,2,331.74
129863,1,2661,61,North,2026-01-14,PLACED,6,451.9
129864,1,3411,141,West,2026-01-13,PLACED,7,248.24
129865,1,831,129,North,2026-01-14,PLACED,8,457.63
129866,1,4792,242,West,2026-01-13,PLACED,6,285.95
129867,1,1467,274,North,2026-01-14,PLACED,6,450.0
129868,1,3558,21,South,2026-01-14,PLACED,8,428.55
129868,2,3558,35,South,2026-01-14,PLACED,8,178.83
129869,1,2238,12,Central,2026-01-13,PLACED,4,258.8
129870,1,2042,108,North,2026-01-14,PLACED,1,235.8
129871,1,1245,56,North,2026-01-14,PLACED,8,306.79
129872,1,2414,58,North,2026-01-13,PLACED,6,348.38
129873,1,3035,146,North,2026-01-13,PLACED,4,110.93
129874,1,1215,300,South,2026-01-13,PLACED,9,461.55
129875,1,2714,198,Central,2026-01-13,PLACED,5,32.58
129875,2,2714,106,Central,2026-01-13,PLACED,7,307.8
129875,3,2714,31,Central,2026-01-13,PLACED,2,376.17
129875,4,2714,236,Central,2026-01-13,PLACED,2,66.02
129875,5,2714,114,Central,2026-01-13,PLACED,4,100.02
129876,1,3735,98,West,2026-01-14,PLACED,10,276.15
129877,1,109,22,South,2026-01-14,PLACED,7,343.09
129877,2,109,38,South,2026-01-14,PLACED,4,296.97
129877,3,109,99,South,2026-01-14,PLACED,2,470.84
129877,4,109,125,South,2026-01-14,PLACED,3,4.99
129877,5,109,10,South,2026-01-14,PLACED,6,20.69
129877,6,109,184,South,2026-01-14,PLACED,2,57.03
129877,7,109,66,South,2026-01-14,PLACED,7,366.83
129877,8,109,118,South,2026-01-14,PLACED,3,332.27
129878,1,4416,193,North,2026-01-13,PLACED,4,125.59
129879,1,1897,221,West,2026-01-13,PLACED,7,442.91
129880,1,4850,292,Central,2026-01-13,PLACED,5,397.59
129881,1,4608,268,West,2026-01-13,PLACED,8,532.87
129882,1,2402,40,North,2026-01-13,PLACED,8,311.82
129883,1,2228,76,Central,2026-01-13,PLACED,7,205.66
129883,2,2228,134,Central,2026-01-13,PLACED,7,500.81
129883,3,2228,229,Central,2026-01-13,PLACED,5,75.29
129884,1,2481,204,Central,2026-01-14,PLACED,4,86.84
129885,1,127,135,Central,2026-01-14,PLACED,1,42.87
129886,1,1761,132,West,2026-01-14,PLACED,2,35.17
129887,1,574,286,East,2026-01-13,PLACED,10,433.31
129887,2,574,44,East,2026-01-13,PLACED,4,139.01
129887,3,574,115,East,2026-01-13,PLACED,3,427.77
129887,4,574,57,East,2026-01-13,PLACED,9,85.02
129888,1,4071,192,East,2026-01-13,PLACED,8,135.62
129889,1,1298,233,North,2026-01-14,PLACED,7,272.97
129890,1,3807,103,East,2026-01-14,PLACED,3,319.77
129890,2,3807,57,East,2026-01-14,PLACED,2,95.93
129890,3,3807,234,East,2026-01-14,PLACED,9,345.62
129890,4,3807,126,East,2026-01-14,PLACED,1,167.19
129890,5,3807,57,East,2026-01-14,PLACED,8,81.38
129891,1,2187,6,North,2026-01-13,PLACED,7,342.04
129891,2,2187,29,North,2026-01-13,PLACED,2,442.13
129892,1,3328,189,East,2026-01-13,PLACED,4,98.86
129893,1,4622,257,East,2026-01-13,PLACED,9,41.16
129894,1,4842,211,West,2026-01-14,PLACED,4,136.06
129894,2,4842,174,West,2026-01-14,PLACED,9,362.81
129895,1,1574,65,West,2026-01-13,PLACED,3,436.72
129895,2,1574,300,West,2026-01-13,PLACED,1,412.79
129896,1,2557,138,Central,2026-01-13,PLACED,7,376.08
129896,2,2557,87,Central,2026-01-13,PLACED,2,450.25
129897,1,1523,175,East,2026-01-14,PLACED,4,371.03
129898,1,3852,266,East,2026-01-14,PLACED,7,378.65
129899,1,2216,67,North,2026-01-13,PLACED,3,114.5
129900,1,939,88,South,2026-01-14,PLACED,4,236.07
129901,1,2813,28,South,2026-01-13,PLACED,10,55.69
129902,1,2441,103,South,2026-01-14,PLACED,4,328.57
129903,1,3719,117,East,2026-01-13,PLACED,9,166.54
129904,1,2947,197,East,2026-01-14,PLACED,3,252.52
129904,2,2947,156,East,2026-01-14,PLACED,1,114.2
129904,3,2947,177,East,2026-01-14,PLACED,2,58.26
129904,4,2947,296,East,2026-01-14,PLACED,8,277.14
129905,1,1654,58,West,2026-01-14,PLACED,3,398.85
129906,1,725,281,South,2026-01-13,PLACED,3,337.86
129907,1,3441,53,North,2026-01-13,PLACED,3,133.99
129908,1,4604,164,West,2026-01-13,PLACED,7,489.25
129908,2,4604,229,West,2026-01-13,PLACED,3,76.07
129908,3,4604,159,West,2026-01-13,PLACED,2,129.35
129909,1,1491,64,West,2026-01-13,PLACED,8,374.27
129910,1,303,10,West,2026-01-13,PLACED,9,19.75
129911,1,3559,5,South,2026-01-14,PLACED,4,401.94
129912,1,2022,16,East,2026-01-14,PLACED,9,296.21
129912,2,2022,79,East,2026-01-14,PLACED,7,148.55
129913,1,993,165,Central,2026-01-13,PLACED,10,450.18
129914,1,3463,273,North,2026-01-13,PLACED,5,326.91
129915,1,1465,181,South,2026-01-14,PLACED,9,383.71
129916,1,2763,229,Central,2026-01-14,PLACED,2,84.07
129917,1,2354,247,East,2026-01-13,PLACED,9,115.72
129917,2,2354,256,East,2026-01-13,PLACED,1,450.61
129918,1,2491,249,North,2026-01-14,PLACED,8,329.19
129919,1,3110,106,Central,2026-01-14,PLACED,5,290.56
129920,1,2282,2,North,2026-01-14,PLACED,7,18.72
129921,1,3139,113,South,2026-01-13,PLACED,8,263.5
129922,1,2898,177,North,2026-01-13,PLACED,1,53.73
129923,1,2521,90,Central,2026-01-13,PLACED,9,27.17
129923,2,2521,249,Central,2026-01-13,PLACED,3,358.36
129923,3,2521,240,Central,2026-01-13,PLACED,5,315.03
129923,4,2521,103,Central,2026-01-13,PLACED,8,375.82
129923,5,2521,99,Central,2026-01-13,PLACED,1,500.64
129923,6,2521,93,Central,2026-01-13,PLACED,6,368.65
129923,7,2521,87,Central,2026-01-13,PLACED,1,508.74
129924,1,1904,283,East,2026-01-13,PLACED,2,304.0
129925,1,4761,14,West,2026-01-14,PLACED,9,93.93
129925,2,4761,180,West,2026-01-14,PLACED,6,245.57
129926,1,4049,147,West,2026-01-14,PLACED,3,266.62
129927,1,4244,218,Central,2026-01-13,PLACED,10,363.24
129927,2,4244,62,Central,2026-01-13,PLACED,2,318.83
129927,3,4244,64,Central,2026-01-13,PLACED,8,365.79
129927,4,4244,146,Central,2026-01-13,PLACED,1,119.7
129928,1,4836,294,North,2026-01-13,PLACED,2,121.25
129929,1,280,43,North,2026-01-13,PLACED,5,122.78
129929,2,280,267,North,2026-01-13,PLACED,3,290.04
129929,3,280,227,North,2026-01-13,PLACED,2,277.12
129929,4,280,257,North,2026-01-13,PLACED,5,44.41
129930,1,410,51,Central,2026-01-13,PLACED,3,171.7
129930,2,410,113,Central,2026-01-13,PLACED,2,240.7
129931,1,2284,192,East,2026-01-14,PLACED,1,150.46
129932,1,4894,282,South,2026-01-13,PLACED,2,107.68
129933,1,3369,210,West,2026-01-13,PLACED,2,483.18
129933,2,3369,30,West,2026-01-13,PLACED,8,298.63
129933,3,3369,41,West,2026-01-13,PLACED,7,351.95
129933,4,3369,22,West,2026-01-13,PLACED,6,372.16
129933,5,3369,73,West,2026-01-13,PLACED,4,454.27
129933,6,3369,84,West,2026-01-13,PLACED,6,406.42
129933,7,3369,201,West,2026-01-13,PLACED,2,505.37
129933,8,3369,285,West,2026-01-13,PLACED,6,264.61
129934,1,2278,121,East,2026-01-14,PLACED,5,392.46
129934,2,2278,184,East,2026-01-14,PLACED,10,52.99
129934,3,2278,55,East,2026-01-14,PLACED,4,322.4
129935,1,3391,16,East,2026-01-13,PLACED,10,298.68
129936,1,3348,136,East,2026-01-13,PLACED,4,227.1
129937,1,3820,97,West,2026-01-13,PLACED,4,477.39
129938,1,4927,43,South,2026-01-14,PLACED,3,110.67
129939,1,1085,250,East,2026-01-13,PLACED,4,151.93
129939,2,1085,106,East,2026-01-13,PLACED,2,302.22
129939,3,1085,297,East,2026-01-13,PLACED,9,236.83
129939,4,1085,30,East,2026-01-13,PLACED,4,331.76
129939,5,1085,280,East,2026-01-13,PLACED,6,322.4
129940,1,2080,76,North,2026-01-14,PLACED,10,201.76
129941,1,4387,292,East,2026-01-14,PLACED,4,360.09
129942,1,1855,230,South,2026-01-13,PLACED,4,473.87
129943,1,4975,274,North,2026-01-13,PLACED,10,476.75
129944,1,1297,8,West,2026-01-13,PLACED,4,46.97
129945,1,4674,20,East,2026-01-13,PLACED,7,7.92
129946,1,3139,174,North,2026-01-14,PLACED,9,385.84
129946,2,3139,220,North,2026-01-14,PLACED,5,137.63
129946,3,3139,214,North,2026-01-14,PLACED,9,211.65
129947,1,4783,179,North,2026-01-13,PLACED,2,218.59
129948,1,797,109,Central,2026-01-13,PLACED,8,250.39
129948,2,797,25,Central,2026-01-13,PLACED,9,502.48
129949,1,4921,282,South,2026-01-14,PLACED,10,115.94
129950,1,2000,222,East,2026-01-13,PLACED,1,271.1
129951,1,2968,220,East,2026-01-13,PLACED,7,143.74
129952,1,1070,99,West,2026-01-13,PLACED,8,440.93
129952,2,1070,112,West,2026-01-13,PLACED,8,148.13
129952,3,1070,159,West,2026-01-13,PLACED,10,118.76
129952,4,1070,61,West,2026-01-13,PLACED,2,446.56
129952,5,1070,288,West,2026-01-13,PLACED,10,52.95
129953,1,448,187,East,2026-01-14,PLACED,6,422.77
129954,1,4903,20,West,2026-01-13,PLACED,6,7.84
129954,2,4903,137,West,2026-01-13,PLACED,9,37.64
129954,3,4903,240,West,2026-01-13,PLACED,1,291.81
129954,4,4903,41,West,2026-01-13,PLACED,6,322.92
129954,5,4903,25,West,2026-01-13,PLACED,2,497.49
129954,6,4903,64,West,2026-01-13,PLACED,5,351.07
129954,7,4903,292,West,2026-01-13,PLACED,6,383.18
129954,8,4903,222,West,2026-01-13,PLACED,7,315.27
129954,9,4903,223,West,2026-01-13,PLACED,2,271.41
129955,1,3427,136,North,2026-01-14,PLACED,1,233.14
129956,1,1414,87,Central,2026-01-13,PLACED,9,525.33
129957,1,1369,219,West,2026-01-14,PLACED,10,73.69
129957,2,1369,150,West,2026-01-14,PLACED,7,147.08
129957,3,1369,18,West,2026-01-14,PLACED,5,315.93
129957,4,1369,185,West,2026-01-14,PLACED,5,210.38
129958,1,3245,290,East,2026-01-13,PLACED,7,134.43
129959,1,1601,152,South,2026-01-14,PLACED,7,352.67
129960,1,4029,272,Central,2026-01-13,PLACED,7,146.73
129961,1,656,108,West,2026-01-13,PLACED,4,204.97
129962,1,2402,20,East,2026-01-14,PLACED,1,9.03
129963,1,2601,87,North,2026-01-13,PLACED,4,504.82
129963,2,2601,134,North,2026-01-13,PLACED,7,485.32
129964,1,1698,76,Central,2026-01-13,PLACED,5,199.92
129964,2,1698,294,Central,2026-01-13,PLACED,7,125.07
129964,3,1698,139,Central,2026-01-13,PLACED,7,364.26
129964,4,1698,134,Central,2026-01-13,PLACED,5,473.97
129965,1,1644,108,North,2026-01-14,PLACED,7,212.95
129966,1,4856,51,East,2026-01-14,PLACED,2,204.67
129967,1,4551,148,East,2026-01-14,PLACED,8,380.03
129968,1,2497,9,East,2026-01-13,PLACED,4,207.79
129968,2,2497,288,East,2026-01-13,PLACED,4,47.27
129968,3,2497,247,East,2026-01-13,PLACED,6,121.22
129968,4,2497,265,East,2026-01-13,PLACED,10,448.68
129968,5,2497,201,East,2026-01-13,PLACED,10,477.72
129969,1,1659,270,North,2026-01-13,PLACED,2,9.07
129970,1,1058,38,North,2026-01-14,PLACED,3,321.42
129971,1,589,134,Central,2026-01-14,PLACED,1,493.81
129972,1,2328,52,West,2026-01-14,PLACED,4,112.03
129972,2,2328,214,West,2026-01-14,PLACED,2,231.15
129972,3,2328,179,West,2026-01-14,PLACED,9,212.35
129972,4,2328,187,West,2026-01-14,PLACED,4,427.37
129972,5,2328,287,West,2026-01-14,PLACED,2,413.59
129972,6,2328,72,West,2026-01-14,PLACED,9,454.9
129972,7,2328,178,West,2026-01-14,PLACED,9,206.0
129972,8,2328,190,West,2026-01-14,PLACED,8,224.91
129973,1,3762,293,Central,2026-01-14,PLACED,1,346.24
129973,2,3762,188,Central,2026-01-14,PLACED,5,131.7
129973,3,3762,109,Central,2026-01-14,PLACED,9,206.73
129973,4,3762,86,Central,2026-01-14,PLACED,2,108.92
129974,1,4171,67,North,2026-01-14,PLACED,8,121.81
129974,2,4171,193,North,2026-01-14,PLACED,6,119.26
129975,1,1395,16,South,2026-01-13,PLACED,8,298.76
129975,2,1395,241,South,2026-01-13,PLACED,1,200.19
129976,1,1699,297,North,2026-01-14,PLACED,4,207.38
129977,1,3077,5,West,2026-01-14,PLACED,9,367.23
129977,2,3077,202,West,2026-01-14,PLACED,2,507.42
129978,1,1359,84,East,2026-01-13,PLACED,8,455.71
129979,1,2275,50,North,2026-01-14,PLACED,5,182.31
129979,2,2275,282,North,2026-01-14,PLACED,7,110.37
129980,1,3181,188,Central,2026-01-13,PLACED,1,137.35
129980,2,3181,11,Central,2026-01-13,PLACED,2,119.55
129981,1,2014,18,North,2026-01-14,PLACED,5,296.89
129982,1,3722,162,East,2026-01-14,PLACED,7,339.9
129983,1,4749,31,Central,2026-01-14,PLACED,2,383.97
129983,2,4749,90,Central,2026-01-14,PLACED,3,30.82
129983,3,4749,21,Central,2026-01-14,PLACED,5,430.01
129984,1,4611,38,West,2026-01-13,PLACED,9,281.01
129985,1,2512,60,South,2026-01-13,PLACED,6,179.43
129986,1,1444,173,Central,2026-01-14,PLACED,3,246.67
129987,1,1735,134,Central,2026-01-13,PLACED,2,484.3
129988,1,2966,271,South,2026-01-13,PLACED,1,384.96
129989,1,2285,152,West,2026-01-13,PLACED,7,340.9
129990,1,1550,39,South,2026-01-14,PLACED,8,456.24
129991,1,703,65,Central,2026-01-14,PLACED,3,415.16
129992,1,841,173,West,2026-01-14,PLACED,9,255.97
129993,1,3733,290,West,2026-01-14,PLACED,2,135.03
129994,1,1110,231,North,2026-01-13,PLACED,4,45.77
129995,1,571,107,North,2026-01-13,PLACED,7,63.98
129996,1,3769,241,East,2026-01-13,PLACED,6,201.18
129997,1,3988,5,North,2026-01-13,PLACED,6,377.87
129998,1,1126,110,North,2026-01-14,PLACED,6,484.01
129999,1,4049,190,North,2026-01-14,PLACED,5,236.21
130000,1,1496,81,South,2026-01-14,PLACED,9,257.82
130000,2,1496,215,South,2026-01-14,PLACED,1,455.99
130000,3,1496,252,South,2026-01-14,PLACED,2,359.07
130000,4,1496,150,South,2026-01-14,PLACED,7,148.34
130000,5,1496,284,South,2026-01-14,PLACED,8,129.24
130000,6,1496,200,South,2026-01-14,PLACED,3,448.74
130000,7,1496,246,South,2026-01-14,PLACED,3,326.92
130000,8,1496,115,South,2026-01-14,PLACED,10,454.77
130000,9,1496,294,South,2026-01-14,PLACED,8,125.16
130000,10,1496,225,South,2026-01-14,PLACED,9,34.62
130001,1,1338,80,Central,2026-01-13,PLACED,6,115.77
130002,1,4087,246,Central,2026-01-13,PLACED,10,383.48
130003,1,4558,78,East,2026-01-14,PLACED,8,253.26
130004,1,3702,74,Central,2026-01-14,PLACED,1,153.02
130005,1,1963,58,West,2026-01-13,PLACED,7,387.38
130006,1,590,151,West,2026-01-13,PLACED,2,450.56
130006,2,590,49,West,2026-01-13,PLACED,5,308.16
130006,3,590,259,West,2026-01-13,PLACED,6,146.0
130006,4,590,282,West,2026-01-13,PLACED,9,115.15
130006,5,590,298,West,2026-01-13,PLACED,9,10.15
130007,1,3726,19,Central,2026-01-14,PLACED,4,371.37
130007,2,3726,156,Central,2026-01-14,PLACED,9,121.3
130008,1,3528,75,East,2026-01-13,PLACED,1,343.39
130008,2,3528,217,East,2026-01-13,PLACED,2,291.61
130009,1,4536,84,East,2026-01-14,PLACED,4,490.8
130010,1,2099,219,South,2026-01-14,PLACED,5,80.21
130011,1,2414,82,Central,2026-01-14,PLACED,8,145.12
130011,2,2414,170,Central,2026-01-14,PLACED,2,65.63
130012,1,4560,108,West,2026-01-13,PLACED,7,203.71
130013,1,2348,153,West,2026-01-14,PLACED,7,236.85
130013,2,2348,232,West,2026-01-14,PLACED,2,93.82
130014,1,2298,39,East,2026-01-13,PLACED,7,465.53
130014,2,2298,69,East,2026-01-13,PLACED,4,148.4
130015,1,3078,284,North,2026-01-14,PLACED,1,142.11
130016,1,2233,69,North,2026-01-14,PLACED,3,167.3
130017,1,3213,268,East,2026-01-13,PLACED,10,541.26
130017,2,3213,159,East,2026-01-13,PLACED,6,120.47
130018,1,454,4,North,2026-01-14,PLACED,8,117.44
130019,1,472,99,North,2026-01-14,PLACED,9,495.98
130020,1,4778,238,North,2026-01-14,PLACED,6,122.75
130021,1,4022,84,South,2026-01-14,PLACED,4,459.7
130021,2,4022,87,South,2026-01-14,PLACED,9,477.82
130022,1,2096,140,West,2026-01-14,PLACED,7,69.53
130023,1,3332,140,South,2026-01-14,PLACED,5,64.27
130024,1,2953,113,West,2026-01-13,PLACED,2,255.33
130025,1,4771,163,South,2026-01-13,PLACED,7,120.66
130025,2,4771,151,South,2026-01-13,PLACED,10,512.01
130026,1,1658,157,South,2026-01-13,PLACED,6,174.77
130027,1,1913,128,Central,2026-01-14,PLACED,7,423.37
130028,1,1903,109,South,2026-01-14,PLACED,1,228.41
130029,1,3793,238,East,2026-01-13,PLACED,2,122.93
130030,1,3022,237,East,2026-01-14,PLACED,7,412.31
130031,1,2498,151,North,2026-01-14,PLACED,8,488.93
130032,1,383,186,South,2026-01-14,PLACED,8,175.61
130033,1,2563,285,West,2026-01-13,PLACED,8,242.6
130034,1,248,278,East,2026-01-13,PLACED,1,297.18
130035,1,4708,256,Central,2026-01-14,PLACED,3,503.39
130036,1,2303,81,Central,2026-01-14,PLACED,3,254.95
130037,1,1292,101,East,2026-01-13,PLACED,8,11.25
130038,1,1069,58,North,2026-01-14,PLACED,3,396.67
130039,1,3927,293,North,2026-01-13,PLACED,5,347.4
130040,1,3032,222,East,2026-01-14,PLACED,5,286.23
130040,2,3032,277,East,2026-01-14,PLACED,7,52.94
130040,3,3032,120,East,2026-01-14,PLACED,2,78.32
130040,4,3032,217,East,2026-01-14,PLACED,2,259.42
130040,5,3032,159,East,2026-01-14,PLACED,2,109.24
130041,1,1645,240,North,2026-01-14,PLACED,9,321.58
130042,1,2951,48,East,2026-01-13,PLACED,2,150.5
130043,1,722,76,East,2026-01-13,PLACED,1,201.16
130044,1,485,106,East,2026-01-14,PLACED,4,306.09
130045,1,2475,222,West,2026-01-13,PLACED,10,275.03
130046,1,4268,236,Central,2026-01-13,PLACED,5,61.94
130047,1,1333,66,East,2026-01-13,PLACED,7,354.08
130048,1,3199,219,South,2026-01-14,PLACED,4,80.93
130049,1,2514,173,South,2026-01-13,PLACED,8,219.64
130049,2,2514,52,South,2026-01-13,PLACED,2,98.21
130049,3,2514,160,South,2026-01-13,PLACED,7,116.42
130050,1,4220,62,South,2026-01-14,PLACED,4,297.21
130051,1,3294,263,West,2026-01-13,PLACED,6,194.36
130051,2,3294,133,West,2026-01-13,PLACED,8,480.67
130051,3,3294,221,West,2026-01-13,PLACED,10,441.9
130051,4,3294,112,West,2026-01-13,PLACED,9,134.9
130052,1,2867,100,Central,2026-01-13,PLACED,9,432.67
130052,2,2867,114,Central,2026-01-13,PLACED,4,85.11
130052,3,2867,33,Central,2026-01-13,PLACED,2,274.14
130052,4,2867,237,Central,2026-01-13,PLACED,7,429.32
130052,5,2867,68,Central,2026-01-13,PLACED,2,21.13
130053,1,1556,116,South,2026-01-14,PLACED,3,410.87
130054,1,1911,75,South,2026-01-13,PLACED,6,305.78
130055,1,3890,161,South,2026-01-13,PLACED,8,41.27
130056,1,3737,30,Central,2026-01-13,PLACED,9,324.28
130056,2,3737,156,Central,2026-01-13,PLACED,8,111.71
130057,1,3302,211,North,2026-01-13,PLACED,8,144.85
130058,1,2837,12,Central,2026-01-14,PLACED,5,271.59
130059,1,3312,98,Central,2026-01-13,PLACED,10,285.49
130060,1,25,75,West,2026-01-13,PLACED,3,296.76
130061,1,2837,41,South,2026-01-14,PLACED,9,321.9
130061,2,2837,84,South,2026-01-14,PLACED,6,426.92
130061,3,2837,106,South,2026-01-14,PLACED,1,328.82
130061,4,2837,145,South,2026-01-14,PLACED,6,219.97
130061,5,2837,79,South,2026-01-14,PLACED,7,135.12
130061,6,2837,202,South,2026-01-14,PLACED,5,504.29
130061,7,2837,119,South,2026-01-14,PLACED,10,294.25
130061,8,2837,58,South,2026-01-14,PLACED,9,392.41
130061,9,2837,49,South,2026-01-14,PLACED,8,342.31
130062,1,588,261,Central,2026-01-14,PLACED,7,442.77
130063,1,4821,19,East,2026-01-13,PLACED,5,404.23
130064,1,1738,194,Central,2026-01-14,PLACED,7,424.42
130065,1,4977,14,East,2026-01-13,PLACED,10,106.37
130066,1,3537,175,West,2026-01-14,PLACED,3,391.19
130066,2,3537,72,West,2026-01-14,PLACED,9,466.57
130066,3,3537,227,West,2026-01-14,PLACED,4,247.2
130066,4,3537,83,West,2026-01-14,PLACED,3,267.53
130066,5,3537,228,West,2026-01-14,PLACED,1,438.12
130066,6,3537,287,West,2026-01-14,PLACED,10,411.56
130067,1,990,31,Central,2026-01-14,PLACED,4,398.14
130068,1,3512,67,North,2026-01-14,PLACED,3,123.24
130069,1,4322,211,West,2026-01-13,PLACED,2,136.94
130070,1,3972,293,North,2026-01-13,PLACED,4,345.28
130071,1,1655,80,Central,2026-01-14,PLACED,5,116.78
130072,1,2696,35,East,2026-01-13,PLACED,3,200.07
130073,1,3891,300,Central,2026-01-13,PLACED,8,455.07
130074,1,60,181,South,2026-01-13,PLACED,1,358.06
130074,2,60,161,South,2026-01-13,PLACED,9,37.98
130075,1,1200,57,North,2026-01-13,PLACED,7,97.04
130076,1,3483,39,Central,2026-01-13,PLACED,10,393.42
130077,1,1592,120,East,2026-01-13,PLACED,6,88.23
130078,1,4515,106,East,2026-01-13,PLACED,6,300.54
130079,1,848,93,East,2026-01-13,PLACED,5,415.21
130080,1,274,103,Central,2026-01-13,PLACED,6,326.35
130081,1,1731,197,East,2026-01-14,PLACED,7,289.41
130082,1,3404,208,North,2026-01-14,PLACED,4,33.47
130083,1,2072,175,Central,2026-01-14,PLACED,3,375.01
130084,1,4678,209,North,2026-01-14,PLACED,6,185.24
130084,2,4678,271,North,2026-01-14,PLACED,2,409.16
130084,3,4678,91,North,2026-01-14,PLACED,1,64.33
130084,4,4678,134,North,2026-01-14,PLACED,9,469.25
130084,5,4678,235,North,2026-01-14,PLACED,9,112.92
130085,1,117,25,Central,2026-01-13,PLACED,5,479.42
130085,2,117,141,Central,2026-01-13,PLACED,7,232.86
130085,3,117,55,Central,2026-01-13,PLACED,6,300.44
130085,4,117,101,Central,2026-01-13,PLACED,9,11.48
130085,5,117,17,Central,2026-01-13,PLACED,8,122.02
130085,6,117,283,Central,2026-01-13,PLACED,10,316.8
130085,7,117,4,Central,2026-01-13,PLACED,3,114.2
130085,8,117,256,Central,2026-01-13,PLACED,4,490.0
130086,1,324,73,South,2026-01-13,PLACED,7,410.66
130087,1,1326,222,East,2026-01-13,PLACED,1,309.38
130088,1,3450,261,East,2026-01-14,PLACED,3,454.26
130089,1,3402,64,North,2026-01-14,PLACED,5,328.6
130089,2,3402,219,North,2026-01-14,PLACED,1,83.36
130089,3,3402,118,North,2026-01-14,PLACED,7,296.79
130089,4,3402,156,North,2026-01-14,PLACED,8,117.99
130090,1,1611,153,North,2026-01-13,PLACED,2,203.62
130090,2,1611,269,North,2026-01-13,PLACED,4,312.38
130090,3,1611,161,North,2026-01-13,PLACED,4,42.11
130090,4,1611,250,North,2026-01-13,PLACED,4,160.45
130090,5,1611,73,North,2026-01-13,PLACED,7,459.82
130090,6,1611,167,North,2026-01-13,PLACED,3,116.62
130090,7,1611,58,North,2026-01-13,PLACED,8,372.05
130091,1,2973,145,North,2026-01-13,PLACED,2,221.43
130092,1,1835,227,Central,2026-01-14,PLACED,9,237.69
130093,1,2364,178,East,2026-01-13,PLACED,9,232.42
130093,2,2364,18,East,2026-01-13,PLACED,3,314.83
130094,1,312,103,North,2026-01-14,PLACED,3,316.3
130095,1,147,127,South,2026-01-14,PLACED,5,13.28
130096,1,339,88,East,2026-01-13,PLACED,5,243.45
130096,2,339,271,East,2026-01-13,PLACED,10,439.63
130096,3,339,8,East,2026-01-13,PLACED,10,43.78
130096,4,339,130,East,2026-01-13,PLACED,5,447.98
130096,5,339,41,East,2026-01-13,PLACED,5,341.92
130097,1,1692,65,North,2026-01-13,PLACED,2,429.24
130098,1,3570,153,Central,2026-01-13,PLACED,7,231.45
130099,1,462,224,South,2026-01-13,PLACED,1,361.85
130100,1,1246,73,Central,2026-01-14,PLACED,10,434.42
130101,1,2386,162,Central,2026-01-14,PLACED,6,340.57
130102,1,239,238,Central,2026-01-13,PLACED,7,120.98
130103,1,418,5,East,2026-01-14,PLACED,6,392.02
130103,2,418,277,East,2026-01-14,PLACED,4,62.77
130104,1,412,229,East,2026-01-13,PLACED,5,87.82
130104,2,412,124,East,2026-01-13,PLACED,3,274.84
130104,3,412,71,East,2026-01-13,PLACED,2,114.95
130104,4,412,21,East,2026-01-13,PLACED,1,431.06
130104,5,412,121,East,2026-01-13,PLACED,10,369.49
130104,6,412,146,East,2026-01-13,PLACED,1,117.73
130104,7,412,259,East,2026-01-13,PLACED,3,130.22
130104,8,412,117,East,2026-01-13,PLACED,8,138.15
130105,1,4916,92,North,2026-01-13,PLACED,5,290.41
130105,2,4916,268,North,2026-01-13,PLACED,8,489.03
130105,3,4916,220,North,2026-01-13,PLACED,5,149.83
130105,4,4916,87,North,2026-01-13,PLACED,9,522.83
130105,5,4916,178,North,2026-01-13,PLACED,3,208.6
130105,6,4916,30,North,2026-01-13,PLACED,8,333.68
130105,7,4916,191,North,2026-01-13,PLACED,4,205.17
130105,8,4916,272,North,2026-01-13,PLACED,3,156.21
130105,9,4916,222,North,2026-01-13,PLACED,8,293.3
130106,1,4026,167,West,2026-01-13,PLACED,6,113.4
130107,1,3235,285,South,2026-01-14,PLACED,5,253.51
130108,1,1762,114,South,2026-01-14,PLACED,7,95.74
130109,1,3340,263,North,2026-01-14,PLACED,5,176.1
130109,2,3340,83,North,2026-01-14,PLACED,10,307.72
130109,3,3340,1,North,2026-01-14,PLACED,5,315.94
130109,4,3340,40,North,2026-01-14,PLACED,4,302.07
130109,5,3340,159,North,2026-01-14,PLACED,7,125.81
130110,1,2484,196,North,2026-01-14,PLACED,1,435.55
130111,1,1598,294,East,2026-01-14,PLACED,5,135.25
130112,1,1623,248,East,2026-01-13,PLACED,6,208.49
130113,1,2714,294,North,2026-01-14,PLACED,4,142.97
130114,1,2177,195,South,2026-01-14,PLACED,10,207.25
130114,2,2177,67,South,2026-01-14,PLACED,7,112.05
130115,1,3001,207,North,2026-01-13,PLACED,3,189.3
130116,1,3501,20,North,2026-01-14,PLACED,10,8.13
130117,1,4216,144,West,2026-01-14,PLACED,6,419.35
130118,1,1679,151,North,2026-01-14,PLACED,8,541.65
130119,1,4170,217,Central,2026-01-14,PLACED,7,292.83
130120,1,4265,117,North,2026-01-13,PLACED,6,160.55
130121,1,1670,268,South,2026-01-13,PLACED,8,520.38
130122,1,880,289,Central,2026-01-14,PLACED,1,200.03
130123,1,970,6,South,2026-01-14,PLACED,9,358.18
130124,1,3620,288,South,2026-01-14,PLACED,2,55.43
130125,1,4795,243,Central,2026-01-13,PLACED,2,277.97
130126,1,387,40,North,2026-01-14,PLACED,4,262.78
130126,2,387,258,North,2026-01-14,PLACED,4,105.26
130127,1,3075,37,South,2026-01-14,PLACED,9,431.02
130128,1,1191,56,East,2026-01-13,PLACED,8,332.08
130128,2,1191,5,East,2026-01-13,PLACED,3,351.47
130128,3,1191,167,East,2026-01-13,PLACED,4,133.77
130129,1,4634,235,Central,2026-01-14,PLACED,6,122.14
130130,1,4695,62,West,2026-01-13,PLACED,2,300.04
130131,1,2265,271,Central,2026-01-14,PLACED,8,442.82
130131,2,2265,145,Central,2026-01-14,PLACED,6,200.91
130132,1,1066,213,West,2026-01-13,PLACED,1,227.66
130132,2,1066,143,West,2026-01-13,PLACED,1,125.66
130132,3,1066,97,West,2026-01-13,PLACED,7,508.45
130132,4,1066,110,West,2026-01-13,PLACED,10,492.94
130132,5,1066,197,West,2026-01-13,PLACED,2,263.77
130133,1,4787,70,North,2026-01-14,PLACED,6,134.9
130134,1,3568,231,West,2026-01-13,PLACED,2,42.59
130135,1,4442,107,Central,2026-01-13,PLACED,2,60.95
130136,1,4870,236,East,2026-01-14,PLACED,10,57.93
130137,1,2532,56,East,2026-01-14,PLACED,4,315.8
130137,2,2532,71,East,2026-01-14,PLACED,4,119.95
130138,1,3207,158,West,2026-01-14,PLACED,7,323.13
130139,1,1877,294,Central,2026-01-14,PLACED,10,135.92
130139,2,1877,35,Central,2026-01-14,PLACED,5,199.95
130140,1,3207,106,North,2026-01-14,PLACED,10,343.63
130141,1,858,185,East,2026-01-13,PLACED,5,216.12
130141,2,858,91,East,2026-01-13,PLACED,1,64.45
130142,1,798,109,Central,2026-01-14,PLACED,10,243.45
130143,1,3081,282,South,2026-01-14,PLACED,8,105.67
130144,1,1669,142,West,2026-01-14,PLACED,5,270.58
130145,1,3886,173,North,2026-01-13,PLACED,8,236.11
130146,1,1112,66,Central,2026-01-14,PLACED,8,408.57
130147,1,1237,256,North,2026-01-13,PLACED,4,485.78
130148,1,835,35,West,2026-01-13,PLACED,7,191.32
130149,1,3159,151,West,2026-01-13,PLACED,6,461.18
130149,2,3159,270,West,2026-01-13,PLACED,7,9.32
130149,3,3159,291,West,2026-01-13,PLACED,7,6.81
130149,4,3159,149,West,2026-01-13,PLACED,3,110.21
130150,1,2998,38,Central,2026-01-13,PLACED,6,323.81
130151,1,3267,114,West,2026-01-13,PLACED,9,84.19
130152,1,1767,1,Central,2026-01-13,PLACED,5,311.26
130153,1,1978,109,Central,2026-01-13,PLACED,3,238.14
130154,1,72,89,Central,2026-01-14,PLACED,8,51.13
130155,1,2844,187,North,2026-01-14,PLACED,4,435.41
130155,2,2844,225,North,2026-01-14,PLACED,7,35.52
130155,3,2844,90,North,2026-01-14,PLACED,6,30.4
130155,4,2844,265,North,2026-01-14,PLACED,9,420.77
130156,1,3560,29,East,2026-01-13,PLACED,4,404.85
130157,1,425,250,South,2026-01-14,PLACED,2,149.61
130158,1,1647,194,North,2026-01-14,PLACED,2,505.73
130158,2,1647,85,North,2026-01-14,PLACED,9,191.69
130159,1,3530,142,North,2026-01-13,PLACED,4,250.15
130160,1,3506,227,North,2026-01-14,PLACED,7,251.51
130160,2,3506,270,North,2026-01-14,PLACED,10,8.49
130161,1,2972,40,North,2026-01-14,PLACED,3,318.96
130162,1,1188,217,West,2026-01-14,PLACED,5,307.96
130163,1,215,204,East,2026-01-14,PLACED,5,84.71
130164,1,2621,200,Central,2026-01-14,PLACED,2,404.09
130164,2,2621,94,Central,2026-01-14,PLACED,6,203.91
130164,3,2621,237,Central,2026-01-14,PLACED,10,480.26
130164,4,2621,266,Central,2026-01-14,PLACED,7,379.24
130164,5,2621,274,Central,2026-01-14,PLACED,9,468.26
130165,1,2422,93,West,2026-01-13,PLACED,1,402.11
130166,1,1911,281,Central,2026-01-13,PLACED,9,342.34
130167,1,1538,29,South,2026-01-14,PLACED,4,424.14
130167,2,1538,270,South,2026-01-14,PLACED,1,9.36
130167,3,1538,70,South,2026-01-14,PLACED,4,147.02
130167,4,1538,152,South,2026-01-14,PLACED,9,296.13
130168,1,4933,191,South,2026-01-13,PLACED,8,203.7
130169,1,2484,18,West,2026-01-13,PLACED,6,290.87
130170,1,1684,7,West,2026-01-13,PLACED,7,488.22
130171,1,3726,252,South,2026-01-13,PLACED,7,347.53
130172,1,433,296,East,2026-01-13,PLACED,4,266.82
130173,1,108,17,North,2026-01-14,PLACED,2,107.7
130174,1,4545,298,Central,2026-01-14,PLACED,4,10.06
130174,2,4545,206,Central,2026-01-14,PLACED,1,106.36
130174,3,4545,25,Central,2026-01-14,PLACED,7,464.2
130175,1,697,174,East,2026-01-14,PLACED,5,381.29
130176,1,1894,246,North,2026-01-14,PLACED,10,347.67
130177,1,4193,72,West,2026-01-14,PLACED,1,440.88
130177,2,4193,239,West,2026-01-14,PLACED,1,304.17
130177,3,4193,166,West,2026-01-14,PLACED,2,41.93
130178,1,4081,69,East,2026-01-14,PLACED,8,147.43
130179,1,1485,219,South,2026-01-13,PLACED,1,82.09
130180,1,2256,23,Central,2026-01-14,PLACED,10,170.47
130180,2,2256,185,Central,2026-01-14,PLACED,6,189.97
130181,1,518,263,Central,2026-01-14,PLACED,4,185.66
130182,1,1206,135,West,2026-01-13,PLACED,3,47.64
130182,2,1206,269,West,2026-01-13,PLACED,8,346.5
130183,1,4577,128,East,2026-01-13,PLACED,8,473.59
130184,1,2909,12,North,2026-01-13,PLACED,1,237.99
130184,2,2909,11,North,2026-01-13,PLACED,8,106.17
130185,1,3394,175,Central,2026-01-14,PLACED,7,393.16
130186,1,2352,258,West,2026-01-13,PLACED,2,100.84
130186,2,2352,283,West,2026-01-13,PLACED,6,344.39
130186,3,2352,97,West,2026-01-13,PLACED,2,469.86
130186,4,2352,20,West,2026-01-13,PLACED,2,7.98
130186,5,2352,202,West,2026-01-13,PLACED,9,475.71
130186,6,2352,72,West,2026-01-13,PLACED,2,502.57
130186,7,2352,8,West,2026-01-13,PLACED,1,45.77
130186,8,2352,137,West,2026-01-13,PLACED,7,41.61
130186,9,2352,102,West,2026-01-13,PLACED,2,351.37
130186,10,2352,172,West,2026-01-13,PLACED,3,285.66
130187,1,4940,48,West,2026-01-14,PLACED,2,143.55
130188,1,2968,101,South,2026-01-14,PLACED,5,10.02
130188,2,2968,294,South,2026-01-14,PLACED,10,126.87
130188,3,2968,237,South,2026-01-14,PLACED,3,478.96
130188,4,2968,93,South,2026-01-14,PLACED,3,426.56
130188,5,2968,243,South,2026-01-14,PLACED,5,271.54
130189,1,2788,79,Central,2026-01-14,PLACED,5,138.01
130190,1,4308,283,Central,2026-01-14,PLACED,8,338.57
130190,2,4308,54,Central,2026-01-14,PLACED,7,469.17
130190,3,4308,251,Central,2026-01-14,PLACED,5,146.11
130190,4,4308,36,Central,2026-01-14,PLACED,8,294.74
130190,5,4308,184,Central,2026-01-14,PLACED,3,57.61
130191,1,3883,144,West,2026-01-13,PLACED,3,480.25
130192,1,1151,109,North,2026-01-13,PLACED,2,207.75
130192,2,1151,202,North,2026-01-13,PLACED,10,506.3
130192,3,1151,108,North,2026-01-13,PLACED,10,225.38
130192,4,1151,29,North,2026-01-13,PLACED,3,456.41
130192,5,1151,242,North,2026-01-13,PLACED,1,275.29
130193,1,4363,39,Central,2026-01-14,PLACED,5,396.61
130193,2,4363,42,Central,2026-01-14,PLACED,8,25.06
130194,1,4291,34,South,2026-01-14,PLACED,5,511.68
130194,2,4291,69,South,2026-01-14,PLACED,8,175.85
130194,3,4291,61,South,2026-01-14,PLACED,9,491.83
130195,1,2285,4,South,2026-01-14,PLACED,9,116.31
130196,1,324,123,South,2026-01-13,PLACED,1,412.18
130197,1,3512,179,East,2026-01-13,PLACED,6,222.54
130198,1,4739,141,North,2026-01-13,PLACED,8,243.32
130199,1,2340,98,South,2026-01-13,PLACED,1,289.26
130199,2,2340,89,South,2026-01-13,PLACED,8,47.34
130200,1,754,256,Central,2026-01-14,PLACED,6,543.5
130201,1,2754,250,East,2026-01-14,PLACED,6,167.31
130201,2,2754,158,East,2026-01-14,PLACED,8,283.56
130201,3,2754,132,East,2026-01-14,PLACED,6,33.14
130202,1,1629,295,West,2026-01-13,PLACED,1,365.86
130203,1,1590,111,West,2026-01-14,PLACED,1,466.33
130204,1,3087,257,East,2026-01-13,PLACED,6,37.58
130205,1,171,288,East,2026-01-14,PLACED,4,47.93
130206,1,869,56,North,2026-01-13,PLACED,3,315.24
130207,1,319,276,North,2026-01-13,PLACED,10,58.47
130208,1,4152,32,East,2026-01-14,PLACED,6,369.79
130209,1,4109,83,West,2026-01-13,PLACED,2,288.35
130210,1,2702,260,West,2026-01-13,PLACED,3,505.73
130211,1,4458,276,South,2026-01-13,PLACED,6,65.45
130212,1,4875,157,West,2026-01-13,PLACED,4,179.01
130213,1,2008,69,North,2026-01-14,PLACED,1,145.96
130214,1,899,282,East,2026-01-13,PLACED,2,99.26
130215,1,1227,125,West,2026-01-13,PLACED,7,4.87
130216,1,3444,78,Central,2026-01-13,PLACED,1,234.28
130216,2,3444,184,Central,2026-01-13,PLACED,10,57.29
130216,3,3444,76,Central,2026-01-13,PLACED,4,197.53
130217,1,3843,283,East,2026-01-14,PLACED,7,346.03
130218,1,257,8,Central,2026-01-13,PLACED,4,49.2
130219,1,3493,67,East,2026-01-14,PLACED,10,116.43
130220,1,155,190,South,2026-01-14,PLACED,8,220.83
130220,2,155,162,South,2026-01-14,PLACED,4,290.95
130220,3,155,141,South,2026-01-14,PLACED,7,227.14
130220,4,155,121,South,2026-01-14,PLACED,2,365.41
130220,5,155,87,South,2026-01-14,PLACED,7,521.21
130221,1,3850,285,East,2026-01-14,PLACED,8,244.75
130222,1,3795,215,South,2026-01-14,PLACED,4,452.45
130223,1,4804,98,Central,2026-01-13,PLACED,4,277.93
130224,1,1159,135,North,2026-01-13,PLACED,4,42.79
130224,2,1159,113,North,2026-01-13,PLACED,10,243.71
130224,3,1159,10,North,2026-01-13,PLACED,5,19.58
130224,4,1159,107,North,2026-01-13,PLACED,6,55.05
130225,1,613,88,South,2026-01-14,PLACED,10,270.54
130226,1,4269,157,West,2026-01-13,PLACED,5,157.08
130226,2,4269,29,West,2026-01-13,PLACED,2,449.15
130227,1,767,267,West,2026-01-14,PLACED,7,306.98
130228,1,3198,88,West,2026-01-13,PLACED,5,251.83
130229,1,698,100,East,2026-01-13,PLACED,9,399.28
130229,2,698,108,East,2026-01-13,PLACED,8,219.62
130229,3,698,232,East,2026-01-13,PLACED,6,99.78
130229,4,698,172,East,2026-01-13,PLACED,1,294.18
130230,1,503,130,Central,2026-01-13,PLACED,1,387.28
130231,1,914,261,Central,2026-01-14,PLACED,1,477.54
130231,2,914,28,Central,2026-01-14,PLACED,9,47.92
130231,3,914,167,Central,2026-01-14,PLACED,4,124.56
130232,1,3596,272,North,2026-01-13,PLACED,9,161.86
130232,2,3596,109,North,2026-01-13,PLACED,6,225.89
130233,1,3210,259,West,2026-01-13,PLACED,3,136.19
130234,1,2446,89,South,2026-01-13,PLACED,6,47.14
130235,1,3203,5,West,2026-01-14,PLACED,6,361.53
130236,1,4018,253,West,2026-01-13,PLACED,8,43.35
130237,1,4976,141,East,2026-01-14,PLACED,2,256.06
130238,1,3321,38,South,2026-01-13,PLACED,10,323.87
130239,1,2903,36,South,2026-01-13,PLACED,10,255.57
130240,1,1419,293,North,2026-01-13,PLACED,3,342.78
130241,1,2082,141,West,2026-01-14,PLACED,7,248.33
130242,1,3385,217,West,2026-01-13,PLACED,10,294.29
130242,2,3385,143,West,2026-01-13,PLACED,6,146.45
130242,3,3385,115,West,2026-01-13,PLACED,9,480.84
130242,4,3385,293,West,2026-01-13,PLACED,5,335.77
130242,5,3385,127,West,2026-01-13,PLACED,10,15.17
130242,6,3385,68,West,2026-01-13,PLACED,6,19.59
130242,7,3385,185,West,2026-01-13,PLACED,3,199.33
130242,8,3385,258,West,2026-01-13,PLACED,6,105.04
130242,9,3385,210,West,2026-01-13,PLACED,2,451.9
130242,10,3385,139,West,2026-01-13,PLACED,4,377.07
130243,1,898,168,East,2026-01-13,PLACED,8,320.43
130244,1,2986,244,Central,2026-01-13,PLACED,5,470.41
130244,2,2986,82,Central,2026-01-13,PLACED,8,138.69
130244,3,2986,71,Central,2026-01-13,PLACED,6,111.97
130244,4,2986,201,Central,2026-01-13,PLACED,1,503.89
130245,1,1925,236,South,2026-01-13,PLACED,10,67.52
130246,1,3622,73,East,2026-01-13,PLACED,4,408.6
130246,2,3622,274,East,2026-01-13,PLACED,7,482.75
130247,1,4406,62,North,2026-01-14,PLACED,2,332.41
130247,2,4406,98,North,2026-01-14,PLACED,8,267.24
130247,3,4406,240,North,2026-01-14,PLACED,1,321.63
130248,1,2420,79,North,2026-01-14,PLACED,6,129.93
130249,1,2338,78,North,2026-01-14,PLACED,2,209.49
130250,1,2909,255,Central,2026-01-14,PLACED,5,511.57
130251,1,3000,199,West,2026-01-14,PLACED,3,492.54
130252,1,239,280,South,2026-01-13,PLACED,5,290.59
130253,1,370,178,South,2026-01-13,PLACED,6,214.51
130254,1,3063,230,North,2026-01-13,PLACED,5,474.51
130254,2,3063,127,North,2026-01-13,PLACED,1,15.14
130254,3,3063,32,North,2026-01-13,PLACED,6,381.67
130254,4,3063,24,North,2026-01-13,PLACED,9,84.18
130254,5,3063,298,North,2026-01-13,PLACED,2,9.9
130255,1,4653,160,Central,2026-01-14,PLACED,3,116.02
130256,1,353,252,North,2026-01-14,PLACED,7,402.01
130256,2,353,162,North,2026-01-14,PLACED,10,330.21
130256,3,353,241,North,2026-01-14,PLACED,5,224.26
130256,4,353,143,North,2026-01-14,PLACED,10,135.46
130256,5,353,244,North,2026-01-14,PLACED,9,444.07
130257,1,391,165,South,2026-01-14,PLACED,6,398.1
130258,1,4140,160,North,2026-01-14,PLACED,9,112.37
130259,1,2019,117,South,2026-01-14,PLACED,9,146.91
130260,1,436,157,East,2026-01-13,PLACED,9,174.07
130261,1,2958,7,North,2026-01-14,PLACED,6,458.41
130262,1,2167,277,Central,2026-01-13,PLACED,9,58.64
130263,1,1708,69,South,2026-01-14,PLACED,3,145.35
130264,1,3754,134,East,2026-01-13,PLACED,1,514.13
130265,1,4563,163,East,2026-01-14,PLACED,7,118.57
130266,1,494,50,East,2026-01-13,PLACED,10,169.17
130266,2,494,208,East,2026-01-13,PLACED,8,35.75
130267,1,876,247,Central,2026-01-13,PLACED,4,111.42
130268,1,3927,189,East,2026-01-14,PLACED,8,101.93
130268,2,3927,290,East,2026-01-14,PLACED,5,135.13
130268,3,3927,182,East,2026-01-14,PLACED,5,362.4
130268,4,3927,93,East,2026-01-14,PLACED,8,419.56
130268,5,3927,25,East,2026-01-14,PLACED,10,505.32
130269,1,2366,80,East,2026-01-13,PLACED,5,132.72
130270,1,1439,271,North,2026-01-13,PLACED,4,401.71
130271,1,2436,215,Central,2026-01-13,PLACED,6,512.34
130272,1,2699,182,East,2026-01-14,PLACED,10,363.88
130273,1,2255,53,North,2026-01-14,PLACED,7,127.31
130273,2,2255,92,North,2026-01-14,PLACED,9,311.13
130273,3,2255,116,North,2026-01-14,PLACED,4,395.09
130274,1,1040,198,Central,2026-01-14,PLACED,2,28.05
130275,1,4616,50,West,2026-01-13,PLACED,8,178.34
130276,1,4530,174,East,2026-01-13,PLACED,7,364.17
130277,1,4488,223,North,2026-01-14,PLACED,1,287.84
130278,1,3708,177,East,2026-01-14,PLACED,5,48.95
130279,1,1055,193,West,2026-01-13,PLACED,1,127.93
130280,1,4351,227,North,2026-01-13,PLACED,1,241.1
130281,1,4880,3,South,2026-01-13,PLACED,3,130.26
130282,1,2098,9,North,2026-01-13,PLACED,8,214.95
130283,1,4413,51,West,2026-01-14,PLACED,3,199.4
130284,1,132,199,Central,2026-01-13,PLACED,4,485.55
130285,1,1274,70,East,2026-01-14,PLACED,3,127.14
130286,1,392,147,West,2026-01-13,PLACED,4,249.18
130287,1,2864,34,East,2026-01-14,PLACED,10,512.57
130288,1,1129,4,Central,2026-01-13,PLACED,8,124.55
130289,1,640,277,North,2026-01-14,PLACED,5,60.46
130290,1,4920,241,East,2026-01-14,PLACED,5,205.94
130291,1,234,282,East,2026-01-13,PLACED,7,112.65
130292,1,3518,119,East,2026-01-13,PLACED,7,284.02
130292,2,3518,206,East,2026-01-13,PLACED,9,113.27
130292,3,3518,261,East,2026-01-13,PLACED,10,471.49
130292,4,3518,211,East,2026-01-13,PLACED,7,132.1
130292,5,3518,227,East,2026-01-13,PLACED,3,276.61
130293,1,1000,238,West,2026-01-13,PLACED,2,126.17
130294,1,3354,222,East,2026-01-13,PLACED,4,307.35
130294,2,3354,196,East,2026-01-13,PLACED,5,397.01
130295,1,3386,199,East,2026-01-13,PLACED,4,535.65
130296,1,4145,198,East,2026-01-14,PLACED,9,31.94
130297,1,409,21,North,2026-01-14,PLACED,8,379.4
130298,1,3176,93,North,2026-01-14,PLACED,5,370.23
130299,1,490,281,East,2026-01-14,PLACED,10,328.84
130299,2,490,53,East,2026-01-14,PLACED,8,144.57
130299,3,490,81,East,2026-01-14,PLACED,2,304.92
130299,4,490,45,East,2026-01-14,PLACED,10,40.72
130299,5,490,175,East,2026-01-14,PLACED,6,397.91
130299,6,490,282,East,2026-01-14,PLACED,10,96.78
130299,7,490,160,East,2026-01-14,PLACED,4,104.09
130299,8,490,201,East,2026-01-14,PLACED,7,476.42
130299,9,490,263,East,2026-01-14,PLACED,4,176.01
130299,10,490,239,East,2026-01-14,PLACED,10,283.26
130300,1,799,118,North,2026-01-14,PLACED,6,336.37
130301,1,2869,229,Central,2026-01-13,PLACED,6,84.7
130301,2,2869,238,Central,2026-01-13,PLACED,2,117.24
130301,3,2869,168,Central,2026-01-13,PLACED,5,368.67
130302,1,930,166,North,2026-01-14,PLACED,3,40.57
130303,1,1327,230,East,2026-01-13,PLACED,8,489.4
130304,1,2410,64,Central,2026-01-14,PLACED,3,334.77
130304,2,2410,236,Central,2026-01-14,PLACED,7,64.69
130304,3,2410,257,Central,2026-01-14,PLACED,10,41.56
130305,1,4516,246,East,2026-01-13,PLACED,8,344.95
130305,2,4516,245,East,2026-01-13,PLACED,4,102.4
130306,1,1059,38,North,2026-01-13,PLACED,7,326.12
130307,1,3758,13,West,2026-01-14,PLACED,9,18.62
130308,1,3728,87,Central,2026-01-13,PLACED,1,497.4
130309,1,4961,150,East,2026-01-13,PLACED,6,173.24
130310,1,376,139,Central,2026-01-13,PLACED,6,386.35
130311,1,1947,293,South,2026-01-14,PLACED,5,341.87
130311,2,1947,96,South,2026-01-14,PLACED,7,175.73
130311,3,1947,80,South,2026-01-14,PLACED,3,134.16
130311,4,1947,5,South,2026-01-14,PLACED,3,392.16
130311,5,1947,138,South,2026-01-14,PLACED,5,346.78
130311,6,1947,124,South,2026-01-14,PLACED,9,281.69
130312,1,165,213,East,2026-01-13,PLACED,10,244.35
130313,1,3056,289,South,2026-01-14,PLACED,6,221.61
130314,1,2138,229,East,2026-01-13,PLACED,4,83.81
130314,2,2138,175,East,2026-01-13,PLACED,2,385.24
130314,3,2138,263,East,2026-01-13,PLACED,5,179.32
130314,4,2138,95,East,2026-01-13,PLACED,2,35.74
130314,5,2138,28,East,2026-01-13,PLACED,10,48.04
130314,6,2138,27,East,2026-01-13,PLACED,1,54.67
130314,7,2138,78,East,2026-01-13,PLACED,6,214.03
130314,8,2138,295,East,2026-01-13,PLACED,5,352.89
130314,9,2138,85,East,2026-01-13,PLACED,6,213.65
130314,10,2138,140,East,2026-01-13,PLACED,2,65.78
130315,1,3288,262,East,2026-01-14,PLACED,9,475.74
130315,2,3288,239,East,2026-01-14,PLACED,2,295.94
130316,1,1737,295,North,2026-01-14,PLACED,1,351.88
130317,1,1900,140,Central,2026-01-13,PLACED,1,70.73
130318,1,1897,290,East,2026-01-13,PLACED,10,155.36
130318,2,1897,264,East,2026-01-13,PLACED,3,77.47
130319,1,737,196,North,2026-01-13,PLACED,10,415.54
130320,1,3969,140,East,2026-01-13,PLACED,3,68.66
130321,1,4335,195,Central,2026-01-14,PLACED,1,206.24
130322,1,3668,199,East,2026-01-14,PLACED,4,534.5
130322,2,3668,27,East,2026-01-14,PLACED,1,53.58
130323,1,4684,93,West,2026-01-13,PLACED,3,360.24
130323,2,4684,75,West,2026-01-13,PLACED,3,323.39
130323,3,4684,173,West,2026-01-13,PLACED,10,258.47
130323,4,4684,193,West,2026-01-13,PLACED,8,137.39
130323,5,4684,175,West,2026-01-13,PLACED,6,394.39
130324,1,2187,202,West,2026-01-13,PLACED,2,458.73
130325,1,2789,194,West,2026-01-13,PLACED,9,501.15
130326,1,1797,210,South,2026-01-14,PLACED,1,467.02
130326,2,1797,235,South,2026-01-14,PLACED,4,114.72
130327,1,1256,240,South,2026-01-13,PLACED,3,341.4
130328,1,172,172,East,2026-01-14,PLACED,5,274.99
130329,1,2821,124,South,2026-01-14,PLACED,2,294.28
130330,1,4621,117,North,2026-01-14,PLACED,5,144.14
130331,1,4321,70,Central,2026-01-14,PLACED,2,143.67
130332,1,3382,124,South,2026-01-13,PLACED,10,267.83
130333,1,801,171,Central,2026-01-14,PLACED,3,463.86
130334,1,2664,233,South,2026-01-13,PLACED,8,315.96
130335,1,2584,37,North,2026-01-14,PLACED,8,427.61
130336,1,887,73,West,2026-01-13,PLACED,5,438.69
130337,1,2411,279,South,2026-01-13,PLACED,6,133.03
130338,1,4886,149,Central,2026-01-14,PLACED,7,113.91
130339,1,3544,31,West,2026-01-13,PLACED,8,402.13
130339,2,3544,170,West,2026-01-13,PLACED,6,73.03
130339,3,3544,224,West,2026-01-13,PLACED,9,378.68
130339,4,3544,152,West,2026-01-13,PLACED,6,320.0
130339,5,3544,28,West,2026-01-13,PLACED,5,49.41
130340,1,1778,235,East,2026-01-13,PLACED,1,125.76
130341,1,704,161,East,2026-01-13,PLACED,4,43.42
130342,1,2174,183,West,2026-01-14,PLACED,2,493.99
130343,1,3333,197,West,2026-01-14,PLACED,7,279.49
130343,2,3333,32,West,2026-01-14,PLACED,7,345.77
130343,3,3333,169,West,2026-01-14,PLACED,4,114.26
130343,4,3333,163,West,2026-01-14,PLACED,2,109.2
130343,5,3333,195,West,2026-01-14,PLACED,9,245.01
130343,6,3333,113,West,2026-01-14,PLACED,6,248.12
130343,7,3333,64,West,2026-01-14,PLACED,5,329.48
130343,8,3333,105,West,2026-01-14,PLACED,5,150.68
130343,9,3333,159,West,2026-01-14,PLACED,10,117.29
130344,1,1070,88,Central,2026-01-13,PLACED,5,259.43
130345,1,4744,281,North,2026-01-14,PLACED,8,367.74
130346,1,270,11,East,2026-01-13,PLACED,9,109.32
130347,1,4781,291,North,2026-01-14,PLACED,2,6.22
130348,1,4144,264,East,2026-01-14,PLACED,3,90.44
130349,1,3328,222,Central,2026-01-14,PLACED,1,268.52
130349,2,3328,182,Central,2026-01-14,PLACED,5,367.73
130349,3,3328,137,Central,2026-01-14,PLACED,10,39.33
130349,4,3328,216,Central,2026-01-14,PLACED,3,490.96
130349,5,3328,5,Central,2026-01-14,PLACED,5,353.52
130349,6,3328,142,Central,2026-01-14,PLACED,2,255.37
130350,1,3052,202,West,2026-01-14,PLACED,6,495.07
130351,1,4369,298,North,2026-01-14,PLACED,10,9.36
130352,1,1342,45,Central,2026-01-13,PLACED,10,46.96
130353,1,2304,151,East,2026-01-13,PLACED,8,454.86
130353,2,2304,99,East,2026-01-13,PLACED,1,505.62
130354,1,2367,170,West,2026-01-13,PLACED,3,64.66
130355,1,4879,230,West,2026-01-14,PLACED,10,457.03
130356,1,11,251,North,2026-01-13,PLACED,1,161.93
130357,1,1733,41,North,2026-01-14,PLACED,3,328.02
130358,1,2312,156,South,2026-01-14,PLACED,4,127.34
130359,1,2799,57,South,2026-01-13,PLACED,1,90.64
130360,1,3781,146,South,2026-01-14,PLACED,6,116.07
130361,1,197,171,West,2026-01-14,PLACED,3,434.34
130362,1,201,10,West,2026-01-14,PLACED,2,21.12
130363,1,3582,198,South,2026-01-13,PLACED,6,30.55
130364,1,325,260,West,2026-01-13,PLACED,8,508.23
130365,1,478,135,North,2026-01-13,PLACED,5,46.12
130365,2,478,143,North,2026-01-13,PLACED,7,136.75
130366,1,3605,183,North,2026-01-14,PLACED,10,475.98
130366,2,3605,130,North,2026-01-14,PLACED,5,410.63
130367,1,873,103,North,2026-01-14,PLACED,4,331.25
130368,1,2116,217,East,2026-01-14,PLACED,4,292.94
130369,1,4501,91,East,2026-01-13,PLACED,8,61.93
130370,1,1671,263,Central,2026-01-14,PLACED,8,178.88
130371,1,1821,37,Central,2026-01-14,PLACED,8,385.51
130372,1,1901,100,East,2026-01-13,PLACED,3,415.22
130372,2,1901,23,East,2026-01-13,PLACED,7,166.88
130372,3,1901,128,East,2026-01-13,PLACED,3,458.17
130372,4,1901,67,East,2026-01-13,PLACED,1,130.06
130373,1,3338,82,Central,2026-01-13,PLACED,4,127.21
130373,2,3338,260,Central,2026-01-13,PLACED,1,510.39
130374,1,2747,212,Central,2026-01-13,PLACED,7,373.67
130375,1,1506,154,East,2026-01-13,PLACED,8,239.69
130376,1,3090,74,South,2026-01-13,PLACED,1,155.09
130377,1,3079,139,East,2026-01-14,PLACED,10,386.71
130378,1,2664,51,South,2026-01-14,PLACED,8,190.08
130378,2,2664,161,South,2026-01-14,PLACED,8,41.76
130379,1,2073,136,East,2026-01-14,PLACED,9,264.35
130379,2,2073,207,East,2026-01-14,PLACED,10,191.28
130379,3,2073,233,East,2026-01-14,PLACED,5,317.62
130379,4,2073,274,East,2026-01-14,PLACED,9,498.97
130380,1,3325,181,South,2026-01-14,PLACED,9,335.64
130381,1,1806,117,North,2026-01-14,PLACED,9,144.1
130382,1,3266,209,West,2026-01-13,PLACED,10,174.29
130383,1,792,229,Central,2026-01-13,PLACED,1,87.9
130384,1,2465,224,Central,2026-01-13,PLACED,10,397.05
130384,2,2465,127,Central,2026-01-13,PLACED,10,15.08
130384,3,2465,254,Central,2026-01-13,PLACED,1,244.32
130384,4,2465,32,Central,2026-01-13,PLACED,8,371.32
130384,5,2465,183,Central,2026-01-13,PLACED,10,477.05
130385,1,514,159,North,2026-01-14,PLACED,10,129.26
130386,1,4475,178,North,2026-01-13,PLACED,10,197.94
130386,2,4475,260,North,2026-01-13,PLACED,7,465.38
130387,1,3501,269,West,2026-01-13,PLACED,2,348.76
130388,1,1302,187,South,2026-01-14,PLACED,9,474.12
130389,1,1357,288,South,2026-01-14,PLACED,4,52.5
130389,2,1357,260,South,2026-01-14,PLACED,4,431.07
130389,3,1357,41,South,2026-01-14,PLACED,9,335.11
130390,1,1747,96,Central,2026-01-14,PLACED,10,181.3
130391,1,2817,170,Central,2026-01-14,PLACED,9,70.19
130392,1,3205,97,South,2026-01-13,PLACED,10,473.04
130393,1,4291,179,North,2026-01-13,PLACED,10,208.04
130394,1,734,77,West,2026-01-13,PLACED,8,437.67
130394,2,734,75,West,2026-01-13,PLACED,3,330.03
130395,1,1296,91,Central,2026-01-13,PLACED,7,62.88
130395,2,1296,246,Central,2026-01-13,PLACED,1,338.14
130395,3,1296,251,Central,2026-01-13,PLACED,10,168.03
130395,4,1296,83,Central,2026-01-13,PLACED,4,316.75
130395,5,1296,9,Central,2026-01-13,PLACED,2,202.59
130395,6,1296,154,Central,2026-01-13,PLACED,2,262.87
130395,7,1296,85,Central,2026-01-13,PLACED,7,186.12
130396,1,4398,57,North,2026-01-14,PLACED,8,95.35
130396,2,4398,47,North,2026-01-14,PLACED,5,56.71
130397,1,4055,176,West,2026-01-14,PLACED,8,94.69
130397,2,4055,184,West,2026-01-14,PLACED,4,51.34
130397,3,4055,145,West,2026-01-14,PLACED,4,209.06
130397,4,4055,66,West,2026-01-14,PLACED,10,378.7
130397,5,4055,102,West,2026-01-14,PLACED,1,377.28
130398,1,4011,137,West,2026-01-13,PLACED,10,40.28
130399,1,1826,62,East,2026-01-13,PLACED,8,299.87
130400,1,3830,118,Central,2026-01-14,PLACED,1,329.04
130401,1,2546,129,West,2026-01-14,PLACED,1,437.0
130402,1,2459,194,Central,2026-01-13,PLACED,10,419.92
130402,2,2459,15,Central,2026-01-13,PLACED,10,309.54
130403,1,2204,89,South,2026-01-13,PLACED,4,49.45
130404,1,2425,31,East,2026-01-13,PLACED,9,379.74
130405,1,3550,55,East,2026-01-14,PLACED,4,352.58
130406,1,721,26,East,2026-01-14,PLACED,6,182.27
130407,1,2757,271,North,2026-01-14,PLACED,9,379.33
130407,2,2757,178,North,2026-01-14,PLACED,8,223.79
130408,1,3319,244,South,2026-01-14,PLACED,6,463.16
130409,1,4520,108,Central,2026-01-13,PLACED,3,200.54
130410,1,3689,23,South,2026-01-14,PLACED,10,182.54
130411,1,813,204,Central,2026-01-13,PLACED,3,79.69
130412,1,1860,35,East,2026-01-13,PLACED,9,202.55
130413,1,4617,31,Central,2026-01-13,PLACED,5,397.16
130414,1,1436,230,Central,2026-01-14,PLACED,4,441.99
130415,1,4115,29,North,2026-01-14,PLACED,6,394.17
130416,1,2003,184,Central,2026-01-13,PLACED,9,50.79
130416,2,2003,260,Central,2026-01-13,PLACED,1,427.02
130416,3,2003,220,Central,2026-01-13,PLACED,8,145.12
130417,1,3898,183,South,2026-01-13,PLACED,1,457.65
130418,1,2372,28,West,2026-01-13,PLACED,2,56.04
130418,2,2372,173,West,2026-01-13,PLACED,1,243.73
130418,3,2372,18,West,2026-01-13,PLACED,8,305.63
130418,4,2372,231,West,2026-01-13,PLACED,1,46.15
130419,1,4039,57,East,2026-01-13,PLACED,5,91.09
130420,1,4890,175,South,2026-01-14,PLACED,9,370.65
130420,2,4890,92,South,2026-01-14,PLACED,5,338.93
130420,3,4890,200,South,2026-01-14,PLACED,9,404.88
130420,4,4890,147,South,2026-01-14,PLACED,10,269.61
130420,5,4890,80,South,2026-01-14,PLACED,3,136.68
130421,1,1645,160,North,2026-01-14,PLACED,9,116.54
130422,1,1971,13,West,2026-01-13,PLACED,1,19.31
130423,1,268,141,South,2026-01-13,PLACED,7,229.37
130423,2,268,174,South,2026-01-13,PLACED,4,401.16
130423,3,268,225,South,2026-01-13,PLACED,1,31.28
130423,4,268,91,South,2026-01-13,PLACED,10,61.33
130423,5,268,64,South,2026-01-13,PLACED,4,325.07
130424,1,2247,34,West,2026-01-13,PLACED,9,446.86
130425,1,4106,157,East,2026-01-14,PLACED,8,167.58
130425,2,4106,77,East,2026-01-14,PLACED,2,498.39
130425,3,4106,45,East,2026-01-14,PLACED,1,40.15
130426,1,1425,297,West,2026-01-14,PLACED,8,211.06
130427,1,4546,25,West,2026-01-13,PLACED,8,446.68
130427,2,4546,77,West,2026-01-13,PLACED,6,432.37
130428,1,2123,169,South,2026-01-13,PLACED,8,113.37
130429,1,909,23,East,2026-01-13,PLACED,8,160.45
130430,1,498,172,West,2026-01-13,PLACED,4,300.34
130430,2,498,204,West,2026-01-13,PLACED,3,79.88
130430,3,498,289,West,2026-01-13,PLACED,1,231.38
130430,4,498,63,West,2026-01-13,PLACED,3,294.51
130431,1,3736,255,Central,2026-01-14,PLACED,10,523.88
130431,2,3736,189,Central,2026-01-14,PLACED,2,105.98
130431,3,3736,200,Central,2026-01-14,PLACED,6,388.43
130431,4,3736,11,Central,2026-01-14,PLACED,3,115.69
130431,5,3736,175,Central,2026-01-14,PLACED,4,381.3
130431,6,3736,138,Central,2026-01-14,PLACED,8,405.85
130431,7,3736,178,Central,2026-01-14,PLACED,8,215.92
130431,8,3736,253,Central,2026-01-14,PLACED,10,40.63
130431,9,3736,112,Central,2026-01-14,PLACED,8,123.53
130431,10,3736,297,Central,2026-01-14,PLACED,6,235.27
130432,1,637,68,Central,2026-01-14,PLACED,6,20.36
130433,1,3180,252,West,2026-01-14,PLACED,4,342.96
130434,1,3681,186,North,2026-01-13,PLACED,4,188.47
130435,1,398,236,South,2026-01-14,PLACED,8,58.1
130436,1,2839,50,Central,2026-01-14,PLACED,1,168.69
130437,1,35,169,West,2026-01-13,PLACED,5,113.32
130438,1,3044,214,South,2026-01-13,PLACED,7,226.55
130439,1,4885,210,South,2026-01-14,PLACED,5,530.56
130440,1,3521,3,East,2026-01-14,PLACED,7,144.24
130441,1,1924,131,South,2026-01-14,PLACED,8,155.52
130442,1,1532,198,North,2026-01-14,PLACED,4,32.05
130443,1,3792,139,West,2026-01-14,PLACED,8,370.77
130444,1,2703,2,North,2026-01-13,PLACED,10,18.21
130445,1,2646,262,Central,2026-01-13,PLACED,2,408.04
130446,1,4934,103,West,2026-01-14,PLACED,9,319.86
130447,1,1019,204,West,2026-01-14,PLACED,6,93.42
130448,1,579,136,Central,2026-01-13,PLACED,8,250.32
130449,1,4232,6,South,2026-01-14,PLACED,4,368.69
130450,1,4256,285,East,2026-01-13,PLACED,4,231.65
130451,1,1723,167,South,2026-01-13,PLACED,8,117.84
130451,2,1723,106,South,2026-01-13,PLACED,6,297.79
130452,1,2603,222,East,2026-01-13,PLACED,6,291.45
130453,1,4774,208,Central,2026-01-14,PLACED,8,36.73
130454,1,1163,178,West,2026-01-13,PLACED,4,238.32
130455,1,4972,172,East,2026-01-14,PLACED,9,286.2
130456,1,3558,28,South,2026-01-14,PLACED,8,53.8
130457,1,3696,171,West,2026-01-14,PLACED,10,430.31
130457,2,3696,221,West,2026-01-14,PLACED,3,484.6
130458,1,2374,198,West,2026-01-13,PLACED,10,31.14
130459,1,2250,227,West,2026-01-14,PLACED,2,272.14
130459,2,2250,277,West,2026-01-14,PLACED,4,60.07
130459,3,2250,122,West,2026-01-14,PLACED,7,287.49
130459,4,2250,13,West,2026-01-14,PLACED,10,16.54
130460,1,4648,53,Central,2026-01-14,PLACED,2,130.58
130460,2,4648,235,Central,2026-01-14,PLACED,10,126.67
130460,3,4648,173,Central,2026-01-14,PLACED,2,226.5
130460,4,4648,31,Central,2026-01-14,PLACED,4,404.82
130460,5,4648,76,Central,2026-01-14,PLACED,4,214.98
130461,1,4961,92,North,2026-01-14,PLACED,2,293.5
130462,1,4964,199,Central,2026-01-13,PLACED,4,484.18
130462,2,4964,288,Central,2026-01-13,PLACED,7,52.43
130463,1,642,98,East,2026-01-13,PLACED,6,277.89
130464,1,4449,38,West,2026-01-13,PLACED,2,316.83
130464,2,4449,194,West,2026-01-13,PLACED,2,416.49
130465,1,4859,167,Central,2026-01-14,PLACED,4,129.58
130466,1,3914,198,South,2026-01-14,PLACED,1,30.31
130467,1,826,284,South,2026-01-14,PLACED,5,137.13
130468,1,3894,214,Central,2026-01-14,PLACED,6,205.61
130469,1,3944,180,Central,2026-01-14,PLACED,4,229.0
130469,2,3944,4,Central,2026-01-14,PLACED,8,116.11
130469,3,3944,59,Central,2026-01-14,PLACED,1,81.29
130469,4,3944,256,Central,2026-01-14,PLACED,10,544.32
130469,5,3944,148,Central,2026-01-14,PLACED,7,338.43
130470,1,4693,296,South,2026-01-13,PLACED,4,280.3
130471,1,1914,267,North,2026-01-14,PLACED,5,308.83
130472,1,3437,53,East,2026-01-13,PLACED,2,144.52
130473,1,3309,76,North,2026-01-14,PLACED,10,185.15
130474,1,46,71,Central,2026-01-13,PLACED,8,106.92
130475,1,4022,15,East,2026-01-14,PLACED,10,298.58
130476,1,1417,106,South,2026-01-13,PLACED,1,337.8
130477,1,101,300,West,2026-01-14,PLACED,9,482.1
130478,1,2278,232,East,2026-01-14,PLACED,1,94.62
130479,1,2509,17,North,2026-01-13,PLACED,8,124.19
130480,1,291,268,North,2026-01-14,PLACED,8,475.45
130481,1,3437,153,Central,2026-01-13,PLACED,1,227.11
130482,1,240,65,East,2026-01-13,PLACED,4,382.09
130483,1,2510,40,North,2026-01-14,PLACED,9,302.99
130483,2,2510,247,North,2026-01-14,PLACED,9,124.72
130484,1,1396,135,North,2026-01-13,PLACED,1,46.81
130484,2,1396,198,North,2026-01-13,PLACED,8,28.98
130484,3,1396,62,North,2026-01-13,PLACED,3,322.91
130484,4,1396,147,North,2026-01-13,PLACED,4,291.02
130484,5,1396,279,North,2026-01-13,PLACED,1,131.98
130485,1,2459,34,East,2026-01-14,PLACED,9,527.61
130486,1,3746,15,West,2026-01-14,PLACED,2,325.74
130487,1,4628,154,South,2026-01-14,PLACED,10,254.77
130488,1,4162,41,East,2026-01-13,PLACED,9,344.81
130489,1,4819,258,Central,2026-01-13,PLACED,4,104.94
130490,1,4311,164,West,2026-01-13,PLACED,6,489.75
130490,2,4311,133,West,2026-01-13,PLACED,10,403.89
130491,1,3716,182,East,2026-01-13,PLACED,10,372.06
130492,1,4244,295,North,2026-01-14,PLACED,1,338.66
130493,1,1121,201,East,2026-01-13,PLACED,4,498.45
130494,1,3891,281,East,2026-01-14,PLACED,1,354.94
130495,1,2718,198,East,2026-01-13,PLACED,7,28.96
130496,1,4627,117,Central,2026-01-13,PLACED,6,152.62
130497,1,4597,224,East,2026-01-14,PLACED,2,360.31
130498,1,1119,105,East,2026-01-13,PLACED,3,129.59
130499,1,1127,166,South,2026-01-13,PLACED,4,36.95
130500,1,132,16,South,2026-01-14,PLACED,2,266.25
130500,2,132,90,South,2026-01-14,PLACED,7,27.85
130500,3,132,84,South,2026-01-14,PLACED,2,424.53
130500,4,132,286,South,2026-01-14,PLACED,6,429.04
130500,5,132,132,South,2026-01-14,PLACED,10,36.15
130501,1,3142,83,South,2026-01-13,PLACED,1,288.19
130502,1,3554,129,East,2026-01-14,PLACED,4,483.71
130503,1,338,259,Central,2026-01-14,PLACED,10,136.65
130504,1,909,94,North,2026-01-14,PLACED,4,229.74
130505,1,3476,205,North,2026-01-14,PLACED,4,248.06
130505,2,3476,299,North,2026-01-14,PLACED,5,39.02
130505,3,3476,180,North,2026-01-14,PLACED,5,229.0
130505,4,3476,186,North,2026-01-14,PLACED,9,164.75
130505,5,3476,230,North,2026-01-14,PLACED,3,467.26
130506,1,789,81,North,2026-01-14,PLACED,5,254.68
130506,2,789,58,North,2026-01-14,PLACED,10,348.06
130507,1,1241,171,East,2026-01-14,PLACED,5,447.12
130508,1,2446,13,West,2026-01-14,PLACED,2,18.04
130508,2,2446,173,West,2026-01-14,PLACED,5,262.46
130509,1,4442,49,South,2026-01-14,PLACED,5,301.89
130510,1,410,250,Central,2026-01-13,PLACED,3,152.79
130511,1,4370,61,North,2026-01-13,PLACED,7,462.85
130511,2,4370,21,North,2026-01-13,PLACED,8,426.3
130511,3,4370,97,North,2026-01-13,PLACED,1,476.81
130511,4,4370,130,North,2026-01-13,PLACED,6,431.14
130511,5,4370,32,North,2026-01-13,PLACED,2,334.92
130512,1,1329,99,Central,2026-01-13,PLACED,5,531.8
130513,1,3905,42,South,2026-01-14,PLACED,7,29.8
130514,1,998,111,East,2026-01-13,PLACED,3,477.73
130515,1,3792,58,North,2026-01-13,PLACED,10,337.94
130516,1,2948,134,Central,2026-01-13,PLACED,1,520.6
130517,1,4740,157,South,2026-01-14,PLACED,1,177.03
130518,1,1731,20,West,2026-01-14,PLACED,2,7.59
130519,1,1220,170,Central,2026-01-14,PLACED,4,66.86
130520,1,1971,166,Central,2026-01-13,PLACED,5,40.88
130520,2,1971,242,Central,2026-01-13,PLACED,10,309.92
130521,1,1895,201,South,2026-01-13,PLACED,7,528.71
130522,1,1252,253,West,2026-01-14,PLACED,1,37.57
130523,1,1223,119,South,2026-01-13,PLACED,2,280.0
130524,1,3100,133,East,2026-01-13,PLACED,7,467.38
130525,1,451,222,East,2026-01-14,PLACED,10,309.78
130526,1,2503,124,East,2026-01-13,PLACED,10,280.34
130527,1,247,179,North,2026-01-14,PLACED,6,202.43
130528,1,1062,39,East,2026-01-14,PLACED,3,408.67
130528,2,1062,84,East,2026-01-14,PLACED,2,440.14
130528,3,1062,17,East,2026-01-14,PLACED,10,112.01
130528,4,1062,156,East,2026-01-14,PLACED,10,123.7
130528,5,1062,201,East,2026-01-14,PLACED,9,463.64
130529,1,3179,48,North,2026-01-13,PLACED,5,156.19
130530,1,1825,140,South,2026-01-13,PLACED,4,73.23
130530,2,1825,253,South,2026-01-13,PLACED,10,42.46
130530,3,1825,214,South,2026-01-13,PLACED,5,222.21
130530,4,1825,232,South,2026-01-13,PLACED,3,92.15
130530,5,1825,127,South,2026-01-13,PLACED,1,13.45
130530,6,1825,183,South,2026-01-13,PLACED,4,509.68
130530,7,1825,269,South,2026-01-13,PLACED,1,299.64
130530,8,1825,169,South,2026-01-13,PLACED,4,106.27
130531,1,1634,230,North,2026-01-14,PLACED,7,510.39
130532,1,1477,33,West,2026-01-14,PLACED,10,283.78
130532,2,1477,179,West,2026-01-14,PLACED,7,193.53
130532,3,1477,13,West,2026-01-14,PLACED,3,18.3
130533,1,1801,120,East,2026-01-13,PLACED,1,77.55
130534,1,2005,164,South,2026-01-13,PLACED,6,432.47
130534,2,2005,120,South,2026-01-13,PLACED,1,81.96
130535,1,3104,96,North,2026-01-13,PLACED,2,179.26
130536,1,4729,115,South,2026-01-13,PLACED,8,435.05
130537,1,105,210,East,2026-01-13,PLACED,10,458.39
130538,1,2836,2,West,2026-01-14,PLACED,7,16.07
130539,1,3277,142,West,2026-01-14,PLACED,10,294.67
130540,1,151,276,Central,2026-01-13,PLACED,4,66.85
130541,1,2316,49,East,2026-01-13,PLACED,10,313.47
130542,1,4744,31,West,2026-01-14,PLACED,2,405.0
130542,2,4744,233,West,2026-01-14,PLACED,1,290.92
130542,3,4744,121,West,2026-01-14,PLACED,4,386.86
130542,4,4744,48,West,2026-01-14,PLACED,8,148.34
130543,1,1210,126,North,2026-01-14,PLACED,7,161.59
130544,1,1225,226,South,2026-01-13,PLACED,8,283.6
130545,1,2905,72,West,2026-01-13,PLACED,10,456.86
130545,2,2905,285,West,2026-01-13,PLACED,8,266.49
130545,3,2905,48,West,2026-01-13,PLACED,10,149.8
130546,1,3476,106,North,2026-01-14,PLACED,6,313.5
130546,2,3476,276,North,2026-01-14,PLACED,10,59.24
130547,1,751,146,East,2026-01-13,PLACED,5,108.49
130548,1,3911,158,East,2026-01-14,PLACED,10,321.35
130549,1,52,238,South,2026-01-14,PLACED,3,126.79
130550,1,2120,163,North,2026-01-13,PLACED,3,111.45
130551,1,2230,98,Central,2026-01-14,PLACED,7,293.52
130552,1,2404,267,Central,2026-01-14,PLACED,3,312.01
130553,1,4577,228,South,2026-01-13,PLACED,7,459.58
130554,1,4065,13,North,2026-01-13,PLACED,8,19.7
130554,2,4065,208,North,2026-01-13,PLACED,3,35.79
130555,1,1215,108,Central,2026-01-14,PLACED,7,211.36
130555,2,1215,7,Central,2026-01-14,PLACED,6,417.24
130555,3,1215,253,Central,2026-01-14,PLACED,1,38.8
130555,4,1215,95,Central,2026-01-14,PLACED,8,32.95
130555,5,1215,195,Central,2026-01-14,PLACED,5,232.66
130555,6,1215,98,Central,2026-01-14,PLACED,10,269.38
130555,7,1215,291,Central,2026-01-14,PLACED,4,7.0
130556,1,3015,78,East,2026-01-13,PLACED,2,224.62
130556,2,3015,12,East,2026-01-13,PLACED,10,270.29
130557,1,285,54,South,2026-01-14,PLACED,1,493.87
130558,1,697,146,West,2026-01-13,PLACED,8,109.23
130559,1,204,15,South,2026-01-14,PLACED,4,344.86
130559,2,204,213,South,2026-01-14,PLACED,4,246.82
130559,3,204,93,South,2026-01-14,PLACED,6,374.81
130560,1,111,254,North,2026-01-13,PLACED,10,209.14
130560,2,111,64,North,2026-01-13,PLACED,8,315.3
130561,1,3944,133,South,2026-01-14,PLACED,4,471.54
130562,1,4221,143,Central,2026-01-13,PLACED,3,148.47
130563,1,4570,7,South,2026-01-14,PLACED,4,478.69
130564,1,3699,117,North,2026-01-13,PLACED,9,145.26
130565,1,1891,255,Central,2026-01-13,PLACED,8,494.8
130566,1,3963,119,North,2026-01-13,PLACED,10,326.73
130567,1,1293,207,Central,2026-01-14,PLACED,6,193.82
130567,2,1293,111,Central,2026-01-14,PLACED,2,471.63
130568,1,98,170,East,2026-01-13,PLACED,1,71.14
130569,1,4889,62,East,2026-01-14,PLACED,2,305.46
130570,1,1795,40,Central,2026-01-14,PLACED,2,301.83
130570,2,1795,214,Central,2026-01-14,PLACED,1,232.24
130570,3,1795,83,Central,2026-01-14,PLACED,9,309.12
130570,4,1795,81,Central,2026-01-14,PLACED,10,281.37
130570,5,1795,135,Central,2026-01-14,PLACED,9,45.82
130571,1,4457,195,South,2026-01-13,PLACED,9,212.21
130572,1,4218,3,West,2026-01-14,PLACED,10,129.69
130572,2,4218,223,West,2026-01-14,PLACED,10,274.82
130572,3,4218,9,West,2026-01-14,PLACED,10,199.66
130573,1,4525,91,North,2026-01-14,PLACED,7,53.9
130573,2,4525,22,North,2026-01-14,PLACED,7,323.17
130573,3,4525,81,North,2026-01-14,PLACED,2,298.67
130573,4,4525,118,North,2026-01-14,PLACED,8,309.21
130574,1,799,159,North,2026-01-13,PLACED,3,127.22
130575,1,4480,183,West,2026-01-13,PLACED,9,517.63
130576,1,3676,107,West,2026-01-14,PLACED,1,66.22
130577,1,897,292,South,2026-01-13,PLACED,10,372.59
130577,2,897,117,South,2026-01-13,PLACED,8,159.83
130578,1,4343,133,South,2026-01-14,PLACED,5,431.4
130579,1,551,122,West,2026-01-13,PLACED,9,247.12
130579,2,551,196,West,2026-01-13,PLACED,6,388.38
130580,1,2535,200,South,2026-01-14,PLACED,9,453.05
130581,1,1807,133,East,2026-01-14,PLACED,3,455.62
130582,1,3914,36,Central,2026-01-13,PLACED,10,300.25
130582,2,3914,26,Central,2026-01-13,PLACED,3,157.15
130582,3,3914,85,Central,2026-01-13,PLACED,1,213.62
130583,1,2553,54,Central,2026-01-14,PLACED,6,424.08
130584,1,2051,84,South,2026-01-14,PLACED,7,423.0
130585,1,4705,213,South,2026-01-14,PLACED,5,224.69
130586,1,301,133,South,2026-01-14,PLACED,2,396.25
130587,1,4677,257,Central,2026-01-14,PLACED,7,45.24
130587,2,4677,55,Central,2026-01-14,PLACED,1,336.0
130587,3,4677,183,Central,2026-01-14,PLACED,5,469.87
130588,1,3992,244,South,2026-01-13,PLACED,1,472.27
130589,1,4082,71,Central,2026-01-13,PLACED,7,99.22
130589,2,4082,137,Central,2026-01-13,PLACED,1,38.32
130589,3,4082,116,Central,2026-01-13,PLACED,2,445.45
130590,1,1978,240,North,2026-01-14,PLACED,3,331.14
130590,2,1978,205,North,2026-01-14,PLACED,8,256.2
130591,1,1476,66,West,2026-01-14,PLACED,10,354.85
130592,1,3610,166,North,2026-01-13,PLACED,9,40.49
130593,1,2686,292,North,2026-01-14,PLACED,6,413.17
130594,1,3677,93,North,2026-01-14,PLACED,3,413.5
130595,1,1288,67,East,2026-01-14,PLACED,3,123.42
130596,1,2322,33,Central,2026-01-13,PLACED,1,263.3
130597,1,3181,77,North,2026-01-13,PLACED,4,445.3
130598,1,1705,298,Central,2026-01-14,PLACED,3,9.9
130599,1,1369,244,South,2026-01-13,PLACED,9,460.24
130600,1,144,29,North,2026-01-14,PLACED,10,453.83
130601,1,2370,58,West,2026-01-13,PLACED,2,362.61
130602,1,2805,265,South,2026-01-13,PLACED,3,421.09
130603,1,2642,56,East,2026-01-13,PLACED,5,329.34
130604,1,3730,32,Central,2026-01-14,PLACED,5,352.14
130605,1,3303,278,North,2026-01-13,PLACED,1,268.71
130606,1,1832,77,East,2026-01-13,PLACED,5,456.03
130606,2,1832,274,East,2026-01-13,PLACED,1,453.91
130606,3,1832,287,East,2026-01-13,PLACED,8,410.26
130606,4,1832,10,East,2026-01-13,PLACED,3,20.6
130607,1,262,7,Central,2026-01-13,PLACED,5,407.66
130607,2,262,271,Central,2026-01-13,PLACED,10,429.3
130608,1,2688,114,North,2026-01-14,PLACED,4,94.09
130608,2,2688,83,North,2026-01-14,PLACED,10,290.84
130608,3,2688,162,North,2026-01-14,PLACED,5,290.45
130608,4,2688,75,North,2026-01-14,PLACED,6,305.1
130608,5,2688,254,North,2026-01-14,PLACED,2,226.4
130608,6,2688,129,North,2026-01-14,PLACED,4,425.36
130608,7,2688,239,North,2026-01-14,PLACED,7,309.99
130608,8,2688,241,North,2026-01-14,PLACED,7,218.15
130608,9,2688,158,North,2026-01-14,PLACED,10,315.33
130609,1,239,13,West,2026-01-13,PLACED,2,17.53
130610,1,3684,214,South,2026-01-13,PLACED,9,210.03
130610,2,3684,45,South,2026-01-13,PLACED,4,46.22
130610,3,3684,121,South,2026-01-13,PLACED,5,356.46
130611,1,3996,255,North,2026-01-13,PLACED,1,456.86
130611,2,3996,12,North,2026-01-13,PLACED,9,239.4
130612,1,457,288,East,2026-01-14,PLACED,4,48.47
130613,1,4290,150,West,2026-01-13,PLACED,6,167.38
130613,2,4290,175,West,2026-01-13,PLACED,2,410.59
130613,3,4290,10,West,2026-01-13,PLACED,3,21.51
130614,1,209,4,West,2026-01-13,PLACED,7,118.11
130615,1,646,33,East,2026-01-13,PLACED,5,251.86
130615,2,646,192,East,2026-01-13,PLACED,8,148.87
130616,1,2785,293,East,2026-01-14,PLACED,8,314.46
130617,1,4211,284,North,2026-01-14,PLACED,1,137.31
130617,2,4211,295,North,2026-01-14,PLACED,10,354.72
130617,3,4211,59,North,2026-01-14,PLACED,2,92.76
130617,4,4211,237,North,2026-01-14,PLACED,1,408.76
130617,5,4211,149,North,2026-01-14,PLACED,3,110.48
130618,1,1703,65,Central,2026-01-13,PLACED,4,408.76
130619,1,2645,206,West,2026-01-14,PLACED,4,104.65
130620,1,1742,95,West,2026-01-14,PLACED,10,36.26
130621,1,1262,34,Central,2026-01-13,PLACED,3,530.45
130621,2,1262,242,Central,2026-01-13,PLACED,4,302.12
130621,3,1262,27,Central,2026-01-13,PLACED,5,51.51
130622,1,350,274,West,2026-01-13,PLACED,5,489.8
130622,2,350,267,West,2026-01-13,PLACED,8,300.68
130623,1,453,141,East,2026-01-13,PLACED,2,228.17
130623,2,453,238,East,2026-01-13,PLACED,6,119.67
130623,3,453,144,East,2026-01-13,PLACED,9,416.84
130623,4,453,8,East,2026-01-13,PLACED,3,45.03
130624,1,481,251,Central,2026-01-14,PLACED,10,158.74
130625,1,1712,55,West,2026-01-13,PLACED,10,315.32
130626,1,3139,291,Central,2026-01-13,PLACED,7,6.15
130627,1,586,72,North,2026-01-14,PLACED,1,483.38
130627,2,586,32,North,2026-01-14,PLACED,4,379.61
130628,1,326,104,Central,2026-01-14,PLACED,8,254.75
130628,2,326,221,Central,2026-01-14,PLACED,10,438.94
130629,1,2891,106,South,2026-01-13,PLACED,4,306.1
130630,1,390,1,North,2026-01-14,PLACED,2,348.98
130630,2,390,106,North,2026-01-14,PLACED,6,329.27
130630,3,390,132,North,2026-01-14,PLACED,5,34.87
130630,4,390,52,North,2026-01-14,PLACED,3,103.21
130630,5,390,51,North,2026-01-14,PLACED,2,200.43
130630,6,390,80,North,2026-01-14,PLACED,9,114.84
130630,7,390,134,North,2026-01-14,PLACED,9,473.87
130630,8,390,130,North,2026-01-14,PLACED,2,453.7
130631,1,1611,61,East,2026-01-14,PLACED,5,542.78
130632,1,4965,54,Central,2026-01-14,PLACED,2,469.0
130633,1,2947,283,South,2026-01-14,PLACED,1,312.65
130634,1,221,174,East,2026-01-14,PLACED,9,375.29
130634,2,221,287,East,2026-01-14,PLACED,3,409.64
130635,1,3843,9,South,2026-01-14,PLACED,6,224.92
130636,1,4166,27,South,2026-01-14,PLACED,1,53.18
130636,2,4166,161,South,2026-01-14,PLACED,8,41.72
130637,1,471,26,South,2026-01-14,PLACED,7,163.78
130638,1,3965,242,North,2026-01-13,PLACED,3,266.69
130639,1,4818,292,East,2026-01-13,PLACED,7,368.69
130640,1,3993,265,South,2026-01-14,PLACED,2,432.3
130640,2,3993,150,South,2026-01-14,PLACED,6,146.08
130640,3,3993,193,South,2026-01-14,PLACED,7,124.55
130640,4,3993,158,South,2026-01-14,PLACED,2,311.61
130641,1,1826,102,West,2026-01-14,PLACED,9,356.9
130642,1,4935,266,West,2026-01-13,PLACED,5,378.65
130643,1,863,214,West,2026-01-13,PLACED,3,216.63
130643,2,863,91,West,2026-01-13,PLACED,6,60.3
130644,1,2438,287,East,2026-01-13,PLACED,7,385.24
130645,1,3401,142,East,2026-01-13,PLACED,5,287.52
130646,1,2721,274,South,2026-01-14,PLACED,3,512.08
130647,1,1468,294,East,2026-01-13,PLACED,7,123.33
130648,1,1642,53,East,2026-01-14,PLACED,4,146.19
130649,1,1078,197,West,2026-01-13,PLACED,4,283.1
130649,2,1078,71,West,2026-01-13,PLACED,7,107.22
130650,1,2423,71,Central,2026-01-14,PLACED,1,110.13
130650,2,2423,142,Central,2026-01-14,PLACED,7,274.17
130651,1,4807,49,West,2026-01-13,PLACED,4,323.62
130652,1,2809,291,Central,2026-01-14,PLACED,2,6.28
130652,2,2809,200,Central,2026-01-14,PLACED,6,393.45
130652,3,2809,68,Central,2026-01-14,PLACED,8,20.62
130653,1,1049,14,East,2026-01-14,PLACED,6,113.2
130654,1,4064,113,Central,2026-01-13,PLACED,4,232.31
130655,1,2476,19,South,2026-01-13,PLACED,8,373.75
130656,1,2455,212,Central,2026-01-13,PLACED,4,428.51
130657,1,3880,95,North,2026-01-13,PLACED,9,38.1
130658,1,1391,85,North,2026-01-13,PLACED,3,212.11
130659,1,3787,113,South,2026-01-14,PLACED,8,265.37
130659,2,3787,232,South,2026-01-14,PLACED,1,95.8
130659,3,3787,93,South,2026-01-14,PLACED,5,376.62
130659,4,3787,95,South,2026-01-14,PLACED,8,34.65
130659,5,3787,104,South,2026-01-14,PLACED,1,296.65
130660,1,2277,224,South,2026-01-13,PLACED,3,350.31
130660,2,2277,210,South,2026-01-13,PLACED,2,468.88
130661,1,3679,296,East,2026-01-13,PLACED,9,270.6
130661,2,3679,20,East,2026-01-13,PLACED,6,8.83
130661,3,3679,280,East,2026-01-13,PLACED,1,284.63
130661,4,3679,162,East,2026-01-13,PLACED,7,309.75
130661,5,3679,234,East,2026-01-13,PLACED,6,315.66
130662,1,2921,31,East,2026-01-14,PLACED,10,420.75
130663,1,1574,154,North,2026-01-13,PLACED,5,238.61
130664,1,485,217,South,2026-01-13,PLACED,3,285.67
130664,2,485,84,South,2026-01-13,PLACED,3,457.48
130665,1,4477,211,West,2026-01-13,PLACED,7,138.58
130666,1,84,227,West,2026-01-13,PLACED,7,278.24
130666,2,84,124,West,2026-01-13,PLACED,8,252.11
130666,3,84,19,West,2026-01-13,PLACED,4,412.51
130667,1,3030,5,West,2026-01-13,PLACED,9,365.46
130668,1,4889,115,East,2026-01-13,PLACED,7,464.04
130669,1,1487,8,North,2026-01-13,PLACED,9,50.64
130670,1,1436,193,Central,2026-01-14,PLACED,8,132.84
130671,1,4698,246,Central,2026-01-14,PLACED,8,353.82
130672,1,649,251,North,2026-01-13,PLACED,6,148.63
130673,1,2033,23,East,2026-01-14,PLACED,2,190.0
130674,1,1659,126,West,2026-01-14,PLACED,7,156.51
130675,1,3865,72,West,2026-01-13,PLACED,6,460.49
130676,1,2197,162,North,2026-01-14,PLACED,2,303.91
130677,1,2070,41,West,2026-01-13,PLACED,2,339.51
130677,2,2070,255,West,2026-01-13,PLACED,8,450.48
130677,3,2070,103,West,2026-01-13,PLACED,1,367.55
130678,1,1536,97,South,2026-01-13,PLACED,6,455.0
130679,1,259,72,North,2026-01-13,PLACED,5,475.5
130680,1,3900,44,South,2026-01-14,PLACED,1,136.98
130681,1,494,133,Central,2026-01-14,PLACED,5,443.13
130681,2,494,293,Central,2026-01-14,PLACED,10,313.2
130681,3,494,256,Central,2026-01-14,PLACED,7,536.52
130681,4,494,224,Central,2026-01-14,PLACED,2,391.12
130681,5,494,174,Central,2026-01-14,PLACED,3,393.0
130681,6,494,80,Central,2026-01-14,PLACED,2,136.18
130681,7,494,39,Central,2026-01-14,PLACED,7,473.25
130681,8,494,184,Central,2026-01-14,PLACED,7,54.85
130681,9,494,60,Central,2026-01-14,PLACED,2,189.29
130682,1,4228,14,West,2026-01-14,PLACED,8,94.07
130683,1,2393,99,West,2026-01-14,PLACED,6,453.61
130684,1,375,239,East,2026-01-13,PLACED,1,293.29
130685,1,816,14,Central,2026-01-14,PLACED,5,112.76
130685,2,816,188,Central,2026-01-14,PLACED,2,133.41
130685,3,816,51,Central,2026-01-14,PLACED,1,197.97
130685,4,816,140,Central,2026-01-14,PLACED,2,66.8
130685,5,816,207,Central,2026-01-14,PLACED,9,221.85
130686,1,302,55,North,2026-01-14,PLACED,1,293.99
130687,1,3115,254,North,2026-01-14,PLACED,3,252.62
130688,1,2881,267,East,2026-01-14,PLACED,6,321.95
130689,1,3978,200,South,2026-01-13,PLACED,6,387.11
130689,2,3978,61,South,2026-01-13,PLACED,1,451.36
130690,1,4040,67,South,2026-01-13,PLACED,5,125.86
130691,1,33,165,East,2026-01-14,PLACED,3,467.48
130691,2,33,196,East,2026-01-14,PLACED,3,410.92
130692,1,3828,139,North,2026-01-14,PLACED,9,407.48
130693,1,172,155,South,2026-01-14,PLACED,6,66.54
130694,1,2082,30,East,2026-01-13,PLACED,2,310.36
130695,1,1841,32,East,2026-01-13,PLACED,8,385.48
130696,1,4117,12,East,2026-01-13,PLACED,5,253.81
130697,1,4598,48,Central,2026-01-14,PLACED,10,134.61
130697,2,4598,189,Central,2026-01-14,PLACED,9,102.73
130697,3,4598,220,Central,2026-01-14,PLACED,5,148.73
130697,4,4598,174,Central,2026-01-14,PLACED,1,426.33
130698,1,297,295,Central,2026-01-13,PLACED,4,361.21
130698,2,297,171,Central,2026-01-13,PLACED,4,488.39
130698,3,297,244,Central,2026-01-13,PLACED,3,504.88
130699,1,4215,214,North,2026-01-14,PLACED,2,218.77
130700,1,502,151,East,2026-01-14,PLACED,6,506.83
130701,1,1937,276,South,2026-01-14,PLACED,6,63.08
130702,1,4649,266,East,2026-01-14,PLACED,5,374.66
130703,1,1482,264,North,2026-01-13,PLACED,6,89.2
130703,2,1482,267,North,2026-01-13,PLACED,9,286.35
130704,1,543,47,North,2026-01-13,PLACED,4,57.17
130704,2,543,2,North,2026-01-13,PLACED,6,17.57
130704,3,543,280,North,2026-01-13,PLACED,6,305.78
130704,4,543,152,North,2026-01-13,PLACED,10,346.88
130704,5,543,265,North,2026-01-13,PLACED,2,395.41
130705,1,4899,271,East,2026-01-13,PLACED,1,376.07
130705,2,4899,4,East,2026-01-13,PLACED,10,111.88
130705,3,4899,248,East,2026-01-13,PLACED,9,182.53
130706,1,3761,202,West,2026-01-13,PLACED,1,437.88
130707,1,4560,280,South,2026-01-14,PLACED,8,315.35
130708,1,4853,223,Central,2026-01-14,PLACED,7,299.43
130708,2,4853,246,Central,2026-01-14,PLACED,6,328.01
130708,3,4853,12,Central,2026-01-14,PLACED,5,279.98
130709,1,2975,216,Central,2026-01-13,PLACED,9,538.32
130710,1,4527,209,South,2026-01-13,PLACED,8,180.57
130711,1,1485,238,South,2026-01-14,PLACED,9,132.71
130711,2,1485,71,South,2026-01-14,PLACED,2,113.19
130711,3,1485,35,South,2026-01-14,PLACED,8,191.93
130711,4,1485,72,South,2026-01-14,PLACED,6,468.38
130711,5,1485,290,South,2026-01-14,PLACED,5,137.86
130711,6,1485,49,South,2026-01-14,PLACED,8,347.72
130711,7,1485,4,South,2026-01-14,PLACED,7,111.26
130711,8,1485,184,South,2026-01-14,PLACED,3,56.89
130711,9,1485,158,South,2026-01-14,PLACED,9,286.49
130712,1,1019,298,Central,2026-01-13,PLACED,1,9.8
130712,2,1019,166,Central,2026-01-13,PLACED,5,39.43
130713,1,3540,81,South,2026-01-14,PLACED,4,278.11
130713,2,3540,172,South,2026-01-14,PLACED,9,296.75
130714,1,4120,26,North,2026-01-14,PLACED,3,171.86
130715,1,1103,102,North,2026-01-14,PLACED,7,395.45
130716,1,1448,36,South,2026-01-14,PLACED,5,262.0
130717,1,4281,168,West,2026-01-13,PLACED,6,350.47
130718,1,1927,266,West,2026-01-13,PLACED,9,371.32
130719,1,4222,211,East,2026-01-13,PLACED,7,145.47
130719,2,4222,114,East,2026-01-13,PLACED,3,93.57
130719,3,4222,175,East,2026-01-13,PLACED,5,374.21
130719,4,4222,180,East,2026-01-13,PLACED,5,258.47
130719,5,4222,262,East,2026-01-13,PLACED,10,458.62
130720,1,4435,183,Central,2026-01-14,PLACED,10,536.6
130720,2,4435,98,Central,2026-01-14,PLACED,9,241.44
130720,3,4435,123,Central,2026-01-14,PLACED,6,421.8
130720,4,4435,71,Central,2026-01-14,PLACED,2,107.5
130720,5,4435,20,Central,2026-01-14,PLACED,5,7.5
130720,6,4435,4,Central,2026-01-14,PLACED,5,118.0
130720,7,4435,123,Central,2026-01-14,PLACED,9,394.42
130721,1,2278,57,East,2026-01-13,PLACED,8,91.34
130722,1,2686,115,East,2026-01-14,PLACED,10,488.11
130723,1,4580,75,South,2026-01-14,PLACED,6,353.03
130723,2,4580,235,South,2026-01-14,PLACED,5,124.09
130724,1,2221,298,North,2026-01-13,PLACED,1,10.7
130725,1,767,256,South,2026-01-13,PLACED,5,497.97
130725,2,767,199,South,2026-01-13,PLACED,4,454.17
130726,1,3579,273,North,2026-01-14,PLACED,3,354.67
130727,1,2213,117,East,2026-01-14,PLACED,2,142.92
130728,1,2784,295,South,2026-01-14,PLACED,4,358.14
130728,2,2784,213,South,2026-01-14,PLACED,2,218.01
130729,1,993,205,Central,2026-01-13,PLACED,7,257.35
130730,1,2157,37,East,2026-01-13,PLACED,6,399.53
130730,2,2157,229,East,2026-01-13,PLACED,4,90.34
130731,1,3033,102,West,2026-01-13,PLACED,10,356.87
130731,2,3033,56,West,2026-01-13,PLACED,3,301.22
130731,3,3033,138,West,2026-01-13,PLACED,7,388.76
130731,4,3033,110,West,2026-01-13,PLACED,4,474.39
130731,5,3033,188,West,2026-01-13,PLACED,10,133.37
130732,1,3895,62,North,2026-01-14,PLACED,8,335.22
130733,1,1717,230,South,2026-01-13,PLACED,10,476.7
130734,1,672,45,North,2026-01-13,PLACED,5,41.99
130735,1,1203,147,North,2026-01-14,PLACED,5,284.24
130736,1,3427,11,Central,2026-01-14,PLACED,5,114.23
130737,1,4484,202,North,2026-01-14,PLACED,9,497.09
130738,1,4789,94,North,2026-01-14,PLACED,9,195.38
130738,2,4789,12,North,2026-01-14,PLACED,6,278.62
130739,1,3409,143,West,2026-01-14,PLACED,8,143.94
130739,2,3409,45,West,2026-01-14,PLACED,4,40.23
130739,3,3409,44,West,2026-01-14,PLACED,5,155.25
130739,4,3409,165,West,2026-01-14,PLACED,1,429.2
130739,5,3409,291,West,2026-01-14,PLACED,8,6.45
130740,1,2659,194,North,2026-01-13,PLACED,3,470.94
130741,1,3300,265,East,2026-01-14,PLACED,3,429.17
130742,1,4597,159,Central,2026-01-14,PLACED,7,125.5
130742,2,4597,159,Central,2026-01-14,PLACED,5,118.07
130743,1,932,19,Central,2026-01-14,PLACED,4,417.47
130743,2,932,144,Central,2026-01-14,PLACED,4,452.01
130744,1,984,13,Central,2026-01-13,PLACED,2,18.49
130745,1,1111,115,Central,2026-01-13,PLACED,1,489.13
130746,1,1388,270,East,2026-01-14,PLACED,7,8.2
130746,2,1388,170,East,2026-01-14,PLACED,10,70.78
130746,3,1388,84,East,2026-01-14,PLACED,2,488.1
130746,4,1388,138,East,2026-01-14,PLACED,5,394.98
130746,5,1388,186,East,2026-01-14,PLACED,5,180.47
130746,6,1388,181,East,2026-01-14,PLACED,2,394.58
130746,7,1388,131,East,2026-01-14,PLACED,5,168.53
130747,1,4226,224,East,2026-01-13,PLACED,7,384.41
130747,2,4226,87,East,2026-01-13,PLACED,3,466.01
130747,3,4226,251,East,2026-01-13,PLACED,8,171.72
130748,1,4975,90,East,2026-01-14,PLACED,5,29.47
130749,1,2591,157,North,2026-01-14,PLACED,4,169.98
130750,1,387,268,Central,2026-01-14,PLACED,3,514.19
130751,1,4752,282,North,2026-01-14,PLACED,6,109.51
130752,1,4330,249,South,2026-01-13,PLACED,7,353.55
130753,1,3060,36,East,2026-01-14,PLACED,3,263.36
130753,2,3060,104,East,2026-01-14,PLACED,5,255.54
130753,3,3060,279,East,2026-01-14,PLACED,4,148.78
130753,4,3060,253,East,2026-01-14,PLACED,8,41.74
130753,5,3060,155,East,2026-01-14,PLACED,3,59.22
130753,6,3060,139,East,2026-01-14,PLACED,1,408.57
130753,7,3060,183,East,2026-01-14,PLACED,9,520.97
130753,8,3060,5,East,2026-01-14,PLACED,2,376.35
130754,1,2278,91,North,2026-01-13,PLACED,7,61.47
130755,1,616,86,North,2026-01-14,PLACED,10,105.77
130755,2,616,223,North,2026-01-14,PLACED,9,284.07
130756,1,1981,290,North,2026-01-14,PLACED,1,137.28
130756,2,1981,209,North,2026-01-14,PLACED,8,174.13
130757,1,595,293,North,2026-01-13,PLACED,5,330.04
130758,1,4784,114,West,2026-01-13,PLACED,2,96.25
130758,2,4784,235,West,2026-01-13,PLACED,6,126.4
130758,3,4784,124,West,2026-01-13,PLACED,7,263.93
130759,1,178,3,Central,2026-01-13,PLACED,8,155.06
130759,2,178,195,Central,2026-01-13,PLACED,6,238.2
130760,1,3537,56,West,2026-01-13,PLACED,10,296.13
130761,1,2350,208,South,2026-01-13,PLACED,5,32.71
130762,1,901,28,South,2026-01-13,PLACED,4,55.94
130763,1,550,265,East,2026-01-14,PLACED,8,385.65
130763,2,550,228,East,2026-01-14,PLACED,5,422.92
130764,1,4262,120,East,2026-01-13,PLACED,6,75.14
130765,1,2207,263,Central,2026-01-13,PLACED,7,203.82
130765,2,2207,120,Central,2026-01-13,PLACED,3,88.15
130765,3,2207,115,Central,2026-01-13,PLACED,5,412.27
130766,1,1482,283,South,2026-01-13,PLACED,4,324.54
130766,2,1482,96,South,2026-01-13,PLACED,8,196.58
130766,3,1482,4,South,2026-01-13,PLACED,1,105.11
130767,1,3162,34,Central,2026-01-14,PLACED,1,507.12
130767,2,3162,179,Central,2026-01-14,PLACED,7,233.06
130767,3,3162,14,Central,2026-01-14,PLACED,5,95.45
130767,4,3162,167,Central,2026-01-14,PLACED,4,123.31
130768,1,2052,21,East,2026-01-13,PLACED,4,432.56
130769,1,774,28,Central,2026-01-14,PLACED,4,49.77
130769,2,774,17,Central,2026-01-14,PLACED,10,105.18
130769,3,774,150,Central,2026-01-14,PLACED,6,171.81
130769,4,774,180,Central,2026-01-14,PLACED,3,216.53
130769,5,774,37,Central,2026-01-14,PLACED,2,440.52
130770,1,3127,240,Central,2026-01-13,PLACED,8,329.0
130770,2,3127,129,Central,2026-01-13,PLACED,2,397.76
130771,1,4107,106,Central,2026-01-14,PLACED,7,305.98
130772,1,2144,17,East,2026-01-14,PLACED,5,103.54
130773,1,1720,185,North,2026-01-14,PLACED,3,207.97
130773,2,1720,205,North,2026-01-14,PLACED,7,230.82
130773,3,1720,89,North,2026-01-14,PLACED,9,52.35
130773,4,1720,48,North,2026-01-14,PLACED,10,139.05
130773,5,1720,70,North,2026-01-14,PLACED,3,149.27
130773,6,1720,10,North,2026-01-14,PLACED,1,20.39
130773,7,1720,93,North,2026-01-14,PLACED,10,434.31
130774,1,3736,24,Central,2026-01-13,PLACED,8,74.33
130775,1,3689,143,East,2026-01-13,PLACED,7,129.87
130776,1,333,196,West,2026-01-13,PLACED,10,421.75
130777,1,4556,40,Central,2026-01-13,PLACED,7,304.68
130778,1,646,218,West,2026-01-13,PLACED,9,359.83
130779,1,2379,104,South,2026-01-13,PLACED,8,253.51
130780,1,919,129,North,2026-01-14,PLACED,8,432.3
130780,2,919,54,North,2026-01-14,PLACED,3,507.63
130780,3,919,103,North,2026-01-14,PLACED,8,339.08
130780,4,919,215,North,2026-01-14,PLACED,4,432.47
130781,1,1420,50,Central,2026-01-13,PLACED,2,168.64
130782,1,4321,79,Central,2026-01-14,PLACED,3,141.77
130783,1,2857,26,East,2026-01-13,PLACED,8,163.31
130784,1,190,208,South,2026-01-14,PLACED,5,34.28
130784,2,190,203,South,2026-01-14,PLACED,5,414.8
130785,1,4281,236,South,2026-01-14,PLACED,5,67.18
130786,1,618,272,West,2026-01-14,PLACED,8,145.65
130787,1,1810,230,East,2026-01-13,PLACED,3,447.34
130787,2,1810,55,East,2026-01-13,PLACED,8,348.78
130787,3,1810,93,East,2026-01-13,PLACED,3,390.99
130787,4,1810,185,East,2026-01-13,PLACED,6,199.89
130788,1,2368,40,East,2026-01-13,PLACED,5,288.67
130789,1,2338,71,South,2026-01-14,PLACED,7,101.0
130790,1,2027,87,West,2026-01-14,PLACED,9,505.78
130791,1,12,194,East,2026-01-13,PLACED,7,443.44
130792,1,4520,152,North,2026-01-13,PLACED,8,307.66
130793,1,2494,238,West,2026-01-13,PLACED,4,126.3
130794,1,3456,161,West,2026-01-14,PLACED,4,43.28
130795,1,3764,6,South,2026-01-14,PLACED,4,340.91
130796,1,1109,25,Central,2026-01-13,PLACED,5,502.83
130797,1,3708,140,East,2026-01-13,PLACED,10,65.69
130798,1,4147,1,East,2026-01-14,PLACED,6,315.2
130799,1,4926,290,South,2026-01-14,PLACED,9,155.63
130800,1,2168,11,South,2026-01-13,PLACED,1,122.35
130800,2,2168,282,South,2026-01-13,PLACED,8,108.41
130801,1,273,218,West,2026-01-13,PLACED,7,333.74
130801,2,273,12,West,2026-01-13,PLACED,4,267.27
130801,3,273,192,West,2026-01-13,PLACED,1,155.66
130801,4,273,72,West,2026-01-13,PLACED,8,489.45
130801,5,273,278,West,2026-01-13,PLACED,3,264.58
130802,1,2949,80,North,2026-01-14,PLACED,8,139.07
130803,1,4345,57,South,2026-01-13,PLACED,4,91.58
130804,1,1738,229,West,2026-01-13,PLACED,1,88.03
130804,2,1738,177,West,2026-01-13,PLACED,7,54.88
130805,1,4577,233,West,2026-01-14,PLACED,10,303.33
130805,2,4577,64,West,2026-01-14,PLACED,6,353.77
130806,1,1098,118,Central,2026-01-14,PLACED,6,335.51
130806,2,1098,198,Central,2026-01-14,PLACED,9,27.93
130807,1,142,31,North,2026-01-13,PLACED,6,437.12
130808,1,1069,210,Central,2026-01-14,PLACED,7,523.36
130809,1,343,199,East,2026-01-14,PLACED,7,524.51
130810,1,3065,219,West,2026-01-14,PLACED,9,80.23
130811,1,2158,152,East,2026-01-14,PLACED,9,331.73
130812,1,585,6,Central,2026-01-13,PLACED,8,327.76
130813,1,2153,237,Central,2026-01-13,PLACED,9,401.35
130813,2,2153,213,Central,2026-01-13,PLACED,8,229.19
130813,3,2153,81,Central,2026-01-13,PLACED,4,274.96
130813,4,2153,289,Central,2026-01-13,PLACED,4,194.38
130813,5,2153,132,Central,2026-01-13,PLACED,2,35.04
130813,6,2153,211,Central,2026-01-13,PLACED,3,132.35
130813,7,2153,194,Central,2026-01-13,PLACED,4,435.06
130813,8,2153,55,Central,2026-01-13,PLACED,3,293.23
130813,9,2153,236,Central,2026-01-13,PLACED,5,68.11
130814,1,4674,165,East,2026-01-14,PLACED,5,467.89
130815,1,458,150,North,2026-01-14,PLACED,3,169.67
130816,1,4714,268,West,2026-01-13,PLACED,2,452.56
130817,1,4591,277,South,2026-01-13,PLACED,2,61.12
130817,2,4591,100,South,2026-01-13,PLACED,8,414.22
130818,1,4235,237,North,2026-01-14,PLACED,2,445.22
130819,1,4319,130,North,2026-01-13,PLACED,4,453.83
130820,1,712,11,East,2026-01-13,PLACED,10,107.35
130820,2,712,215,East,2026-01-13,PLACED,7,498.85
130821,1,2850,238,Central,2026-01-13,PLACED,2,135.65
130822,1,213,47,North,2026-01-13,PLACED,4,58.49
130823,1,255,260,East,2026-01-13,PLACED,1,458.6
130824,1,928,146,East,2026-01-13,PLACED,9,105.56
130825,1,256,214,North,2026-01-13,PLACED,4,209.62
130825,2,256,80,North,2026-01-13,PLACED,7,132.52
130826,1,3409,39,East,2026-01-14,PLACED,2,458.52
130826,2,3409,113,East,2026-01-14,PLACED,7,254.15
130827,1,2892,255,West,2026-01-14,PLACED,3,451.85
130827,2,2892,23,West,2026-01-14,PLACED,2,159.22
130828,1,273,223,South,2026-01-13,PLACED,1,267.44
130828,2,273,227,South,2026-01-13,PLACED,8,233.63
130828,3,273,226,South,2026-01-13,PLACED,5,267.33
130828,4,273,139,South,2026-01-13,PLACED,10,403.97
130828,5,273,285,South,2026-01-13,PLACED,6,250.31
130829,1,627,259,West,2026-01-13,PLACED,8,135.97
130830,1,4877,140,South,2026-01-14,PLACED,10,67.01
130831,1,2264,53,South,2026-01-14,PLACED,2,133.38
130832,1,66,84,South,2026-01-14,PLACED,10,493.76
130833,1,1315,102,North,2026-01-14,PLACED,6,391.13
130834,1,2492,128,West,2026-01-13,PLACED,4,456.46
130834,2,2492,295,West,2026-01-13,PLACED,6,361.39
130835,1,261,243,Central,2026-01-14,PLACED,4,263.39
130835,2,261,236,Central,2026-01-14,PLACED,6,63.08
130835,3,261,115,Central,2026-01-14,PLACED,8,432.65
130835,4,261,26,Central,2026-01-14,PLACED,10,169.91
130836,1,1382,215,West,2026-01-14,PLACED,7,468.64
130837,1,4583,192,West,2026-01-14,PLACED,10,137.53
130838,1,3247,298,West,2026-01-13,PLACED,9,9.78
130839,1,349,116,East,2026-01-13,PLACED,6,451.91
130840,1,1809,58,North,2026-01-13,PLACED,8,355.24
130840,2,1809,247,North,2026-01-13,PLACED,2,115.72
130841,1,4756,195,South,2026-01-13,PLACED,2,231.78
130842,1,592,5,North,2026-01-13,PLACED,6,348.53
130843,1,3742,87,Central,2026-01-14,PLACED,1,543.52
130844,1,4718,29,Central,2026-01-13,PLACED,6,404.23
130845,1,1863,190,West,2026-01-14,PLACED,3,239.89
130846,1,648,158,South,2026-01-14,PLACED,5,272.63
130847,1,2705,189,South,2026-01-13,PLACED,7,108.79
130848,1,565,299,East,2026-01-13,PLACED,1,41.99
130849,1,1008,227,Central,2026-01-14,PLACED,3,241.55
130850,1,1058,67,North,2026-01-13,PLACED,1,109.91
130850,2,1058,280,North,2026-01-13,PLACED,6,311.29
130850,3,1058,223,North,2026-01-13,PLACED,2,249.18
130850,4,1058,47,North,2026-01-13,PLACED,3,57.36
130850,5,1058,188,North,2026-01-13,PLACED,1,140.83
130851,1,1695,290,West,2026-01-13,PLACED,4,132.13
130852,1,234,49,South,2026-01-13,PLACED,7,324.5
130852,2,234,75,South,2026-01-13,PLACED,5,312.76
130853,1,1892,7,North,2026-01-13,PLACED,2,443.59
130854,1,1118,251,Central,2026-01-14,PLACED,3,166.61
130855,1,603,253,West,2026-01-13,PLACED,8,38.96
130856,1,4738,44,Central,2026-01-14,PLACED,9,137.87
130856,2,4738,280,Central,2026-01-14,PLACED,1,307.35
130857,1,2651,159,South,2026-01-13,PLACED,8,116.21
130857,2,2651,157,South,2026-01-13,PLACED,7,184.3
130858,1,1774,148,Central,2026-01-13,PLACED,2,380.8
130858,2,1774,166,Central,2026-01-13,PLACED,10,36.27
130858,3,1774,90,Central,2026-01-13,PLACED,5,29.87
130858,4,1774,226,Central,2026-01-13,PLACED,9,305.49
130859,1,4979,135,East,2026-01-13,PLACED,2,49.23
130860,1,4266,191,North,2026-01-13,PLACED,1,195.41
130861,1,3774,108,Central,2026-01-13,PLACED,10,232.44
130862,1,2529,11,East,2026-01-14,PLACED,9,105.34
130863,1,457,22,Central,2026-01-14,PLACED,2,321.33
130863,2,457,50,Central,2026-01-14,PLACED,5,197.82
130864,1,4919,268,North,2026-01-13,PLACED,1,454.68
130865,1,4927,249,East,2026-01-14,PLACED,7,355.56
130865,2,4927,188,East,2026-01-14,PLACED,7,134.23
130865,3,4927,157,East,2026-01-14,PLACED,6,155.23
130865,4,4927,249,East,2026-01-14,PLACED,4,358.01
130865,5,4927,65,East,2026-01-14,PLACED,1,443.84
130865,6,4927,69,East,2026-01-14,PLACED,9,158.85
130865,7,4927,237,East,2026-01-14,PLACED,7,417.71
130865,8,4927,101,East,2026-01-14,PLACED,4,9.82
130865,9,4927,25,East,2026-01-14,PLACED,5,448.22
130865,10,4927,265,East,2026-01-14,PLACED,6,390.2
130866,1,4700,116,North,2026-01-13,PLACED,5,408.83
130866,2,4700,131,North,2026-01-13,PLACED,5,157.26
130867,1,4805,291,West,2026-01-13,PLACED,1,6.59
130867,2,4805,58,West,2026-01-13,PLACED,2,345.83
130868,1,1842,131,Central,2026-01-14,PLACED,1,161.75
130868,2,1842,126,Central,2026-01-14,PLACED,10,163.18
130869,1,2818,192,South,2026-01-14,PLACED,6,138.25
130869,2,2818,297,South,2026-01-14,PLACED,2,234.63
130869,3,2818,125,South,2026-01-14,PLACED,9,5.31
130869,4,2818,216,South,2026-01-14,PLACED,3,456.27
130869,5,2818,78,South,2026-01-14,PLACED,8,220.49
130870,1,2892,256,Central,2026-01-13,PLACED,4,518.63
130871,1,3364,121,East,2026-01-13,PLACED,4,396.33
130872,1,2506,159,East,2026-01-13,PLACED,1,128.82
130872,2,2506,96,East,2026-01-13,PLACED,7,210.9
130873,1,2984,69,West,2026-01-14,PLACED,6,146.81
130874,1,1742,218,North,2026-01-14,PLACED,1,326.36
130875,1,1516,279,South,2026-01-14,PLACED,9,145.62
130876,1,2768,222,East,2026-01-14,PLACED,10,278.8
130877,1,2480,186,West,2026-01-13,PLACED,3,159.23
130877,2,2480,115,West,2026-01-13,PLACED,10,421.78
130878,1,4627,273,South,2026-01-13,PLACED,4,325.28
130879,1,4781,44,North,2026-01-13,PLACED,4,149.25
130880,1,4304,39,East,2026-01-14,PLACED,3,464.77
130881,1,2563,254,East,2026-01-13,PLACED,8,241.5
130882,1,2828,197,West,2026-01-13,PLACED,9,257.25
130882,2,2828,139,West,2026-01-13,PLACED,7,415.87
130882,3,2828,80,West,2026-01-13,PLACED,8,118.93
130882,4,2828,73,West,2026-01-13,PLACED,2,435.79
130882,5,2828,62,West,2026-01-13,PLACED,7,325.57
130883,1,2645,1,East,2026-01-14,PLACED,5,308.16
130884,1,4481,84,Central,2026-01-13,PLACED,1,427.39
130884,2,4481,159,Central,2026-01-13,PLACED,4,128.86
130884,3,4481,200,Central,2026-01-13,PLACED,6,427.6
130884,4,4481,213,Central,2026-01-13,PLACED,2,237.1
130884,5,4481,74,Central,2026-01-13,PLACED,8,155.07
130884,6,4481,170,Central,2026-01-13,PLACED,4,63.91
130884,7,4481,244,Central,2026-01-13,PLACED,2,433.73
130884,8,4481,21,Central,2026-01-13,PLACED,2,381.23
130884,9,4481,188,Central,2026-01-13,PLACED,5,116.02
130884,10,4481,186,Central,2026-01-13,PLACED,9,183.76
130885,1,3081,289,West,2026-01-13,PLACED,8,217.34
130885,2,3081,131,West,2026-01-13,PLACED,10,148.6
130886,1,2773,158,West,2026-01-13,PLACED,2,323.87
130887,1,2925,270,North,2026-01-13,PLACED,4,8.64
130888,1,4315,9,East,2026-01-14,PLACED,8,207.07
130889,1,1487,33,South,2026-01-14,PLACED,3,251.32
130889,2,1487,173,South,2026-01-14,PLACED,3,231.76
130889,3,1487,181,South,2026-01-14,PLACED,8,365.79
130889,4,1487,87,South,2026-01-14,PLACED,4,454.83
130889,5,1487,248,South,2026-01-14,PLACED,1,206.42
130889,6,1487,199,South,2026-01-14,PLACED,6,483.81
130890,1,3485,10,East,2026-01-14,PLACED,9,20.57
130891,1,1723,112,West,2026-01-13,PLACED,4,142.42
130892,1,564,188,Central,2026-01-14,PLACED,1,125.67
130893,1,2295,59,North,2026-01-13,PLACED,2,81.26
130893,2,2295,114,North,2026-01-13,PLACED,8,96.52
130894,1,2149,44,West,2026-01-13,PLACED,10,137.9
130894,2,2149,228,West,2026-01-13,PLACED,10,407.42
130895,1,3607,115,West,2026-01-14,PLACED,3,429.7
130896,1,2764,230,South,2026-01-14,PLACED,6,452.2
130896,2,2764,273,South,2026-01-14,PLACED,1,362.34
130896,3,2764,34,South,2026-01-14,PLACED,10,451.23
130897,1,4875,194,North,2026-01-14,PLACED,5,492.61
130898,1,2942,205,South,2026-01-13,PLACED,10,241.66
130899,1,3038,23,Central,2026-01-14,PLACED,10,183.15
130899,2,3038,26,Central,2026-01-14,PLACED,9,174.28
130900,1,2876,203,North,2026-01-13,PLACED,7,458.02
130900,2,2876,13,North,2026-01-13,PLACED,5,17.71
130901,1,4080,8,East,2026-01-13,PLACED,6,48.22
130901,2,4080,172,East,2026-01-13,PLACED,10,301.37
130901,3,4080,34,East,2026-01-13,PLACED,4,483.95
130902,1,4269,235,Central,2026-01-13,PLACED,5,111.1
130903,1,788,87,North,2026-01-13,PLACED,5,537.03
130903,2,788,40,North,2026-01-13,PLACED,9,301.21
130903,3,788,41,North,2026-01-13,PLACED,8,336.68
130904,1,2933,259,North,2026-01-14,PLACED,4,143.42
130905,1,4345,174,South,2026-01-14,PLACED,10,355.62
130905,2,4345,206,South,2026-01-14,PLACED,5,109.4
130906,1,3035,133,West,2026-01-14,PLACED,1,452.85
130907,1,1714,136,South,2026-01-13,PLACED,5,263.78
130908,1,4040,89,Central,2026-01-13,PLACED,2,54.34
130908,2,4040,221,Central,2026-01-13,PLACED,4,510.59
130908,3,4040,31,Central,2026-01-13,PLACED,5,403.8
130908,4,4040,160,Central,2026-01-13,PLACED,6,103.51
130909,1,551,66,West,2026-01-13,PLACED,7,406.54
130909,2,551,11,West,2026-01-13,PLACED,1,114.08
130909,3,551,99,West,2026-01-13,PLACED,1,508.59
130909,4,551,52,West,2026-01-13,PLACED,4,103.28
130909,5,551,276,West,2026-01-13,PLACED,10,66.87
130910,1,3791,8,South,2026-01-13,PLACED,8,48.35
130911,1,4414,11,East,2026-01-13,PLACED,7,107.71
130912,1,1003,97,Central,2026-01-13,PLACED,2,544.81
130913,1,3935,293,Central,2026-01-14,PLACED,10,319.15
130913,2,3935,288,Central,2026-01-14,PLACED,5,47.09
130914,1,4911,110,South,2026-01-13,PLACED,4,452.61
130915,1,468,46,North,2026-01-14,PLACED,5,115.63
130916,1,4729,141,Central,2026-01-13,PLACED,9,262.62
130916,2,4729,86,Central,2026-01-13,PLACED,3,124.87
130917,1,1581,12,Central,2026-01-13,PLACED,10,260.28
130918,1,2243,202,West,2026-01-14,PLACED,1,475.79
130919,1,1160,300,South,2026-01-14,PLACED,4,453.86
130920,1,657,98,South,2026-01-13,PLACED,6,266.99
130920,2,657,69,South,2026-01-13,PLACED,5,157.37
130920,3,657,122,South,2026-01-13,PLACED,2,253.35
130920,4,657,112,South,2026-01-13,PLACED,2,146.49
130921,1,1815,212,West,2026-01-13,PLACED,7,374.69
130922,1,3126,205,South,2026-01-14,PLACED,10,242.6
130922,2,3126,211,South,2026-01-14,PLACED,1,134.25
130923,1,2791,249,Central,2026-01-14,PLACED,4,340.9
130924,1,2606,141,South,2026-01-14,PLACED,4,260.2
130924,2,2606,55,South,2026-01-14,PLACED,9,332.6
130925,1,2245,156,West,2026-01-14,PLACED,9,115.52
130926,1,2471,251,West,2026-01-14,PLACED,8,150.11
130927,1,1722,30,Central,2026-01-13,PLACED,5,325.61
130927,2,1722,81,Central,2026-01-13,PLACED,2,270.52
130928,1,4303,108,North,2026-01-13,PLACED,2,224.17
130929,1,3806,198,South,2026-01-13,PLACED,10,27.86
130929,2,3806,222,South,2026-01-13,PLACED,9,263.84
130929,3,3806,21,South,2026-01-13,PLACED,1,419.66
130929,4,3806,72,South,2026-01-13,PLACED,6,455.28
130930,1,1975,16,West,2026-01-13,PLACED,9,288.3
130930,2,1975,35,West,2026-01-13,PLACED,4,179.16
130931,1,3184,161,North,2026-01-13,PLACED,4,36.29
130932,1,1713,14,South,2026-01-14,PLACED,10,103.64
130933,1,251,223,Central,2026-01-13,PLACED,2,256.47
130934,1,1835,153,Central,2026-01-13,PLACED,5,208.23
130935,1,4741,261,South,2026-01-14,PLACED,7,442.47
130936,1,242,126,West,2026-01-14,PLACED,5,174.42
130937,1,324,258,West,2026-01-13,PLACED,3,113.87
130937,2,324,288,West,2026-01-13,PLACED,9,50.57
130938,1,669,152,East,2026-01-13,PLACED,9,343.46
130938,2,669,118,East,2026-01-13,PLACED,4,296.8
130938,3,669,235,East,2026-01-13,PLACED,5,132.43
130938,4,669,51,East,2026-01-13,PLACED,10,173.61
130938,5,669,248,East,2026-01-13,PLACED,8,213.28
130939,1,1511,73,West,2026-01-14,PLACED,5,417.78
130939,2,1511,193,West,2026-01-14,PLACED,5,136.62
130939,3,1511,72,West,2026-01-14,PLACED,6,503.63
130939,4,1511,278,West,2026-01-14,PLACED,1,274.67
130939,5,1511,272,West,2026-01-14,PLACED,6,147.99
130939,6,1511,241,West,2026-01-14,PLACED,10,228.27
130939,7,1511,147,West,2026-01-14,PLACED,2,274.08
130939,8,1511,60,West,2026-01-14,PLACED,5,173.74
130939,9,1511,100,West,2026-01-14,PLACED,5,461.31
130939,10,1511,39,West,2026-01-14,PLACED,4,435.86
130940,1,1045,89,East,2026-01-14,PLACED,9,53.51
130941,1,2093,253,Central,2026-01-13,PLACED,6,38.55
130941,2,2093,118,Central,2026-01-13,PLACED,8,300.18
130941,3,2093,139,Central,2026-01-13,PLACED,7,415.77
130941,4,2093,25,Central,2026-01-13,PLACED,2,496.15
130942,1,2598,186,West,2026-01-13,PLACED,7,175.33
130943,1,238,144,Central,2026-01-13,PLACED,1,424.27
130944,1,1894,202,North,2026-01-14,PLACED,3,459.3
130945,1,4604,109,North,2026-01-14,PLACED,4,235.08
130946,1,238,178,West,2026-01-14,PLACED,1,213.29
130947,1,3170,20,North,2026-01-13,PLACED,8,8.97
130948,1,2069,199,South,2026-01-13,PLACED,4,503.56
130949,1,2952,105,West,2026-01-14,PLACED,7,135.08
130950,1,1426,35,South,2026-01-14,PLACED,4,174.48
130950,2,1426,225,South,2026-01-14,PLACED,10,31.86
130951,1,3000,238,West,2026-01-13,PLACED,8,122.96
130951,2,3000,78,West,2026-01-13,PLACED,6,244.1
130951,3,3000,231,West,2026-01-13,PLACED,9,44.11
130952,1,3364,130,West,2026-01-13,PLACED,9,380.75
130953,1,3990,253,North,2026-01-13,PLACED,10,37.6
130954,1,4280,59,Central,2026-01-14,PLACED,10,93.33
130955,1,2725,44,Central,2026-01-13,PLACED,5,146.48
130956,1,3441,286,North,2026-01-13,PLACED,2,414.8
130957,1,603,219,East,2026-01-13,PLACED,10,78.74
130958,1,1053,72,South,2026-01-14,PLACED,8,491.98
130959,1,4669,234,South,2026-01-13,PLACED,7,339.41
130960,1,3002,40,East,2026-01-13,PLACED,1,290.17
130960,2,3002,160,East,2026-01-13,PLACED,6,115.21
130960,3,3002,237,East,2026-01-13,PLACED,7,423.22
130961,1,1678,51,West,2026-01-13,PLACED,2,181.85
130962,1,4306,257,North,2026-01-13,PLACED,9,44.51
130963,1,3205,182,Central,2026-01-14,PLACED,10,362.13
130964,1,1674,273,South,2026-01-14,PLACED,4,366.57
130964,2,1674,291,South,2026-01-14,PLACED,3,7.22
130964,3,1674,164,South,2026-01-14,PLACED,10,448.71
130964,4,1674,9,South,2026-01-14,PLACED,1,200.37
130964,5,1674,250,South,2026-01-14,PLACED,9,158.14
130964,6,1674,96,South,2026-01-14,PLACED,3,194.23
130964,7,1674,95,South,2026-01-14,PLACED,6,36.17
130964,8,1674,174,South,2026-01-14,PLACED,5,428.5
130965,1,1714,30,West,2026-01-14,PLACED,5,293.8
130966,1,3409,283,East,2026-01-13,PLACED,9,319.51
130967,1,694,19,West,2026-01-13,PLACED,5,431.88
130968,1,702,75,South,2026-01-14,PLACED,9,299.87
130968,2,702,84,South,2026-01-14,PLACED,4,449.92
130968,3,702,148,South,2026-01-14,PLACED,7,394.15
130968,4,702,264,South,2026-01-14,PLACED,5,84.0
130968,5,702,188,South,2026-01-14,PLACED,4,131.42
130969,1,2440,193,Central,2026-01-14,PLACED,7,130.99
130970,1,2648,64,East,2026-01-14,PLACED,5,320.86
130971,1,1412,2,West,2026-01-14,PLACED,10,17.09
130971,2,1412,257,West,2026-01-14,PLACED,6,41.07
130972,1,2608,188,East,2026-01-13,PLACED,7,140.87
130972,2,2608,257,East,2026-01-13,PLACED,2,44.76
130973,1,1897,30,West,2026-01-13,PLACED,8,297.37
130974,1,4827,273,West,2026-01-14,PLACED,10,300.11
130975,1,1161,84,East,2026-01-14,PLACED,3,461.27
130976,1,2582,81,Central,2026-01-14,PLACED,9,256.09
130977,1,2447,118,South,2026-01-14,PLACED,2,342.87
130978,1,4816,290,South,2026-01-13,PLACED,8,132.22
130979,1,4834,54,South,2026-01-13,PLACED,6,435.51
130980,1,1816,261,South,2026-01-14,PLACED,3,460.22
130980,2,1816,30,South,2026-01-14,PLACED,6,321.3
130981,1,4948,19,North,2026-01-13,PLACED,4,397.81
130982,1,3115,228,South,2026-01-14,PLACED,9,424.14
130983,1,2304,251,North,2026-01-13,PLACED,2,173.85
130984,1,4263,106,West,2026-01-13,PLACED,9,318.06
130984,2,4263,40,West,2026-01-13,PLACED,4,283.64
130985,1,4764,105,West,2026-01-13,PLACED,7,140.14
130985,2,4764,60,West,2026-01-13,PLACED,8,177.07
130986,1,2434,28,Central,2026-01-14,PLACED,10,48.02
130987,1,2572,156,West,2026-01-14,PLACED,4,119.93
130987,2,2572,191,West,2026-01-14,PLACED,7,208.02
130988,1,3135,222,Central,2026-01-14,PLACED,8,295.17
130989,1,24,80,West,2026-01-13,PLACED,3,129.47
130989,2,24,55,West,2026-01-13,PLACED,7,348.98
130990,1,4932,18,Central,2026-01-13,PLACED,9,277.11
130990,2,4932,190,Central,2026-01-13,PLACED,7,230.2
130990,3,4932,282,Central,2026-01-13,PLACED,9,95.71
130990,4,4932,214,Central,2026-01-13,PLACED,8,202.85
130991,1,2269,262,South,2026-01-14,PLACED,8,454.71
130992,1,2723,112,East,2026-01-13,PLACED,6,129.3
130993,1,1471,139,East,2026-01-14,PLACED,2,355.15
130994,1,1339,179,North,2026-01-14,PLACED,4,206.9
130995,1,4477,187,South,2026-01-14,PLACED,9,434.09
130995,2,4477,132,South,2026-01-14,PLACED,5,36.14
130995,3,4477,206,South,2026-01-14,PLACED,7,108.77
130995,4,4477,248,South,2026-01-14,PLACED,8,214.4
130995,5,4477,258,South,2026-01-14,PLACED,7,106.7
130996,1,238,16,South,2026-01-14,PLACED,3,250.15
130997,1,4389,281,Central,2026-01-14,PLACED,4,372.04
130998,1,2343,98,East,2026-01-13,PLACED,5,250.76
130999,1,3533,245,South,2026-01-14,PLACED,1,111.49
131000,1,3054,20,North,2026-01-14,PLACED,3,7.82
131001,1,1049,219,South,2026-01-13,PLACED,1,78.29
131002,1,2758,248,East,2026-01-14,PLACED,4,200.26
131003,1,4527,49,Central,2026-01-14,PLACED,9,317.99
131003,2,4527,139,Central,2026-01-14,PLACED,10,404.31
131004,1,3560,2,East,2026-01-13,PLACED,4,17.83
131005,1,4063,64,West,2026-01-13,PLACED,2,317.52
131006,1,1786,216,West,2026-01-14,PLACED,7,506.47
131007,1,4864,229,South,2026-01-14,PLACED,10,90.05
131008,1,1389,250,North,2026-01-13,PLACED,7,158.05
131009,1,816,100,East,2026-01-13,PLACED,7,418.92
131010,1,1513,254,South,2026-01-13,PLACED,7,238.59
131011,1,686,161,Central,2026-01-13,PLACED,7,38.68
131012,1,1541,41,North,2026-01-13,PLACED,8,329.4
131012,2,1541,210,North,2026-01-13,PLACED,5,488.15
131012,3,1541,165,North,2026-01-13,PLACED,9,443.73
131013,1,2877,165,East,2026-01-14,PLACED,7,423.22
131014,1,1725,253,East,2026-01-13,PLACED,5,38.59
131015,1,240,235,West,2026-01-14,PLACED,10,117.85
131016,1,2627,203,East,2026-01-13,PLACED,1,452.06
131017,1,2094,208,West,2026-01-14,PLACED,3,32.54
131018,1,114,106,North,2026-01-14,PLACED,6,333.03
131019,1,1080,10,Central,2026-01-13,PLACED,7,19.41
131020,1,57,122,Central,2026-01-13,PLACED,4,262.4
131021,1,750,123,East,2026-01-14,PLACED,8,377.32
131021,2,750,136,East,2026-01-14,PLACED,2,228.72
131021,3,750,147,East,2026-01-14,PLACED,4,254.22
131021,4,750,133,East,2026-01-14,PLACED,7,396.1
131021,5,750,232,East,2026-01-14,PLACED,3,91.84
131021,6,750,154,East,2026-01-14,PLACED,4,249.0
131021,7,750,172,East,2026-01-14,PLACED,2,301.53
131021,8,750,270,East,2026-01-14,PLACED,3,8.23
131021,9,750,138,East,2026-01-14,PLACED,2,403.95
131021,10,750,115,East,2026-01-14,PLACED,10,430.18
131022,1,256,18,West,2026-01-14,PLACED,6,278.86
131022,2,256,19,West,2026-01-14,PLACED,9,416.11
131022,3,256,96,West,2026-01-14,PLACED,9,184.34
131022,4,256,95,West,2026-01-14,PLACED,4,34.64
131022,5,256,33,West,2026-01-14,PLACED,5,269.4
131022,6,256,32,West,2026-01-14,PLACED,7,394.21
131022,7,256,58,West,2026-01-14,PLACED,8,373.06
131022,8,256,165,West,2026-01-14,PLACED,4,399.05
131022,9,256,159,West,2026-01-14,PLACED,1,124.84
131023,1,4079,10,West,2026-01-13,PLACED,5,18.97
131024,1,3548,288,East,2026-01-14,PLACED,6,47.98
131025,1,306,109,South,2026-01-13,PLACED,9,222.94
131026,1,4,212,West,2026-01-13,PLACED,5,370.77
131027,1,2904,266,West,2026-01-13,PLACED,6,364.99
131027,2,2904,42,West,2026-01-13,PLACED,6,27.68
131027,3,2904,19,West,2026-01-13,PLACED,6,398.53
131027,4,2904,243,West,2026-01-13,PLACED,4,266.15
131027,5,2904,162,West,2026-01-13,PLACED,10,325.99
131027,6,2904,155,West,2026-01-13,PLACED,7,70.22
131027,7,2904,258,West,2026-01-13,PLACED,4,114.99
131027,8,2904,190,West,2026-01-13,PLACED,7,214.52
131027,9,2904,180,West,2026-01-13,PLACED,2,218.26
131028,1,4567,106,East,2026-01-13,PLACED,6,352.16
131029,1,4926,245,North,2026-01-13,PLACED,8,115.76
131030,1,3184,178,East,2026-01-13,PLACED,1,228.36
131031,1,2455,191,Central,2026-01-14,PLACED,2,231.23
131031,2,2455,276,Central,2026-01-14,PLACED,4,59.59
131031,3,2455,236,Central,2026-01-14,PLACED,9,69.15
131031,4,2455,88,Central,2026-01-14,PLACED,6,275.03
131031,5,2455,201,Central,2026-01-14,PLACED,4,445.68
131032,1,1337,249,Central,2026-01-13,PLACED,7,364.86
131033,1,3332,21,West,2026-01-13,PLACED,2,432.13
131034,1,1672,108,East,2026-01-13,PLACED,9,200.17
131035,1,2964,111,South,2026-01-13,PLACED,1,477.9
131036,1,4580,229,East,2026-01-13,PLACED,10,82.59
131036,2,4580,110,East,2026-01-13,PLACED,9,450.35
131037,1,2983,130,West,2026-01-13,PLACED,2,435.23
131038,1,4440,53,East,2026-01-14,PLACED,9,149.19
131039,1,4190,11,West,2026-01-13,PLACED,6,123.72
131039,2,4190,101,West,2026-01-13,PLACED,5,11.13
131039,3,4190,296,West,2026-01-13,PLACED,2,273.26
131039,4,4190,111,West,2026-01-13,PLACED,2,440.05
131039,5,4190,264,West,2026-01-13,PLACED,10,77.76
131039,6,4190,56,West,2026-01-13,PLACED,8,334.24
131040,1,1966,230,West,2026-01-13,PLACED,6,501.6
131041,1,1621,180,East,2026-01-14,PLACED,9,224.7
131042,1,3295,297,South,2026-01-13,PLACED,6,225.84
131043,1,1365,64,East,2026-01-13,PLACED,7,334.55
131044,1,4741,265,West,2026-01-13,PLACED,1,376.93
131045,1,4094,147,West,2026-01-13,PLACED,10,270.43
131045,2,4094,147,West,2026-01-13,PLACED,1,276.62
131045,3,4094,250,West,2026-01-13,PLACED,7,165.16
131045,4,4094,12,West,2026-01-13,PLACED,2,272.45
131045,5,4094,257,West,2026-01-13,PLACED,7,43.57
131045,6,4094,96,West,2026-01-13,PLACED,6,205.62
131045,7,4094,28,West,2026-01-13,PLACED,2,53.58
131045,8,4094,248,West,2026-01-13,PLACED,10,214.89
131045,9,4094,257,West,2026-01-13,PLACED,3,41.65
131046,1,4627,5,South,2026-01-14,PLACED,8,404.64
131047,1,834,197,North,2026-01-14,PLACED,3,286.9
131047,2,834,22,North,2026-01-14,PLACED,2,336.18
131047,3,834,47,North,2026-01-14,PLACED,2,59.33
131047,4,834,199,North,2026-01-14,PLACED,3,496.09
131047,5,834,236,North,2026-01-14,PLACED,9,69.15
131047,6,834,61,North,2026-01-14,PLACED,3,477.79
131047,7,834,265,North,2026-01-14,PLACED,5,433.84
131047,8,834,10,North,2026-01-14,PLACED,10,20.58
131048,1,1330,10,North,2026-01-13,PLACED,5,21.63
131049,1,3250,102,East,2026-01-14,PLACED,8,342.57
131050,1,2709,25,Central,2026-01-14,PLACED,9,468.62
131050,2,2709,38,Central,2026-01-14,PLACED,8,280.27
131051,1,886,41,West,2026-01-14,PLACED,2,339.47
131052,1,1478,228,South,2026-01-13,PLACED,2,387.37
131052,2,1478,69,South,2026-01-13,PLACED,7,171.17
131053,1,1121,17,East,2026-01-13,PLACED,2,102.71
131053,2,1121,115,East,2026-01-13,PLACED,1,484.49
131053,3,1121,21,East,2026-01-13,PLACED,3,377.01
131053,4,1121,77,East,2026-01-13,PLACED,3,430.71
131053,5,1121,126,East,2026-01-13,PLACED,3,163.86
131054,1,2777,106,Central,2026-01-13,PLACED,2,349.68
131055,1,2649,266,Central,2026-01-13,PLACED,8,326.16
131056,1,3589,165,Central,2026-01-14,PLACED,3,440.74
131057,1,3214,88,East,2026-01-13,PLACED,5,247.85
131058,1,2530,3,Central,2026-01-14,PLACED,2,135.01
131059,1,708,262,South,2026-01-13,PLACED,6,438.96
131060,1,123,59,East,2026-01-14,PLACED,8,80.33
131061,1,3843,293,West,2026-01-13,PLACED,9,320.38
131061,2,3843,41,West,2026-01-13,PLACED,6,334.43
131062,1,4099,46,West,2026-01-14,PLACED,5,121.11
131063,1,4417,12,West,2026-01-14,PLACED,8,270.59
131063,2,4417,85,West,2026-01-14,PLACED,10,212.4
131064,1,4218,54,West,2026-01-13,PLACED,1,468.43
131064,2,4218,97,West,2026-01-13,PLACED,6,533.06
131065,1,2284,47,Central,2026-01-13,PLACED,7,55.23
131066,1,347,155,West,2026-01-14,PLACED,9,64.95
131067,1,2053,57,North,2026-01-14,PLACED,7,86.38
131068,1,3218,49,Central,2026-01-13,PLACED,7,333.26
131068,2,3218,13,Central,2026-01-13,PLACED,6,19.23
131068,3,3218,199,Central,2026-01-13,PLACED,5,490.2
131068,4,3218,62,Central,2026-01-13,PLACED,7,338.54
131069,1,4810,284,Central,2026-01-13,PLACED,9,142.27
131070,1,3771,61,East,2026-01-14,PLACED,9,518.48
131070,2,3771,183,East,2026-01-14,PLACED,1,446.24
131071,1,3180,28,West,2026-01-14,PLACED,5,51.71
131072,1,4407,67,West,2026-01-13,PLACED,9,108.86
131073,1,806,161,North,2026-01-13,PLACED,7,40.29
131074,1,1393,124,South,2026-01-14,PLACED,6,244.05
131075,1,66,8,West,2026-01-13,PLACED,5,50.62
131075,2,66,240,West,2026-01-13,PLACED,1,297.09
131075,3,66,17,West,2026-01-13,PLACED,3,110.26
131075,4,66,286,West,2026-01-13,PLACED,10,418.13
131075,5,66,230,West,2026-01-13,PLACED,6,494.21
131075,6,66,64,West,2026-01-13,PLACED,10,350.41
131075,7,66,202,West,2026-01-13,PLACED,5,421.79
131075,8,66,196,West,2026-01-13,PLACED,8,443.12
131075,9,66,35,West,2026-01-13,PLACED,10,183.3
131076,1,426,154,Central,2026-01-13,PLACED,7,257.28
131077,1,1035,218,West,2026-01-13,PLACED,4,363.14
131078,1,1991,5,Central,2026-01-13,PLACED,7,386.87
131079,1,3451,257,East,2026-01-14,PLACED,6,38.21
131079,2,3451,149,East,2026-01-14,PLACED,2,113.52
131079,3,3451,125,East,2026-01-14,PLACED,8,5.48
131079,4,3451,293,East,2026-01-14,PLACED,9,291.97
131079,5,3451,25,East,2026-01-14,PLACED,10,448.22
131079,6,3451,92,East,2026-01-14,PLACED,3,300.23
131080,1,1778,179,South,2026-01-14,PLACED,7,230.02
131080,2,1778,149,South,2026-01-14,PLACED,4,102.91
131080,3,1778,226,South,2026-01-14,PLACED,2,303.11
131080,4,1778,22,South,2026-01-14,PLACED,1,340.66
131081,1,2189,84,East,2026-01-14,PLACED,6,491.47
131082,1,4634,81,South,2026-01-14,PLACED,6,308.7
131083,1,51,7,West,2026-01-13,PLACED,6,439.72
131083,2,51,202,West,2026-01-13,PLACED,10,501.72
131084,1,4664,177,West,2026-01-13,PLACED,10,53.45
131085,1,2833,198,North,2026-01-14,PLACED,1,32.58
131086,1,4171,96,Central,2026-01-13,PLACED,1,201.48
131086,2,4171,138,Central,2026-01-13,PLACED,3,398.47
131087,1,1854,11,North,2026-01-13,PLACED,1,123.9
131088,1,2339,26,Central,2026-01-14,PLACED,6,169.18
131089,1,609,65,West,2026-01-13,PLACED,2,400.05
131089,2,609,101,West,2026-01-13,PLACED,1,10.14
131090,1,3981,48,South,2026-01-14,PLACED,8,149.95
131091,1,4092,207,Central,2026-01-13,PLACED,9,199.24
131091,2,4092,16,Central,2026-01-13,PLACED,4,298.62
131091,3,4092,83,Central,2026-01-13,PLACED,1,281.25
131091,4,4092,231,Central,2026-01-13,PLACED,3,48.08
131092,1,1683,281,West,2026-01-14,PLACED,2,359.37
131093,1,1241,130,East,2026-01-14,PLACED,2,403.46
131093,2,1241,72,East,2026-01-14,PLACED,9,479.67
131094,1,680,223,South,2026-01-14,PLACED,10,281.56
131094,2,680,291,South,2026-01-14,PLACED,9,7.09
131094,3,680,22,South,2026-01-14,PLACED,8,384.5
131095,1,3685,12,North,2026-01-14,PLACED,7,255.69
131096,1,384,240,East,2026-01-14,PLACED,8,296.79
131096,2,384,94,East,2026-01-14,PLACED,10,213.76
131096,3,384,47,East,2026-01-14,PLACED,4,55.97
131096,4,384,202,East,2026-01-14,PLACED,1,460.53
131096,5,384,172,East,2026-01-14,PLACED,3,291.86
131096,6,384,252,East,2026-01-14,PLACED,1,353.45
131096,7,384,225,East,2026-01-14,PLACED,3,32.51
131096,8,384,111,East,2026-01-14,PLACED,3,414.79
131096,9,384,109,East,2026-01-14,PLACED,2,243.77
131097,1,2886,156,East,2026-01-13,PLACED,9,115.35
131098,1,3952,169,Central,2026-01-13,PLACED,8,110.1
131099,1,3229,10,Central,2026-01-13,PLACED,2,21.64
131099,2,3229,77,Central,2026-01-13,PLACED,3,471.46
131099,3,3229,215,Central,2026-01-13,PLACED,9,452.44
131099,4,3229,66,Central,2026-01-13,PLACED,1,400.72
131099,5,3229,115,Central,2026-01-13,PLACED,2,423.76
131099,6,3229,38,Central,2026-01-13,PLACED,2,323.77
131099,7,3229,142,Central,2026-01-13,PLACED,10,283.16
131100,1,2382,269,West,2026-01-13,PLACED,8,358.0
131101,1,293,8,North,2026-01-13,PLACED,9,51.39
131102,1,728,206,West,2026-01-14,PLACED,9,103.22
131103,1,1945,241,Central,2026-01-14,PLACED,10,216.99
131104,1,807,286,North,2026-01-13,PLACED,7,454.31
131105,1,3023,289,South,2026-01-14,PLACED,8,235.58
131105,2,3023,61,South,2026-01-14,PLACED,1,483.76
131105,3,3023,229,South,2026-01-14,PLACED,9,88.6
131105,4,3023,274,South,2026-01-14,PLACED,7,437.2
131105,5,3023,218,South,2026-01-14,PLACED,3,353.34
131105,6,3023,299,South,2026-01-14,PLACED,2,42.12
131105,7,3023,9,South,2026-01-14,PLACED,3,199.57
131105,8,3023,64,South,2026-01-14,PLACED,9,376.75
131105,9,3023,280,South,2026-01-14,PLACED,10,293.05
131105,10,3023,48,South,2026-01-14,PLACED,10,133.09
131106,1,3824,243,Central,2026-01-14,PLACED,3,242.43
131106,2,3824,104,Central,2026-01-14,PLACED,6,261.2
131107,1,3941,235,South,2026-01-13,PLACED,2,133.46
131108,1,4123,269,North,2026-01-14,PLACED,8,328.06
131108,2,4123,236,North,2026-01-14,PLACED,3,68.7
131108,3,4123,212,North,2026-01-14,PLACED,10,365.34
131109,1,3018,80,Central,2026-01-13,PLACED,10,127.06
131110,1,1618,114,Central,2026-01-14,PLACED,8,101.06
131111,1,3778,98,Central,2026-01-14,PLACED,8,253.52
131112,1,1715,123,West,2026-01-14,PLACED,6,397.5
131113,1,1973,32,West,2026-01-14,PLACED,8,359.35
131114,1,1316,190,South,2026-01-13,PLACED,9,221.94
131114,2,1316,163,South,2026-01-13,PLACED,8,113.5
131114,3,1316,52,South,2026-01-13,PLACED,6,117.7
131114,4,1316,19,South,2026-01-13,PLACED,1,442.31
131114,5,1316,121,South,2026-01-13,PLACED,2,362.33
131114,6,1316,197,South,2026-01-13,PLACED,7,292.22
131115,1,713,149,West,2026-01-14,PLACED,4,105.08
131115,2,713,292,West,2026-01-14,PLACED,1,363.05
131115,3,713,105,West,2026-01-14,PLACED,5,127.29
131115,4,713,160,West,2026-01-14,PLACED,10,105.24
131116,1,3075,218,West,2026-01-14,PLACED,1,378.51
131117,1,4830,166,East,2026-01-13,PLACED,9,39.15
131117,2,4830,255,East,2026-01-13,PLACED,6,494.92
131117,3,4830,148,East,2026-01-13,PLACED,9,348.28
131117,4,4830,32,East,2026-01-13,PLACED,3,386.18
131117,5,4830,1,East,2026-01-13,PLACED,10,327.88
131117,6,4830,213,East,2026-01-13,PLACED,5,236.28
131117,7,4830,151,East,2026-01-13,PLACED,8,543.49
131117,8,4830,56,East,2026-01-13,PLACED,7,311.57
131117,9,4830,166,East,2026-01-13,PLACED,6,40.61
131118,1,3905,111,North,2026-01-13,PLACED,10,441.75
131118,2,3905,185,North,2026-01-13,PLACED,9,201.2
131119,1,2614,19,South,2026-01-14,PLACED,3,441.65
131119,2,2614,178,South,2026-01-14,PLACED,4,238.31
131120,1,1447,64,West,2026-01-14,PLACED,7,324.4
131121,1,4044,78,North,2026-01-14,PLACED,6,210.5
131122,1,729,236,Central,2026-01-14,PLACED,7,62.25
131123,1,2466,76,North,2026-01-14,PLACED,10,182.15
131123,2,2466,277,North,2026-01-14,PLACED,7,56.4
131123,3,2466,109,North,2026-01-14,PLACED,5,208.91
131123,4,2466,166,North,2026-01-14,PLACED,7,41.55
131123,5,2466,231,North,2026-01-14,PLACED,2,42.34
131124,1,1777,18,North,2026-01-14,PLACED,5,312.8
131124,2,1777,213,North,2026-01-14,PLACED,4,216.57
131125,1,4198,79,South,2026-01-13,PLACED,8,124.14
131126,1,2870,292,South,2026-01-13,PLACED,6,403.07
131127,1,36,158,South,2026-01-13,PLACED,7,315.71
131128,1,186,53,South,2026-01-13,PLACED,2,150.86
131129,1,3029,87,West,2026-01-13,PLACED,7,519.3
131129,2,3029,182,West,2026-01-13,PLACED,10,343.92
131129,3,3029,215,West,2026-01-13,PLACED,7,519.68
131130,1,704,2,South,2026-01-14,PLACED,6,17.7
131130,2,704,146,South,2026-01-14,PLACED,6,109.15
131130,3,704,185,South,2026-01-14,PLACED,10,188.21
131130,4,704,153,South,2026-01-14,PLACED,3,222.59
131130,5,704,13,South,2026-01-14,PLACED,9,19.35
131131,1,1794,162,East,2026-01-13,PLACED,9,297.43
131131,2,1794,233,East,2026-01-13,PLACED,3,327.15
131132,1,970,39,East,2026-01-13,PLACED,10,408.12
131132,2,970,290,East,2026-01-13,PLACED,10,145.71
131132,3,970,57,East,2026-01-13,PLACED,1,81.7
131132,4,970,96,East,2026-01-13,PLACED,2,177.12
131132,5,970,143,East,2026-01-13,PLACED,2,130.61
131132,6,970,209,East,2026-01-13,PLACED,6,181.45
131132,7,970,150,East,2026-01-13,PLACED,6,148.19
131132,8,970,172,East,2026-01-13,PLACED,3,311.29
131132,9,970,163,East,2026-01-13,PLACED,3,128.43
131132,10,970,47,East,2026-01-13,PLACED,4,55.14
131133,1,4540,91,North,2026-01-13,PLACED,4,55.05
131134,1,2376,152,Central,2026-01-13,PLACED,5,318.13
131134,2,2376,27,Central,2026-01-13,PLACED,4,52.16
131134,3,2376,126,Central,2026-01-13,PLACED,2,181.03
131134,4,2376,152,Central,2026-01-13,PLACED,10,309.55
131135,1,1372,110,East,2026-01-14,PLACED,7,483.65
131135,2,1372,14,East,2026-01-14,PLACED,7,94.68
131135,3,1372,12,East,2026-01-14,PLACED,7,258.22
131135,4,1372,148,East,2026-01-14,PLACED,6,361.97
131135,5,1372,150,East,2026-01-14,PLACED,7,165.24
131136,1,78,125,Central,2026-01-14,PLACED,1,5.09
131137,1,2961,300,Central,2026-01-14,PLACED,2,435.95
131138,1,1845,144,Central,2026-01-14,PLACED,7,437.3
131139,1,234,95,North,2026-01-14,PLACED,1,33.55
131140,1,3534,228,South,2026-01-14,PLACED,3,449.07
131141,1,4543,135,South,2026-01-13,PLACED,3,46.72
131142,1,3142,53,West,2026-01-13,PLACED,2,129.22
131143,1,3157,163,East,2026-01-13,PLACED,4,121.11
131144,1,1492,30,South,2026-01-14,PLACED,1,330.44
131144,2,1492,181,South,2026-01-14,PLACED,8,353.95
131145,1,4123,18,North,2026-01-14,PLACED,6,278.09
131146,1,2301,247,Central,2026-01-14,PLACED,5,117.93
131147,1,3396,211,North,2026-01-13,PLACED,5,133.36
131147,2,3396,107,North,2026-01-13,PLACED,2,64.67
131148,1,4981,171,East,2026-01-13,PLACED,8,457.32
131149,1,2289,83,South,2026-01-14,PLACED,9,287.62
131149,2,2289,122,South,2026-01-14,PLACED,9,266.08
131150,1,2619,108,South,2026-01-14,PLACED,10,204.57
131151,1,643,245,South,2026-01-14,PLACED,9,110.12
131152,1,1694,197,South,2026-01-14,PLACED,5,263.08
131153,1,2229,186,East,2026-01-14,PLACED,2,162.33
131154,1,4077,45,East,2026-01-14,PLACED,6,45.17
131155,1,3504,238,North,2026-01-13,PLACED,5,119.23
131156,1,3754,116,West,2026-01-14,PLACED,4,443.15
131157,1,2275,133,Central,2026-01-14,PLACED,3,457.77
131158,1,495,297,West,2026-01-14,PLACED,4,234.85
131159,1,3559,167,South,2026-01-14,PLACED,9,117.88
131159,2,3559,87,South,2026-01-14,PLACED,2,497.36
131159,3,3559,159,South,2026-01-14,PLACED,2,121.79
131159,4,3559,198,South,2026-01-14,PLACED,3,29.91
131159,5,3559,226,South,2026-01-14,PLACED,4,306.34
131159,6,3559,291,South,2026-01-14,PLACED,10,6.57
131159,7,3559,184,South,2026-01-14,PLACED,6,50.85
131159,8,3559,225,South,2026-01-14,PLACED,6,31.99
131159,9,3559,155,South,2026-01-14,PLACED,10,61.76
131159,10,3559,70,South,2026-01-14,PLACED,4,148.64
131160,1,2361,280,North,2026-01-13,PLACED,8,325.49
131161,1,926,143,Central,2026-01-13,PLACED,10,139.35
131162,1,2831,236,Central,2026-01-13,PLACED,8,70.36
131163,1,580,237,Central,2026-01-13,PLACED,1,449.14
131164,1,4728,158,Central,2026-01-14,PLACED,3,308.02
131165,1,1503,161,East,2026-01-14,PLACED,5,42.14
131165,2,1503,19,East,2026-01-14,PLACED,6,388.92
131166,1,4849,127,South,2026-01-13,PLACED,3,15.95
131166,2,4849,111,South,2026-01-13,PLACED,1,402.5
131167,1,4899,291,West,2026-01-14,PLACED,1,6.31
131168,1,3103,254,North,2026-01-14,PLACED,6,217.42
131169,1,500,219,East,2026-01-13,PLACED,6,84.81
131170,1,4528,34,East,2026-01-14,PLACED,9,461.83
131171,1,2742,297,Central,2026-01-14,PLACED,9,231.42
131172,1,3771,48,East,2026-01-14,PLACED,8,136.71
131173,1,3324,71,North,2026-01-14,PLACED,2,118.5
131174,1,4094,205,South,2026-01-13,PLACED,10,236.15
131174,2,4094,9,South,2026-01-13,PLACED,8,224.77
131175,1,2038,257,South,2026-01-13,PLACED,9,43.24
131176,1,1504,277,North,2026-01-13,PLACED,4,52.29
131177,1,2884,78,South,2026-01-14,PLACED,6,228.15
131177,2,2884,277,South,2026-01-14,PLACED,7,60.28
131177,3,2884,20,South,2026-01-14,PLACED,10,7.84
131177,4,2884,27,South,2026-01-14,PLACED,10,53.92
131177,5,2884,284,South,2026-01-14,PLACED,2,126.1
131178,1,4931,217,North,2026-01-14,PLACED,8,278.97
131179,1,2165,48,South,2026-01-14,PLACED,3,132.52
131179,2,2165,285,South,2026-01-14,PLACED,4,249.61
131179,3,2165,279,South,2026-01-14,PLACED,5,129.08
131179,4,2165,247,South,2026-01-14,PLACED,5,132.78
131179,5,2165,213,South,2026-01-14,PLACED,4,237.24
131180,1,4911,136,South,2026-01-13,PLACED,1,233.57
131181,1,542,260,North,2026-01-14,PLACED,6,507.57
131182,1,1204,109,North,2026-01-13,PLACED,3,244.74
131183,1,3409,234,South,2026-01-14,PLACED,9,321.28
131183,2,3409,117,South,2026-01-14,PLACED,8,146.46
131183,3,3409,137,South,2026-01-14,PLACED,9,40.26
131183,4,3409,219,South,2026-01-14,PLACED,1,89.04
131184,1,4728,140,South,2026-01-13,PLACED,1,64.79
131184,2,4728,188,South,2026-01-13,PLACED,2,133.01
131185,1,4995,57,East,2026-01-14,PLACED,10,87.64
131186,1,2840,216,West,2026-01-13,PLACED,6,453.14
131187,1,1768,172,South,2026-01-14,PLACED,6,271.52
131187,2,1768,136,South,2026-01-14,PLACED,1,259.78
131188,1,3916,123,North,2026-01-13,PLACED,8,381.55
131189,1,2436,144,South,2026-01-13,PLACED,10,450.46
131190,1,2417,89,East,2026-01-13,PLACED,3,45.57
131190,2,2417,270,East,2026-01-13,PLACED,3,8.02
131190,3,2417,56,East,2026-01-13,PLACED,4,318.63
131191,1,2077,49,Central,2026-01-14,PLACED,6,322.06
131192,1,273,274,East,2026-01-13,PLACED,10,497.48
131193,1,4974,114,South,2026-01-14,PLACED,3,93.77
131194,1,3850,241,East,2026-01-14,PLACED,8,196.06
131194,2,3850,160,East,2026-01-14,PLACED,4,111.15
131195,1,1825,285,West,2026-01-14,PLACED,9,233.98
131196,1,4606,192,East,2026-01-14,PLACED,10,130.14
131196,2,4606,255,East,2026-01-14,PLACED,2,463.25
131197,1,555,141,North,2026-01-13,PLACED,4,248.69
131198,1,4002,80,North,2026-01-14,PLACED,9,119.94
131199,1,4182,258,West,2026-01-13,PLACED,4,105.65
131200,1,3251,39,South,2026-01-13,PLACED,8,400.49
131200,2,3251,52,South,2026-01-13,PLACED,1,106.76
131201,1,1117,156,West,2026-01-14,PLACED,1,109.59
131201,2,1117,167,West,2026-01-14,PLACED,5,130.06
131202,1,2619,291,North,2026-01-14,PLACED,1,6.81
131203,1,1681,32,South,2026-01-13,PLACED,8,374.73
131203,2,1681,124,South,2026-01-13,PLACED,4,262.2
131203,3,1681,255,South,2026-01-13,PLACED,3,485.48
131203,4,1681,264,South,2026-01-13,PLACED,7,75.25
131203,5,1681,125,South,2026-01-13,PLACED,2,5.75
131204,1,1141,219,South,2026-01-14,PLACED,8,86.48
131205,1,2030,87,East,2026-01-14,PLACED,8,517.09
131206,1,2146,276,East,2026-01-13,PLACED,5,66.88
131206,2,2146,52,East,2026-01-13,PLACED,8,108.53
131207,1,3009,242,North,2026-01-13,PLACED,6,292.52
131208,1,577,235,Central,2026-01-14,PLACED,9,124.39
131208,2,577,242,Central,2026-01-14,PLACED,8,299.99
131209,1,2227,134,South,2026-01-14,PLACED,1,462.5
131210,1,422,17,North,2026-01-13,PLACED,7,124.68
131211,1,1773,255,North,2026-01-13,PLACED,4,466.82
131212,1,2158,267,West,2026-01-14,PLACED,3,336.78
131212,2,2158,263,West,2026-01-14,PLACED,1,172.59
131212,3,2158,54,West,2026-01-14,PLACED,2,512.06
131212,4,2158,137,West,2026-01-14,PLACED,5,36.71
131212,5,2158,14,West,2026-01-14,PLACED,5,102.33
131213,1,2955,94,West,2026-01-14,PLACED,1,203.14
131214,1,2110,60,West,2026-01-14,PLACED,9,176.46
131215,1,1107,297,North,2026-01-13,PLACED,9,226.06
131215,2,1107,122,North,2026-01-13,PLACED,2,268.24
131216,1,4907,48,Central,2026-01-13,PLACED,6,142.85
131216,2,4907,265,Central,2026-01-13,PLACED,9,376.66
131216,3,4907,50,Central,2026-01-13,PLACED,5,194.58
131216,4,4907,98,Central,2026-01-13,PLACED,4,281.89
131216,5,4907,219,Central,2026-01-13,PLACED,8,79.56
131216,6,4907,59,Central,2026-01-13,PLACED,6,87.83
131216,7,4907,189,Central,2026-01-13,PLACED,1,101.28
131216,8,4907,249,Central,2026-01-13,PLACED,3,308.75
131216,9,4907,159,Central,2026-01-13,PLACED,7,108.43
131217,1,4941,241,North,2026-01-13,PLACED,1,206.28
131218,1,697,69,Central,2026-01-13,PLACED,6,169.82
131219,1,493,196,South,2026-01-14,PLACED,2,428.97
131220,1,2203,144,North,2026-01-14,PLACED,2,447.1
131221,1,365,250,West,2026-01-13,PLACED,4,139.12
131222,1,387,14,North,2026-01-13,PLACED,10,101.65
131223,1,1599,143,East,2026-01-13,PLACED,4,146.98
131223,2,1599,77,East,2026-01-13,PLACED,9,487.88
131223,3,1599,30,East,2026-01-13,PLACED,8,283.24
131223,4,1599,136,East,2026-01-13,PLACED,4,236.72
131223,5,1599,144,East,2026-01-13,PLACED,5,448.16
131223,6,1599,3,East,2026-01-13,PLACED,5,149.72
131223,7,1599,208,East,2026-01-13,PLACED,10,30.99
131224,1,3103,16,East,2026-01-13,PLACED,9,274.47
131225,1,1077,130,West,2026-01-13,PLACED,1,375.86
131226,1,147,30,Central,2026-01-14,PLACED,2,297.51
131227,1,2346,122,West,2026-01-13,PLACED,6,255.23
131228,1,4805,119,West,2026-01-13,PLACED,5,331.49
131228,2,4805,59,West,2026-01-13,PLACED,8,78.88
131229,1,2314,234,North,2026-01-14,PLACED,2,329.78
131230,1,4043,249,Central,2026-01-13,PLACED,8,304.49
131231,1,3821,261,South,2026-01-14,PLACED,10,444.09
131232,1,2723,150,East,2026-01-14,PLACED,7,162.39
131233,1,1362,87,East,2026-01-14,PLACED,2,469.44
131234,1,3514,197,North,2026-01-14,PLACED,3,251.36
131234,2,3514,144,North,2026-01-14,PLACED,5,400.98
131235,1,2929,55,East,2026-01-14,PLACED,4,350.34
131236,1,2248,103,West,2026-01-14,PLACED,8,368.52
131237,1,4256,160,South,2026-01-14,PLACED,6,106.67
131238,1,3327,198,East,2026-01-13,PLACED,3,31.48
131239,1,4354,241,Central,2026-01-13,PLACED,5,221.76
131240,1,1475,268,South,2026-01-14,PLACED,10,481.84
131241,1,4697,56,Central,2026-01-14,PLACED,2,308.72
131242,1,4240,37,Central,2026-01-14,PLACED,8,448.51
131242,2,4240,112,Central,2026-01-14,PLACED,4,146.94
131242,3,4240,177,Central,2026-01-14,PLACED,3,49.03
131243,1,4648,54,West,2026-01-13,PLACED,4,499.34
131244,1,2085,47,West,2026-01-13,PLACED,2,57.63
131245,1,3607,77,South,2026-01-13,PLACED,5,464.14
131245,2,3607,217,South,2026-01-13,PLACED,6,298.0
131245,3,3607,41,South,2026-01-13,PLACED,7,323.38
131246,1,2357,118,West,2026-01-14,PLACED,2,306.75
131247,1,1724,200,Central,2026-01-14,PLACED,3,398.82
131248,1,1286,10,East,2026-01-14,PLACED,5,21.09
131248,2,1286,260,East,2026-01-14,PLACED,6,446.96
131248,3,1286,218,East,2026-01-14,PLACED,10,394.85
131248,4,1286,209,East,2026-01-14,PLACED,7,205.58
131248,5,1286,136,East,2026-01-14,PLACED,9,223.71
131249,1,633,209,South,2026-01-13,PLACED,4,194.4
131250,1,4339,242,West,2026-01-13,PLACED,1,265.03
131251,1,1675,125,North,2026-01-14,PLACED,2,5.21
131251,2,1675,68,North,2026-01-14,PLACED,5,22.66
131251,3,1675,128,North,2026-01-14,PLACED,6,466.9
131252,1,3853,196,Central,2026-01-13,PLACED,3,416.44
131252,2,3853,189,Central,2026-01-13,PLACED,3,97.12
131253,1,4404,139,South,2026-01-14,PLACED,4,363.27
131253,2,4404,205,South,2026-01-14,PLACED,10,257.38
131253,3,4404,284,South,2026-01-14,PLACED,4,126.95
131253,4,4404,72,South,2026-01-14,PLACED,7,517.57
131253,5,4404,161,South,2026-01-14,PLACED,10,42.75
131254,1,3085,269,East,2026-01-14,PLACED,5,324.5
131255,1,3827,173,West,2026-01-14,PLACED,3,262.73
131256,1,3900,50,South,2026-01-14,PLACED,10,187.62
131256,2,3900,71,South,2026-01-14,PLACED,9,106.18
131257,1,2477,205,North,2026-01-14,PLACED,2,265.18
131258,1,2479,119,West,2026-01-14,PLACED,4,335.55
131259,1,2013,215,South,2026-01-14,PLACED,4,443.71
131260,1,4873,232,South,2026-01-14,PLACED,1,103.44
131261,1,3591,125,North,2026-01-13,PLACED,7,5.35
131261,2,3591,266,North,2026-01-13,PLACED,5,319.39
131262,1,3991,217,South,2026-01-14,PLACED,9,296.16
131262,2,3991,290,South,2026-01-14,PLACED,2,135.95
131263,1,222,89,West,2026-01-14,PLACED,9,48.71
131263,2,222,72,West,2026-01-14,PLACED,10,442.36
131264,1,2275,5,South,2026-01-13,PLACED,5,355.37
131264,2,2275,107,South,2026-01-13,PLACED,4,63.94
131265,1,4978,70,Central,2026-01-13,PLACED,7,134.01
131266,1,260,185,West,2026-01-13,PLACED,8,206.83
131266,2,260,12,West,2026-01-13,PLACED,2,271.15
131266,3,260,18,West,2026-01-13,PLACED,4,323.87
131266,4,260,74,West,2026-01-13,PLACED,10,146.1
131266,5,260,91,West,2026-01-13,PLACED,2,53.48
131266,6,260,141,West,2026-01-13,PLACED,7,253.02
131266,7,260,164,West,2026-01-13,PLACED,5,463.19
131266,8,260,274,West,2026-01-13,PLACED,4,429.98
131266,9,260,164,West,2026-01-13,PLACED,10,458.48
131267,1,4112,229,Central,2026-01-14,PLACED,8,80.25
131268,1,2653,171,East,2026-01-14,PLACED,6,440.9
131269,1,2116,240,East,2026-01-13,PLACED,9,315.14
131269,2,2116,105,East,2026-01-13,PLACED,2,128.35
131270,1,555,132,West,2026-01-13,PLACED,9,31.03
131271,1,2697,198,Central,2026-01-13,PLACED,10,31.26
131271,2,2697,38,Central,2026-01-13,PLACED,7,320.9
131272,1,816,19,Central,2026-01-13,PLACED,8,440.14
131273,1,448,238,West,2026-01-13,PLACED,8,136.84
131274,1,1788,266,Central,2026-01-13,PLACED,7,351.55
131275,1,4170,279,Central,2026-01-14,PLACED,7,152.79
131276,1,55,264,Central,2026-01-13,PLACED,2,76.52
131277,1,1348,37,South,2026-01-14,PLACED,9,390.14
131277,2,1348,96,South,2026-01-14,PLACED,4,183.12
131277,3,1348,247,South,2026-01-14,PLACED,4,117.22
131278,1,463,72,West,2026-01-13,PLACED,10,511.14
131279,1,3402,203,Central,2026-01-14,PLACED,10,390.02
131280,1,3490,276,East,2026-01-13,PLACED,1,66.07
131280,2,3490,81,East,2026-01-13,PLACED,6,289.97
131281,1,1443,289,West,2026-01-13,PLACED,7,229.83
131281,2,1443,270,West,2026-01-13,PLACED,5,9.31
131281,3,1443,42,West,2026-01-13,PLACED,7,25.16
131281,4,1443,222,West,2026-01-13,PLACED,6,262.54
131281,5,1443,21,West,2026-01-13,PLACED,3,401.95
131281,6,1443,137,West,2026-01-13,PLACED,8,35.51
131281,7,1443,50,West,2026-01-13,PLACED,9,188.24
131281,8,1443,190,West,2026-01-13,PLACED,7,235.85
131282,1,4741,184,West,2026-01-14,PLACED,4,54.45
131283,1,1412,233,West,2026-01-14,PLACED,9,310.97
131284,1,150,70,West,2026-01-13,PLACED,5,135.18
131285,1,1429,164,Central,2026-01-14,PLACED,10,460.54
131285,2,1429,294,Central,2026-01-14,PLACED,3,127.64
131285,3,1429,33,Central,2026-01-14,PLACED,8,268.99
131285,4,1429,258,Central,2026-01-14,PLACED,3,104.93
131285,5,1429,233,Central,2026-01-14,PLACED,6,326.85
131286,1,366,152,East,2026-01-14,PLACED,8,295.24
131287,1,2919,181,West,2026-01-13,PLACED,7,343.42
131288,1,4866,297,West,2026-01-13,PLACED,1,237.42
131289,1,1198,238,West,2026-01-13,PLACED,3,122.97
131289,2,1198,194,West,2026-01-13,PLACED,2,477.94
131289,3,1198,263,West,2026-01-13,PLACED,2,202.61
131289,4,1198,257,West,2026-01-13,PLACED,2,39.28
131289,5,1198,101,West,2026-01-13,PLACED,10,9.65
131289,6,1198,189,West,2026-01-13,PLACED,10,94.59
131289,7,1198,255,West,2026-01-13,PLACED,5,482.6
131289,8,1198,108,West,2026-01-13,PLACED,7,199.74
131289,9,1198,185,West,2026-01-13,PLACED,7,193.42
131290,1,4269,234,Central,2026-01-13,PLACED,6,323.33
131291,1,3002,282,North,2026-01-14,PLACED,7,103.6
131292,1,4316,158,South,2026-01-13,PLACED,7,291.71
131293,1,4015,228,Central,2026-01-14,PLACED,1,431.41
131293,2,4015,52,Central,2026-01-14,PLACED,5,102.11
131293,3,4015,107,Central,2026-01-14,PLACED,5,57.28
131294,1,1885,103,West,2026-01-14,PLACED,1,323.13
131295,1,4861,188,West,2026-01-14,PLACED,3,139.91
131296,1,462,50,West,2026-01-14,PLACED,6,188.87
131297,1,2444,79,East,2026-01-13,PLACED,7,145.32
131297,2,2444,246,East,2026-01-13,PLACED,9,387.58
131298,1,4450,163,West,2026-01-13,PLACED,9,111.33
131299,1,1149,51,North,2026-01-13,PLACED,4,183.78
131299,2,1149,171,North,2026-01-13,PLACED,10,450.02
131299,3,1149,167,North,2026-01-13,PLACED,1,115.67
131299,4,1149,82,North,2026-01-13,PLACED,4,146.14
131299,5,1149,171,North,2026-01-13,PLACED,2,423.21
131299,6,1149,156,North,2026-01-13,PLACED,10,108.23
131299,7,1149,155,North,2026-01-13,PLACED,8,62.46
131299,8,1149,248,North,2026-01-13,PLACED,8,185.58
131300,1,4757,54,West,2026-01-14,PLACED,7,508.1
131300,2,4757,29,West,2026-01-14,PLACED,3,403.43
131301,1,3159,156,Central,2026-01-13,PLACED,9,126.1
131301,2,3159,37,Central,2026-01-13,PLACED,7,421.21
131301,3,3159,254,Central,2026-01-13,PLACED,9,209.23
131301,4,3159,165,Central,2026-01-13,PLACED,2,468.53
131302,1,2857,124,West,2026-01-13,PLACED,10,259.4
131303,1,144,179,East,2026-01-13,PLACED,8,198.43
131304,1,4606,156,East,2026-01-14,PLACED,3,105.51
131305,1,2391,4,West,2026-01-13,PLACED,9,113.68
131306,1,909,159,South,2026-01-13,PLACED,1,122.29
131307,1,724,177,East,2026-01-14,PLACED,9,48.98
131307,2,724,234,East,2026-01-14,PLACED,10,358.53
131307,3,724,20,East,2026-01-14,PLACED,8,7.66
131307,4,724,86,East,2026-01-14,PLACED,2,114.15
131307,5,724,52,East,2026-01-14,PLACED,6,102.67
131307,6,724,41,East,2026-01-14,PLACED,2,354.69
131307,7,724,168,East,2026-01-14,PLACED,1,347.4
131307,8,724,266,East,2026-01-14,PLACED,10,382.74
131308,1,351,50,North,2026-01-14,PLACED,5,196.33
131309,1,3174,263,West,2026-01-14,PLACED,7,187.27
131309,2,3174,127,West,2026-01-14,PLACED,9,13.6
131309,3,3174,163,West,2026-01-14,PLACED,4,114.01
131309,4,3174,89,West,2026-01-14,PLACED,6,52.83
131310,1,4954,6,Central,2026-01-14,PLACED,5,323.02
131311,1,4449,172,Central,2026-01-13,PLACED,1,288.53
131312,1,1095,255,West,2026-01-13,PLACED,7,543.17
131313,1,3117,28,Central,2026-01-14,PLACED,6,57.29
131313,2,3117,80,Central,2026-01-14,PLACED,3,130.28
131313,3,3117,56,Central,2026-01-14,PLACED,2,297.66
131313,4,3117,245,Central,2026-01-14,PLACED,8,107.89
131313,5,3117,291,Central,2026-01-14,PLACED,2,7.42
131314,1,4553,267,Central,2026-01-13,PLACED,9,309.1
131314,2,4553,183,Central,2026-01-13,PLACED,2,482.71
131314,3,4553,97,Central,2026-01-13,PLACED,10,499.37
131314,4,4553,21,Central,2026-01-13,PLACED,6,418.63
131314,5,4553,55,Central,2026-01-13,PLACED,5,309.85
131314,6,4553,12,Central,2026-01-13,PLACED,4,231.69
131314,7,4553,161,Central,2026-01-13,PLACED,8,40.43
131314,8,4553,98,Central,2026-01-13,PLACED,7,277.01
131314,9,4553,200,Central,2026-01-13,PLACED,6,447.44
131314,10,4553,88,Central,2026-01-13,PLACED,7,279.13
131315,1,3083,114,North,2026-01-14,PLACED,9,97.94
131315,2,3083,80,North,2026-01-14,PLACED,10,136.16
131316,1,3456,30,West,2026-01-14,PLACED,2,291.56
131316,2,3456,119,West,2026-01-14,PLACED,5,278.37
131316,3,3456,52,West,2026-01-14,PLACED,9,106.12
131316,4,3456,79,West,2026-01-14,PLACED,3,132.17
131316,5,3456,27,West,2026-01-14,PLACED,1,48.6
131317,1,2256,187,Central,2026-01-13,PLACED,3,411.72
131318,1,1691,63,West,2026-01-14,PLACED,7,303.43
131319,1,279,207,South,2026-01-13,PLACED,10,221.14
131319,2,279,142,South,2026-01-13,PLACED,9,281.99
131320,1,1386,222,East,2026-01-13,PLACED,9,297.71
131321,1,3777,186,West,2026-01-13,PLACED,10,187.18
131321,2,3777,247,West,2026-01-13,PLACED,6,117.34
131321,3,3777,101,West,2026-01-13,PLACED,6,9.96
131321,4,3777,117,West,2026-01-13,PLACED,7,159.22
131321,5,3777,236,West,2026-01-13,PLACED,4,64.94
131321,6,3777,76,West,2026-01-13,PLACED,7,198.07
131321,7,3777,168,West,2026-01-13,PLACED,8,344.58
131321,8,3777,96,West,2026-01-13,PLACED,1,208.25
131321,9,3777,252,West,2026-01-13,PLACED,1,377.19
131322,1,2298,59,West,2026-01-14,PLACED,9,93.98
131323,1,404,280,Central,2026-01-13,PLACED,2,321.0
131323,2,404,127,Central,2026-01-13,PLACED,6,14.54
131323,3,404,199,Central,2026-01-13,PLACED,7,534.87
131323,4,404,287,Central,2026-01-13,PLACED,2,413.21
131324,1,1594,9,East,2026-01-13,PLACED,9,230.61
131324,2,1594,55,East,2026-01-13,PLACED,4,339.75
131325,1,829,110,North,2026-01-13,PLACED,7,440.42
131326,1,3248,109,West,2026-01-13,PLACED,5,210.71
131326,2,3248,152,West,2026-01-13,PLACED,7,309.56
131326,3,3248,197,West,2026-01-13,PLACED,10,250.03
131326,4,3248,12,West,2026-01-13,PLACED,5,248.23
131326,5,3248,264,West,2026-01-13,PLACED,2,89.92
131326,6,3248,254,West,2026-01-13,PLACED,1,245.02
131326,7,3248,280,West,2026-01-13,PLACED,9,282.9
131326,8,3248,182,West,2026-01-13,PLACED,7,346.49
131327,1,2777,41,East,2026-01-14,PLACED,5,344.44
131328,1,1290,35,North,2026-01-13,PLACED,8,196.15
131328,2,1290,150,North,2026-01-13,PLACED,10,152.87
131328,3,1290,42,North,2026-01-13,PLACED,3,28.33
131328,4,1290,293,North,2026-01-13,PLACED,9,335.56
131329,1,1899,133,Central,2026-01-13,PLACED,3,456.52
131330,1,4103,270,South,2026-01-14,PLACED,5,9.12
131331,1,3192,65,South,2026-01-13,PLACED,3,446.68
131331,2,3192,178,South,2026-01-13,PLACED,10,231.04
131332,1,1444,23,North,2026-01-14,PLACED,1,168.93
131333,1,1243,102,South,2026-01-14,PLACED,1,333.24
131334,1,1123,211,North,2026-01-14,PLACED,10,143.67
131334,2,1123,215,North,2026-01-14,PLACED,10,443.86
131335,1,477,31,North,2026-01-13,PLACED,9,437.66
131335,2,477,98,North,2026-01-13,PLACED,9,276.04
131335,3,477,71,North,2026-01-13,PLACED,5,108.38
131336,1,1118,170,East,2026-01-14,PLACED,9,75.91
131337,1,3028,124,North,2026-01-13,PLACED,9,254.44
131337,2,3028,189,North,2026-01-13,PLACED,7,96.16
131337,3,3028,181,North,2026-01-13,PLACED,7,354.04
131338,1,3686,285,West,2026-01-14,PLACED,7,224.53
131338,2,3686,246,West,2026-01-14,PLACED,8,335.06
131338,3,3686,194,West,2026-01-14,PLACED,4,465.53
131338,4,3686,35,West,2026-01-14,PLACED,2,175.54
131338,5,3686,99,West,2026-01-14,PLACED,9,490.86
131338,6,3686,268,West,2026-01-14,PLACED,9,458.77
131338,7,3686,169,West,2026-01-14,PLACED,7,105.63
131339,1,879,297,East,2026-01-14,PLACED,10,195.45
131340,1,3125,181,South,2026-01-14,PLACED,5,342.59
131341,1,4379,124,North,2026-01-14,PLACED,2,274.6
131342,1,634,105,North,2026-01-14,PLACED,1,141.55
131342,2,634,98,North,2026-01-14,PLACED,5,265.56
131343,1,4809,109,North,2026-01-14,PLACED,2,244.7
131343,2,4809,27,North,2026-01-14,PLACED,1,51.07
131343,3,4809,159,North,2026-01-14,PLACED,8,127.21
131343,4,4809,158,North,2026-01-14,PLACED,6,324.25
131344,1,2494,126,East,2026-01-14,PLACED,5,164.7
131345,1,1720,192,West,2026-01-14,PLACED,3,138.43
131346,1,2642,240,West,2026-01-14,PLACED,3,299.9
131347,1,3574,110,West,2026-01-13,PLACED,2,514.46
131347,2,3574,225,West,2026-01-13,PLACED,5,34.57
131347,3,3574,188,West,2026-01-13,PLACED,10,123.38
131347,4,3574,238,West,2026-01-13,PLACED,2,118.22
131347,5,3574,175,West,2026-01-13,PLACED,2,402.86
131348,1,1917,230,South,2026-01-13,PLACED,4,525.34
131349,1,427,277,Central,2026-01-14,PLACED,8,62.31
131350,1,4131,98,East,2026-01-14,PLACED,9,242.42
131351,1,3797,298,South,2026-01-14,PLACED,10,10.42
131352,1,441,38,Central,2026-01-13,PLACED,4,325.64
131353,1,2598,281,North,2026-01-14,PLACED,9,354.84
131353,2,2598,153,North,2026-01-14,PLACED,3,201.86
131354,1,1318,39,South,2026-01-13,PLACED,5,448.45
131355,1,96,176,South,2026-01-13,PLACED,10,106.49
131355,2,96,54,South,2026-01-13,PLACED,2,490.03
131355,3,96,216,South,2026-01-13,PLACED,7,515.79
131355,4,96,143,South,2026-01-13,PLACED,5,147.84
131355,5,96,177,South,2026-01-13,PLACED,4,48.6
131355,6,96,202,South,2026-01-13,PLACED,7,478.5
131355,7,96,229,South,2026-01-13,PLACED,9,82.29
131355,8,96,283,South,2026-01-13,PLACED,3,348.27
131355,9,96,96,South,2026-01-13,PLACED,4,204.28
131355,10,96,44,South,2026-01-13,PLACED,8,137.87
131356,1,3011,46,South,2026-01-14,PLACED,2,115.7
131357,1,47,278,Central,2026-01-13,PLACED,8,283.32
131357,2,47,16,Central,2026-01-13,PLACED,10,264.91
131358,1,1133,16,South,2026-01-14,PLACED,5,292.56
131359,1,4532,141,South,2026-01-14,PLACED,9,233.35
131360,1,2091,271,North,2026-01-14,PLACED,7,397.67
131361,1,4204,272,North,2026-01-13,PLACED,9,146.3
131361,2,4204,15,North,2026-01-13,PLACED,3,336.45
131361,3,4204,11,North,2026-01-13,PLACED,8,103.84
131361,4,4204,148,North,2026-01-13,PLACED,10,400.79
131361,5,4204,101,North,2026-01-13,PLACED,6,10.35
131362,1,287,82,West,2026-01-14,PLACED,1,136.43
131362,2,287,277,West,2026-01-14,PLACED,5,56.61
131363,1,4349,271,Central,2026-01-13,PLACED,10,412.55
131364,1,4391,267,North,2026-01-14,PLACED,9,324.02
131365,1,2389,116,South,2026-01-13,PLACED,9,393.62
131366,1,2765,133,East,2026-01-13,PLACED,2,421.56
131367,1,3559,165,West,2026-01-13,PLACED,5,447.91
131368,1,851,50,South,2026-01-14,PLACED,2,170.74
131369,1,3043,37,East,2026-01-13,PLACED,4,420.37
131370,1,4744,254,Central,2026-01-14,PLACED,1,253.38
131370,2,4744,95,Central,2026-01-14,PLACED,3,35.21
131370,3,4744,52,Central,2026-01-14,PLACED,8,118.27
131371,1,2173,235,West,2026-01-14,PLACED,7,110.07
131372,1,2443,5,Central,2026-01-13,PLACED,8,382.48
131373,1,104,226,North,2026-01-14,PLACED,3,308.9
131374,1,4486,167,West,2026-01-13,PLACED,7,112.33
131375,1,1507,43,North,2026-01-14,PLACED,7,127.9
131376,1,2835,148,East,2026-01-14,PLACED,4,354.75
131377,1,2197,32,West,2026-01-14,PLACED,5,336.09
131377,2,2197,145,West,2026-01-14,PLACED,8,200.07
131378,1,3522,134,West,2026-01-14,PLACED,9,515.11
131379,1,4506,106,South,2026-01-14,PLACED,7,345.81
131380,1,4521,61,West,2026-01-14,PLACED,5,498.44
131381,1,4428,161,West,2026-01-13,PLACED,1,36.64
131381,2,4428,225,West,2026-01-13,PLACED,7,34.48
131381,3,4428,218,West,2026-01-13,PLACED,5,383.48
131381,4,4428,3,West,2026-01-13,PLACED,10,138.2
131381,5,4428,219,West,2026-01-13,PLACED,7,74.45
131381,6,4428,238,West,2026-01-13,PLACED,4,121.63
131381,7,4428,18,West,2026-01-13,PLACED,7,323.75
131381,8,4428,191,West,2026-01-13,PLACED,8,229.52
131381,9,4428,260,West,2026-01-13,PLACED,10,428.57
131382,1,3852,146,Central,2026-01-14,PLACED,2,105.08
131383,1,2139,152,West,2026-01-14,PLACED,1,324.1
131383,2,2139,102,West,2026-01-14,PLACED,2,347.73
131383,3,2139,56,West,2026-01-14,PLACED,3,324.6
131383,4,2139,56,West,2026-01-14,PLACED,8,292.49
131383,5,2139,40,West,2026-01-14,PLACED,2,286.96
131384,1,2192,234,Central,2026-01-14,PLACED,9,349.4
131385,1,1814,32,South,2026-01-14,PLACED,1,395.32
131386,1,4952,207,North,2026-01-13,PLACED,9,190.71
131386,2,4952,15,North,2026-01-13,PLACED,6,351.18
131387,1,896,282,East,2026-01-14,PLACED,3,110.04
131388,1,3027,265,East,2026-01-13,PLACED,2,394.07
131388,2,3027,268,East,2026-01-13,PLACED,8,520.62
131388,3,3027,226,East,2026-01-13,PLACED,10,300.6
131389,1,970,11,North,2026-01-13,PLACED,1,120.45
131389,2,970,252,North,2026-01-13,PLACED,8,401.95
131389,3,970,85,North,2026-01-13,PLACED,6,188.12
131390,1,2229,8,North,2026-01-14,PLACED,3,46.19
131391,1,869,249,South,2026-01-13,PLACED,5,308.21
131392,1,340,78,East,2026-01-14,PLACED,4,245.91
131393,1,1284,74,West,2026-01-13,PLACED,8,167.24
131394,1,1705,174,Central,2026-01-13,PLACED,8,380.91
131395,1,3383,259,North,2026-01-14,PLACED,4,143.23
131396,1,140,74,North,2026-01-14,PLACED,2,159.42
131397,1,1930,27,South,2026-01-13,PLACED,2,55.59
131398,1,3783,236,Central,2026-01-13,PLACED,10,64.12
131398,2,3783,39,Central,2026-01-13,PLACED,4,401.69
131398,3,3783,45,Central,2026-01-13,PLACED,7,41.46
131398,4,3783,217,Central,2026-01-13,PLACED,3,263.54
131398,5,3783,229,Central,2026-01-13,PLACED,9,89.99
131398,6,3783,151,Central,2026-01-13,PLACED,7,511.73
131398,7,3783,76,Central,2026-01-13,PLACED,1,212.48
131398,8,3783,171,Central,2026-01-13,PLACED,3,503.6
131398,9,3783,232,Central,2026-01-13,PLACED,3,102.25
131398,10,3783,35,Central,2026-01-13,PLACED,1,195.82
131399,1,3829,292,South,2026-01-13,PLACED,8,391.84
131399,2,3829,99,South,2026-01-13,PLACED,6,520.52
131399,3,3829,5,South,2026-01-13,PLACED,5,392.36
131399,4,3829,130,South,2026-01-13,PLACED,10,410.19
131399,5,3829,278,South,2026-01-13,PLACED,2,282.68
131399,6,3829,193,South,2026-01-13,PLACED,9,140.0
131399,7,3829,32,South,2026-01-13,PLACED,8,348.01
131399,8,3829,77,South,2026-01-13,PLACED,8,439.02
131400,1,1747,175,East,2026-01-14,PLACED,6,365.55
131401,1,3750,80,East,2026-01-13,PLACED,8,127.35
131402,1,3508,150,West,2026-01-13,PLACED,8,168.34
131403,1,446,263,West,2026-01-13,PLACED,7,185.27
131404,1,1328,46,South,2026-01-14,PLACED,9,117.71
131405,1,3914,276,South,2026-01-13,PLACED,3,66.23
131406,1,2049,286,Central,2026-01-14,PLACED,6,435.93
131407,1,3632,140,West,2026-01-14,PLACED,10,67.06
131408,1,3234,107,Central,2026-01-13,PLACED,8,55.36
131409,1,4863,267,West,2026-01-13,PLACED,1,304.31
131410,1,252,234,South,2026-01-13,PLACED,1,336.91
131411,1,683,258,Central,2026-01-14,PLACED,4,108.17
131412,1,4299,100,South,2026-01-14,PLACED,4,457.28
131413,1,4370,32,South,2026-01-13,PLACED,6,360.22
131413,2,4370,281,South,2026-01-13,PLACED,5,359.82
131414,1,2155,238,North,2026-01-13,PLACED,1,118.32
131415,1,4391,235,West,2026-01-14,PLACED,8,124.42
131416,1,519,95,North,2026-01-13,PLACED,1,35.2
131416,2,519,154,North,2026-01-13,PLACED,9,245.32
131416,3,519,59,North,2026-01-13,PLACED,2,93.81
131416,4,519,153,North,2026-01-13,PLACED,6,200.97
131416,5,519,20,North,2026-01-13,PLACED,10,8.28
131416,6,519,164,North,2026-01-13,PLACED,10,472.62
131416,7,519,195,North,2026-01-13,PLACED,3,226.13
131416,8,519,17,North,2026-01-13,PLACED,4,118.15
131417,1,1814,53,West,2026-01-13,PLACED,5,124.71
131417,2,1814,170,West,2026-01-13,PLACED,1,76.96
131418,1,2645,156,West,2026-01-13,PLACED,1,118.18
131419,1,2363,54,West,2026-01-13,PLACED,7,453.02
131419,2,2363,293,West,2026-01-13,PLACED,4,330.69
131419,3,2363,223,West,2026-01-13,PLACED,4,299.46
131419,4,2363,76,West,2026-01-13,PLACED,10,209.4
131419,5,2363,127,West,2026-01-13,PLACED,4,14.45
131420,1,3980,163,West,2026-01-14,PLACED,7,117.93
131420,2,3980,290,West,2026-01-14,PLACED,9,133.14
131421,1,2202,209,North,2026-01-13,PLACED,4,197.18
131422,1,126,225,North,2026-01-13,PLACED,10,31.19
131423,1,766,90,North,2026-01-13,PLACED,10,27.97
131424,1,3952,6,South,2026-01-14,PLACED,9,347.17
131425,1,4359,269,West,2026-01-14,PLACED,2,357.47
131426,1,733,265,West,2026-01-13,PLACED,2,428.27
131426,2,733,258,West,2026-01-13,PLACED,1,111.12
131426,3,733,183,West,2026-01-13,PLACED,2,478.51
131426,4,733,272,West,2026-01-13,PLACED,4,149.11
131426,5,733,283,West,2026-01-13,PLACED,9,336.49
131426,6,733,76,West,2026-01-13,PLACED,4,187.63
131426,7,733,50,West,2026-01-13,PLACED,5,173.43
131426,8,733,175,West,2026-01-13,PLACED,9,368.09
131426,9,733,133,West,2026-01-13,PLACED,10,436.27
131426,10,733,66,West,2026-01-13,PLACED,2,379.02
131427,1,3935,91,Central,2026-01-13,PLACED,8,61.65
131427,2,3935,295,Central,2026-01-13,PLACED,6,405.32
131427,3,3935,55,Central,2026-01-13,PLACED,10,295.56
131428,1,2977,137,North,2026-01-14,PLACED,4,37.27
131429,1,3448,23,West,2026-01-14,PLACED,4,163.14
131430,1,2339,215,Central,2026-01-13,PLACED,6,467.98
131430,2,2339,91,Central,2026-01-13,PLACED,2,63.28
131430,3,2339,83,Central,2026-01-13,PLACED,8,283.66
131430,4,2339,51,Central,2026-01-13,PLACED,4,187.06
131431,1,678,215,East,2026-01-13,PLACED,2,468.64
131432,1,2451,130,South,2026-01-13,PLACED,1,422.39
131433,1,890,199,East,2026-01-13,PLACED,8,529.06
131434,1,2135,146,West,2026-01-14,PLACED,3,100.61
131435,1,319,210,West,2026-01-13,PLACED,2,463.33
131436,1,1154,146,South,2026-01-13,PLACED,9,102.41
131437,1,1265,287,East,2026-01-14,PLACED,10,390.42
131438,1,1612,292,North,2026-01-14,PLACED,3,358.27
131439,1,1472,169,North,2026-01-13,PLACED,8,106.55
131440,1,407,277,West,2026-01-13,PLACED,9,53.35
131441,1,4458,251,South,2026-01-13,PLACED,10,150.27
131442,1,4137,26,East,2026-01-14,PLACED,1,157.86
131443,1,2312,185,Central,2026-01-13,PLACED,5,202.41
131444,1,3972,99,East,2026-01-13,PLACED,4,477.84
131444,2,3972,76,East,2026-01-13,PLACED,4,193.11
131445,1,1742,60,North,2026-01-13,PLACED,10,180.14
131446,1,3421,96,Central,2026-01-14,PLACED,2,196.36
131447,1,3374,283,East,2026-01-14,PLACED,1,302.64
131447,2,3374,272,East,2026-01-14,PLACED,6,153.42
131447,3,3374,285,East,2026-01-14,PLACED,5,239.78
131447,4,3374,267,East,2026-01-14,PLACED,3,319.41
131447,5,3374,67,East,2026-01-14,PLACED,6,108.07
131447,6,3374,186,East,2026-01-14,PLACED,2,171.33
131448,1,1627,262,Central,2026-01-14,PLACED,6,471.52
131449,1,1626,229,East,2026-01-13,PLACED,7,75.05
131450,1,1768,290,Central,2026-01-14,PLACED,1,149.42
131450,2,1768,259,Central,2026-01-14,PLACED,9,127.05
131451,1,307,25,West,2026-01-13,PLACED,4,457.64
131452,1,399,113,North,2026-01-14,PLACED,5,240.86
131453,1,1400,72,South,2026-01-13,PLACED,2,481.82
131454,1,2684,127,South,2026-01-14,PLACED,8,15.87
131455,1,3632,75,East,2026-01-14,PLACED,2,297.64
131456,1,887,66,West,2026-01-13,PLACED,1,406.71
131457,1,2712,126,Central,2026-01-13,PLACED,5,177.63
131457,2,2712,91,Central,2026-01-13,PLACED,3,54.65
131458,1,2962,267,North,2026-01-14,PLACED,7,304.09
131458,2,2962,228,North,2026-01-14,PLACED,10,449.43
131458,3,2962,135,North,2026-01-14,PLACED,6,52.06
131458,4,2962,51,North,2026-01-14,PLACED,5,200.12
131459,1,3354,58,Central,2026-01-14,PLACED,5,329.46
131459,2,3354,20,Central,2026-01-14,PLACED,6,8.98
131459,3,3354,159,Central,2026-01-14,PLACED,9,125.22
131459,4,3354,63,Central,2026-01-14,PLACED,10,303.51
131460,1,1267,181,East,2026-01-14,PLACED,3,359.84
131461,1,4502,202,West,2026-01-14,PLACED,6,473.43
131462,1,2621,285,West,2026-01-14,PLACED,2,254.37
131463,1,4581,170,South,2026-01-13,PLACED,8,72.04
131463,2,4581,79,South,2026-01-13,PLACED,7,136.08
131464,1,2864,190,East,2026-01-14,PLACED,4,222.77
131464,2,2864,115,East,2026-01-14,PLACED,4,432.82
131465,1,999,245,North,2026-01-14,PLACED,8,101.1
131466,1,3212,217,South,2026-01-14,PLACED,5,259.33
131467,1,307,16,West,2026-01-14,PLACED,9,300.15
131467,2,307,69,West,2026-01-14,PLACED,2,160.43
131467,3,307,186,West,2026-01-14,PLACED,10,162.03
131467,4,307,100,West,2026-01-14,PLACED,5,409.86
131467,5,307,10,West,2026-01-14,PLACED,7,19.97
131467,6,307,268,West,2026-01-14,PLACED,5,477.8
131467,7,307,113,West,2026-01-14,PLACED,5,253.51
131467,8,307,74,West,2026-01-14,PLACED,7,145.01
131467,9,307,177,West,2026-01-14,PLACED,7,51.06
131467,10,307,81,West,2026-01-14,PLACED,7,259.5
131468,1,1044,43,East,2026-01-14,PLACED,1,109.97
131468,2,1044,298,East,2026-01-14,PLACED,1,10.62
131468,3,1044,210,East,2026-01-14,PLACED,8,536.56
131468,4,1044,121,East,2026-01-14,PLACED,6,387.52
131468,5,1044,194,East,2026-01-14,PLACED,9,416.1
131468,6,1044,283,East,2026-01-14,PLACED,8,306.85
131468,7,1044,160,East,2026-01-14,PLACED,10,121.48
131468,8,1044,126,East,2026-01-14,PLACED,9,170.89
131468,9,1044,148,East,2026-01-14,PLACED,6,394.02
131468,10,1044,193,East,2026-01-14,PLACED,7,136.71
131469,1,2629,183,West,2026-01-14,PLACED,9,479.01
131470,1,2542,146,East,2026-01-13,PLACED,4,115.94
131471,1,2863,150,North,2026-01-13,PLACED,1,145.77
131472,1,4191,156,North,2026-01-14,PLACED,2,122.7
131473,1,4675,203,South,2026-01-14,PLACED,2,398.67
131474,1,4850,68,South,2026-01-14,PLACED,7,19.71
131475,1,119,38,North,2026-01-14,PLACED,6,297.86
131476,1,1900,50,West,2026-01-14,PLACED,8,175.11
131477,1,145,31,Central,2026-01-14,PLACED,5,404.27
131477,2,145,252,Central,2026-01-14,PLACED,4,350.38
131477,3,145,213,Central,2026-01-14,PLACED,3,208.4
131478,1,2928,120,Central,2026-01-13,PLACED,2,76.96
131479,1,4569,258,Central,2026-01-13,PLACED,9,108.74
131480,1,2643,15,Central,2026-01-13,PLACED,8,334.79
131481,1,1962,165,North,2026-01-13,PLACED,5,471.48
131482,1,4582,268,Central,2026-01-13,PLACED,3,537.5
131483,1,2447,184,Central,2026-01-13,PLACED,5,57.79
131484,1,4348,152,West,2026-01-13,PLACED,1,318.78
131485,1,200,184,West,2026-01-13,PLACED,8,50.75
131485,2,200,287,West,2026-01-13,PLACED,5,418.34
131485,3,200,90,West,2026-01-13,PLACED,5,30.0
131485,4,200,278,West,2026-01-13,PLACED,6,303.57
131486,1,3600,96,Central,2026-01-14,PLACED,6,196.67
131487,1,4611,288,South,2026-01-14,PLACED,4,49.23
131488,1,32,34,East,2026-01-14,PLACED,2,532.49
131488,2,32,3,East,2026-01-14,PLACED,6,135.58
131489,1,2807,41,East,2026-01-13,PLACED,8,357.93
131490,1,749,22,North,2026-01-13,PLACED,2,317.09
131491,1,4622,117,South,2026-01-14,PLACED,9,167.51
131491,2,4622,11,South,2026-01-14,PLACED,9,108.73
131491,3,4622,46,South,2026-01-14,PLACED,6,132.04
131491,4,4622,72,South,2026-01-14,PLACED,6,445.23
131491,5,4622,209,South,2026-01-14,PLACED,2,178.24
131491,6,4622,37,South,2026-01-14,PLACED,10,374.74
131491,7,4622,14,South,2026-01-14,PLACED,10,98.68
131491,8,4622,276,South,2026-01-14,PLACED,10,65.97
131492,1,4036,195,South,2026-01-13,PLACED,8,243.33
131492,2,4036,253,South,2026-01-13,PLACED,5,38.77
131493,1,3708,255,West,2026-01-13,PLACED,8,506.0
131494,1,2248,218,West,2026-01-13,PLACED,3,350.55
131495,1,4185,224,South,2026-01-13,PLACED,1,408.6
131496,1,4675,231,West,2026-01-14,PLACED,5,48.52
131497,1,1502,70,South,2026-01-13,PLACED,9,139.99
131498,1,2549,22,North,2026-01-13,PLACED,4,340.37
131499,1,2986,218,North,2026-01-14,PLACED,3,324.67
131500,1,110,122,Central,2026-01-13,PLACED,5,262.87
131501,1,3304,297,South,2026-01-14,PLACED,4,233.34
131501,2,3304,8,South,2026-01-14,PLACED,6,49.06
131501,3,3304,163,South,2026-01-14,PLACED,6,107.75
131501,4,3304,109,South,2026-01-14,PLACED,4,219.13
131501,5,3304,127,South,2026-01-14,PLACED,6,14.76
131501,6,3304,108,South,2026-01-14,PLACED,7,201.06
131501,7,3304,150,South,2026-01-14,PLACED,3,159.72
131501,8,3304,110,South,2026-01-14,PLACED,5,479.83
131501,9,3304,39,South,2026-01-14,PLACED,10,392.27
131501,10,3304,285,South,2026-01-14,PLACED,6,255.77
131502,1,1437,266,West,2026-01-14,PLACED,7,375.63
131502,2,1437,140,West,2026-01-14,PLACED,1,65.75
131502,3,1437,269,West,2026-01-14,PLACED,10,346.3
131503,1,745,140,North,2026-01-14,PLACED,5,70.26
131504,1,2871,29,East,2026-01-13,PLACED,1,385.96
131505,1,3550,175,Central,2026-01-14,PLACED,3,377.34
131506,1,2118,257,East,2026-01-14,PLACED,6,40.35
131507,1,441,102,East,2026-01-13,PLACED,1,337.37
131507,2,441,120,East,2026-01-13,PLACED,5,75.36
131508,1,4748,268,Central,2026-01-13,PLACED,2,503.31
131509,1,4914,138,Central,2026-01-13,PLACED,9,393.41
131509,2,4914,199,Central,2026-01-13,PLACED,1,475.58
131510,1,2926,295,East,2026-01-14,PLACED,7,357.68
131511,1,61,265,Central,2026-01-13,PLACED,5,428.32
131512,1,911,153,West,2026-01-13,PLACED,7,199.77
131513,1,2556,106,South,2026-01-14,PLACED,1,314.92
131514,1,2598,162,South,2026-01-14,PLACED,6,314.6
131515,1,4057,247,North,2026-01-13,PLACED,9,131.35
131516,1,2905,2,South,2026-01-14,PLACED,7,18.7
131517,1,1990,185,North,2026-01-14,PLACED,1,200.79
131518,1,1669,10,North,2026-01-14,PLACED,5,18.68
131519,1,2211,235,East,2026-01-13,PLACED,5,127.34
131520,1,3802,20,East,2026-01-14,PLACED,9,8.36
131521,1,2549,137,West,2026-01-13,PLACED,5,41.66
131522,1,4258,138,South,2026-01-13,PLACED,2,355.91
131523,1,1363,236,North,2026-01-13,PLACED,1,67.88
131523,2,1363,161,North,2026-01-13,PLACED,6,37.59
131523,3,1363,249,North,2026-01-13,PLACED,4,358.31
131523,4,1363,64,North,2026-01-13,PLACED,10,340.75
131523,5,1363,20,North,2026-01-13,PLACED,5,8.09
131524,1,4960,82,Central,2026-01-14,PLACED,4,137.59
131525,1,4716,235,East,2026-01-13,PLACED,4,130.38
131526,1,2733,273,East,2026-01-14,PLACED,7,357.42
131527,1,2925,31,Central,2026-01-13,PLACED,6,375.03
131527,2,2925,50,Central,2026-01-13,PLACED,10,192.74
131528,1,2358,130,North,2026-01-13,PLACED,10,377.25
131529,1,3405,207,West,2026-01-14,PLACED,10,200.8
131530,1,4468,116,North,2026-01-13,PLACED,3,404.83
131530,2,4468,44,North,2026-01-13,PLACED,4,139.39
131531,1,456,275,North,2026-01-13,PLACED,7,70.54
131532,1,1075,207,South,2026-01-13,PLACED,1,218.35
131533,1,949,171,North,2026-01-13,PLACED,9,514.16
131533,2,949,161,North,2026-01-13,PLACED,9,39.66
131534,1,3524,126,West,2026-01-13,PLACED,4,177.6
131534,2,3524,73,West,2026-01-13,PLACED,9,439.73
131535,1,2102,137,North,2026-01-13,PLACED,1,42.8
131536,1,1580,23,East,2026-01-13,PLACED,5,175.33
131537,1,480,281,West,2026-01-13,PLACED,2,362.09
131538,1,2755,29,East,2026-01-13,PLACED,2,405.55
131539,1,3521,157,Central,2026-01-14,PLACED,1,188.95
131540,1,3096,232,West,2026-01-13,PLACED,3,99.49
131540,2,3096,143,West,2026-01-13,PLACED,4,141.95
131540,3,3096,145,West,2026-01-13,PLACED,4,225.35
131540,4,3096,100,West,2026-01-13,PLACED,10,401.65
131540,5,3096,192,West,2026-01-13,PLACED,2,144.52
131540,6,3096,24,West,2026-01-13,PLACED,3,81.57
131540,7,3096,82,West,2026-01-13,PLACED,10,139.57
131540,8,3096,198,West,2026-01-13,PLACED,2,28.35
131541,1,2838,150,Central,2026-01-13,PLACED,10,152.26
131541,2,2838,151,Central,2026-01-13,PLACED,8,479.59
131542,1,1130,138,West,2026-01-14,PLACED,5,374.82
131543,1,1941,154,East,2026-01-13,PLACED,1,243.27
131544,1,3586,127,East,2026-01-13,PLACED,5,14.07
131545,1,4930,96,East,2026-01-14,PLACED,8,206.62
131546,1,739,47,Central,2026-01-13,PLACED,4,55.65
131547,1,4990,27,South,2026-01-14,PLACED,7,47.64
131548,1,3380,196,West,2026-01-13,PLACED,7,411.17
131549,1,3580,285,North,2026-01-13,PLACED,8,267.08
131549,2,3580,58,North,2026-01-13,PLACED,5,389.39
131549,3,3580,260,North,2026-01-13,PLACED,2,448.03
131549,4,3580,135,North,2026-01-13,PLACED,8,50.03
131550,1,3646,39,Central,2026-01-14,PLACED,1,427.76
131550,2,3646,8,Central,2026-01-14,PLACED,8,49.09
131550,3,3646,149,Central,2026-01-14,PLACED,4,97.53
131551,1,382,285,West,2026-01-13,PLACED,1,266.78
131552,1,556,280,East,2026-01-14,PLACED,6,333.74
131553,1,1354,250,West,2026-01-13,PLACED,7,160.5
131554,1,54,73,South,2026-01-13,PLACED,1,437.42
131555,1,1000,152,South,2026-01-13,PLACED,5,333.63
131556,1,2897,7,East,2026-01-14,PLACED,8,483.37
131557,1,1111,25,West,2026-01-13,PLACED,5,431.73
131557,2,1111,81,West,2026-01-13,PLACED,1,286.5
131557,3,1111,57,West,2026-01-13,PLACED,4,86.55
131557,4,1111,38,West,2026-01-13,PLACED,3,285.04
131557,5,1111,279,West,2026-01-13,PLACED,9,136.28
131558,1,3936,272,North,2026-01-14,PLACED,10,153.47
131558,2,3936,226,North,2026-01-14,PLACED,8,309.98
131559,1,689,258,North,2026-01-14,PLACED,7,116.07
131560,1,3797,104,South,2026-01-13,PLACED,4,296.65
131561,1,3770,233,South,2026-01-14,PLACED,5,282.34
131561,2,3770,38,South,2026-01-14,PLACED,2,323.94
131561,3,3770,31,South,2026-01-14,PLACED,3,407.34
131561,4,3770,140,South,2026-01-14,PLACED,3,71.77
131561,5,3770,165,South,2026-01-14,PLACED,10,395.61
131561,6,3770,56,South,2026-01-14,PLACED,9,276.68
131561,7,3770,70,South,2026-01-14,PLACED,10,147.85
131561,8,3770,251,South,2026-01-14,PLACED,9,159.97
131561,9,3770,270,South,2026-01-14,PLACED,8,9.57
131561,10,3770,245,South,2026-01-14,PLACED,8,106.72
131562,1,4801,60,West,2026-01-14,PLACED,3,177.4
131563,1,4283,82,North,2026-01-14,PLACED,10,128.28
131564,1,842,10,South,2026-01-13,PLACED,6,20.44
131565,1,159,170,North,2026-01-14,PLACED,4,73.58
131566,1,3998,36,North,2026-01-14,PLACED,3,283.28
131567,1,2151,66,Central,2026-01-13,PLACED,4,351.82
131567,2,2151,76,Central,2026-01-13,PLACED,1,189.36
131568,1,1654,115,East,2026-01-14,PLACED,7,431.76
131569,1,4656,225,South,2026-01-13,PLACED,2,34.77
131569,2,4656,247,South,2026-01-13,PLACED,3,126.33
131569,3,4656,114,South,2026-01-13,PLACED,7,94.54
131570,1,3768,111,West,2026-01-13,PLACED,8,468.54
131571,1,3009,191,West,2026-01-13,PLACED,7,223.21
131572,1,544,182,West,2026-01-14,PLACED,2,307.94
131573,1,2615,110,South,2026-01-14,PLACED,6,499.77
131574,1,3422,142,West,2026-01-13,PLACED,10,274.89
131575,1,525,292,South,2026-01-14,PLACED,6,349.07
131576,1,1145,5,South,2026-01-13,PLACED,6,383.75
131577,1,2568,22,East,2026-01-14,PLACED,7,379.63
131578,1,444,194,Central,2026-01-13,PLACED,3,489.34
131579,1,492,214,Central,2026-01-14,PLACED,8,219.51
131579,2,492,126,Central,2026-01-14,PLACED,10,169.12
131580,1,4468,97,Central,2026-01-13,PLACED,6,467.35
131581,1,4810,133,South,2026-01-14,PLACED,8,422.34
131582,1,4283,3,West,2026-01-13,PLACED,3,139.33
131582,2,4283,198,West,2026-01-13,PLACED,6,28.59
131583,1,1915,277,Central,2026-01-14,PLACED,8,52.52
131584,1,2951,12,South,2026-01-14,PLACED,5,277.48
131584,2,2951,48,South,2026-01-14,PLACED,5,144.01
131585,1,4700,201,West,2026-01-13,PLACED,1,513.85
131585,2,4700,68,West,2026-01-13,PLACED,3,19.63
131585,3,4700,145,West,2026-01-13,PLACED,9,219.51
131585,4,4700,58,West,2026-01-13,PLACED,1,353.09
131585,5,4700,238,West,2026-01-13,PLACED,6,120.65
131586,1,3575,8,West,2026-01-14,PLACED,3,46.24
131587,1,3387,105,Central,2026-01-13,PLACED,7,150.14
131587,2,3387,184,Central,2026-01-13,PLACED,3,55.03
131587,3,3387,116,Central,2026-01-13,PLACED,4,400.39
131588,1,4722,81,South,2026-01-14,PLACED,5,300.46
131588,2,4722,184,South,2026-01-14,PLACED,1,55.34
131589,1,1141,276,Central,2026-01-14,PLACED,7,62.54
131590,1,1469,261,South,2026-01-14,PLACED,9,448.78
131591,1,1279,294,Central,2026-01-13,PLACED,9,137.14
131592,1,2162,47,Central,2026-01-13,PLACED,8,56.99
131593,1,2235,167,East,2026-01-14,PLACED,9,128.04
131594,1,1789,10,East,2026-01-13,PLACED,4,18.74
131595,1,898,142,East,2026-01-14,PLACED,8,251.83
131596,1,4216,257,North,2026-01-14,PLACED,8,43.05
131597,1,4063,268,South,2026-01-13,PLACED,1,457.9
131598,1,2149,228,West,2026-01-13,PLACED,2,387.62
131599,1,3601,92,West,2026-01-13,PLACED,4,286.07
131600,1,3317,236,West,2026-01-14,PLACED,9,64.48
131601,1,2019,77,Central,2026-01-14,PLACED,6,466.98
131602,1,2075,124,East,2026-01-13,PLACED,10,257.32
131602,2,2075,157,East,2026-01-13,PLACED,3,171.82
131603,1,3097,65,West,2026-01-14,PLACED,6,427.53
131604,1,1256,190,East,2026-01-14,PLACED,8,238.39
131605,1,359,248,South,2026-01-14,PLACED,3,187.26
131605,2,359,17,South,2026-01-14,PLACED,9,109.32
131605,3,359,261,South,2026-01-14,PLACED,4,426.6
131606,1,4358,136,South,2026-01-14,PLACED,10,224.56
131606,2,4358,51,South,2026-01-14,PLACED,1,187.26
131607,1,4425,192,North,2026-01-14,PLACED,7,134.29
131608,1,4037,260,East,2026-01-14,PLACED,4,485.66
131609,1,4656,114,East,2026-01-14,PLACED,8,86.48
131610,1,3532,85,West,2026-01-13,PLACED,9,196.47
131610,2,3532,206,West,2026-01-13,PLACED,3,102.66
131610,3,3532,104,West,2026-01-13,PLACED,8,295.63
131611,1,148,190,South,2026-01-14,PLACED,6,218.66
131612,1,2167,112,North,2026-01-13,PLACED,8,138.49
131612,2,2167,60,North,2026-01-13,PLACED,2,179.55
131613,1,1982,241,Central,2026-01-13,PLACED,5,227.9
131614,1,1284,248,Central,2026-01-13,PLACED,3,211.39
131614,2,1284,26,Central,2026-01-13,PLACED,8,183.48
131615,1,3104,157,South,2026-01-14,PLACED,9,165.94
131615,2,3104,217,South,2026-01-14,PLACED,9,286.77
131615,3,3104,30,South,2026-01-14,PLACED,7,311.74
131616,1,1222,275,Central,2026-01-14,PLACED,2,76.36
131616,2,1222,139,Central,2026-01-14,PLACED,4,399.42
131616,3,1222,276,Central,2026-01-14,PLACED,2,60.25
131617,1,2624,202,North,2026-01-13,PLACED,10,483.55
131617,2,2624,131,North,2026-01-13,PLACED,1,165.79
131617,3,2624,253,North,2026-01-13,PLACED,1,42.83
131618,1,2285,233,South,2026-01-13,PLACED,3,282.58
131619,1,1194,269,West,2026-01-13,PLACED,3,315.76
131620,1,1735,142,West,2026-01-14,PLACED,5,287.19
131621,1,1879,268,West,2026-01-13,PLACED,3,475.99
131621,2,1879,190,West,2026-01-13,PLACED,7,236.81
131621,3,1879,292,West,2026-01-13,PLACED,3,378.09
131621,4,1879,66,West,2026-01-13,PLACED,1,398.7
131621,5,1879,142,West,2026-01-13,PLACED,1,283.88
131622,1,3534,269,East,2026-01-14,PLACED,10,335.68
131623,1,2467,143,East,2026-01-14,PLACED,3,133.9
131623,2,2467,199,East,2026-01-14,PLACED,5,459.98
131623,3,2467,154,East,2026-01-14,PLACED,3,275.59
131623,4,2467,237,East,2026-01-14,PLACED,6,433.26
131623,5,2467,250,East,2026-01-14,PLACED,9,164.87
131624,1,4548,118,North,2026-01-13,PLACED,6,327.92
131625,1,3467,42,North,2026-01-14,PLACED,9,27.75
131626,1,3932,171,South,2026-01-13,PLACED,1,483.75
131627,1,4151,165,Central,2026-01-13,PLACED,10,441.1
131628,1,4360,279,East,2026-01-13,PLACED,1,143.11
131629,1,947,193,East,2026-01-14,PLACED,4,137.31
131630,1,4649,264,South,2026-01-14,PLACED,9,80.35
131631,1,4512,47,North,2026-01-13,PLACED,3,53.95
131632,1,2228,254,West,2026-01-14,PLACED,7,239.76
131632,2,2228,184,West,2026-01-14,PLACED,6,52.89
131632,3,2228,76,West,2026-01-14,PLACED,7,206.76
131632,4,2228,62,West,2026-01-14,PLACED,8,311.28
131632,5,2228,71,West,2026-01-14,PLACED,4,104.3
131632,6,2228,73,West,2026-01-14,PLACED,7,444.15
131632,7,2228,81,West,2026-01-14,PLACED,1,308.63
131632,8,2228,193,West,2026-01-14,PLACED,6,124.56
131632,9,2228,282,West,2026-01-14,PLACED,9,97.34
131632,10,2228,293,West,2026-01-14,PLACED,4,328.09
131633,1,4142,294,West,2026-01-14,PLACED,7,135.61
131633,2,4142,20,West,2026-01-14,PLACED,10,8.31
131633,3,4142,153,West,2026-01-14,PLACED,7,234.53
131634,1,3365,133,West,2026-01-13,PLACED,3,408.42
131635,1,3686,83,South,2026-01-14,PLACED,8,270.9
131636,1,345,168,West,2026-01-13,PLACED,7,333.5
131637,1,3454,96,West,2026-01-14,PLACED,4,189.22
131638,1,3060,22,North,2026-01-13,PLACED,3,316.07
131639,1,916,170,Central,2026-01-13,PLACED,5,65.98
131640,1,1771,245,South,2026-01-13,PLACED,3,98.24
131641,1,3977,275,South,2026-01-14,PLACED,7,64.99
131641,2,3977,288,South,2026-01-14,PLACED,5,53.61
131641,3,3977,122,South,2026-01-14,PLACED,10,287.75
131642,1,935,256,West,2026-01-13,PLACED,4,536.97
131642,2,935,50,West,2026-01-13,PLACED,3,186.98
131642,3,935,180,West,2026-01-13,PLACED,6,235.75
131642,4,935,224,West,2026-01-13,PLACED,7,383.11
131642,5,935,185,West,2026-01-13,PLACED,7,223.49
131643,1,1882,291,East,2026-01-13,PLACED,4,7.24
131643,2,1882,132,East,2026-01-13,PLACED,10,32.74
131643,3,1882,193,East,2026-01-13,PLACED,3,121.09
131643,4,1882,76,East,2026-01-13,PLACED,1,208.67
131644,1,4752,36,East,2026-01-14,PLACED,9,298.1
131645,1,3103,232,North,2026-01-14,PLACED,2,104.55
131646,1,3927,255,East,2026-01-13,PLACED,1,524.2
131647,1,3993,211,Central,2026-01-13,PLACED,9,124.45
131647,2,3993,230,Central,2026-01-13,PLACED,2,486.53
131648,1,4318,107,South,2026-01-14,PLACED,7,65.75
131649,1,57,77,North,2026-01-13,PLACED,3,452.65
131650,1,2749,110,South,2026-01-14,PLACED,4,496.8
131650,2,2749,143,South,2026-01-14,PLACED,10,126.07
131651,1,2956,14,West,2026-01-13,PLACED,10,104.11
131652,1,2032,210,North,2026-01-13,PLACED,10,479.49
131653,1,2934,45,East,2026-01-13,PLACED,9,41.53
131654,1,3456,184,Central,2026-01-13,PLACED,4,50.28
131655,1,2057,91,Central,2026-01-14,PLACED,3,58.81
131656,1,3649,268,East,2026-01-14,PLACED,10,472.86
131657,1,568,98,West,2026-01-13,PLACED,1,253.71
131658,1,1448,205,Central,2026-01-13,PLACED,2,264.69
131659,1,1099,289,North,2026-01-14,PLACED,3,199.86
131660,1,1061,46,West,2026-01-14,PLACED,4,109.21
131661,1,4843,148,Central,2026-01-14,PLACED,9,350.37
131662,1,1510,243,East,2026-01-14,PLACED,5,247.63
131663,1,264,246,North,2026-01-13,PLACED,8,344.96
131663,2,264,41,North,2026-01-13,PLACED,2,367.47
131663,3,264,131,North,2026-01-13,PLACED,6,141.85
131663,4,264,223,North,2026-01-13,PLACED,3,286.97
131663,5,264,79,North,2026-01-13,PLACED,2,140.9
131663,6,264,204,North,2026-01-13,PLACED,9,81.55
131664,1,4301,63,Central,2026-01-14,PLACED,3,279.05
131665,1,1178,115,East,2026-01-13,PLACED,8,483.51
131665,2,1178,9,East,2026-01-13,PLACED,1,216.24
131666,1,4047,109,West,2026-01-13,PLACED,2,224.03
131666,2,4047,288,West,2026-01-13,PLACED,9,45.68
131666,3,4047,240,West,2026-01-13,PLACED,7,282.06
131666,4,4047,31,West,2026-01-13,PLACED,4,398.26
131666,5,4047,150,West,2026-01-13,PLACED,1,163.18
131667,1,4287,135,West,2026-01-13,PLACED,10,47.59
131668,1,3952,15,South,2026-01-14,PLACED,8,301.22
131669,1,4930,42,West,2026-01-13,PLACED,6,27.22
131669,2,4930,156,West,2026-01-13,PLACED,10,105.13
131670,1,1327,225,Central,2026-01-14,PLACED,3,32.64
131671,1,1372,102,Central,2026-01-14,PLACED,6,343.28
131671,2,1372,61,Central,2026-01-14,PLACED,10,449.88
131672,1,101,289,South,2026-01-13,PLACED,2,227.15
131673,1,4086,108,East,2026-01-14,PLACED,6,215.56
131673,2,4086,178,East,2026-01-14,PLACED,7,214.13
131674,1,1016,5,North,2026-01-14,PLACED,1,351.87
131675,1,210,18,South,2026-01-14,PLACED,1,323.05
131675,2,210,224,South,2026-01-14,PLACED,3,381.12
131675,3,210,179,South,2026-01-14,PLACED,1,213.23
131675,4,210,82,South,2026-01-14,PLACED,6,138.17
131676,1,4847,300,North,2026-01-14,PLACED,7,449.32
131677,1,1545,90,North,2026-01-13,PLACED,10,30.98
131678,1,2167,238,North,2026-01-14,PLACED,5,124.39
131679,1,28,159,Central,2026-01-14,PLACED,3,123.92
131679,2,28,271,Central,2026-01-14,PLACED,9,375.66
131680,1,4186,79,North,2026-01-13,PLACED,10,139.76
131680,2,4186,211,North,2026-01-13,PLACED,4,132.02
131680,3,4186,184,North,2026-01-13,PLACED,2,50.17
131680,4,4186,74,North,2026-01-13,PLACED,5,172.29
131680,5,4186,275,North,2026-01-13,PLACED,6,69.02
131681,1,4895,10,East,2026-01-14,PLACED,1,21.43
131682,1,3998,126,South,2026-01-14,PLACED,6,162.31
131683,1,2878,287,West,2026-01-14,PLACED,4,424.16
131684,1,2751,162,Central,2026-01-14,PLACED,9,308.78
131684,2,2751,177,Central,2026-01-14,PLACED,10,57.08
131685,1,2142,294,Central,2026-01-13,PLACED,6,124.51
131686,1,3586,242,Central,2026-01-14,PLACED,2,301.52
131686,2,3586,148,Central,2026-01-14,PLACED,2,372.91
131687,1,4945,96,Central,2026-01-13,PLACED,1,188.74
131688,1,344,148,North,2026-01-14,PLACED,3,364.57
131689,1,3247,253,South,2026-01-13,PLACED,6,41.37
131689,2,3247,200,South,2026-01-13,PLACED,8,434.89
131689,3,3247,82,South,2026-01-13,PLACED,4,137.06
131689,4,3247,286,South,2026-01-13,PLACED,7,436.62
131689,5,3247,21,South,2026-01-13,PLACED,5,369.84
131689,6,3247,140,South,2026-01-13,PLACED,4,70.14
131689,7,3247,31,South,2026-01-13,PLACED,3,444.56
131689,8,3247,116,South,2026-01-13,PLACED,9,437.5
131690,1,1716,114,South,2026-01-14,PLACED,1,94.18
131691,1,592,244,Central,2026-01-14,PLACED,8,424.3
131692,1,658,32,North,2026-01-14,PLACED,3,385.37
131693,1,3699,285,East,2026-01-14,PLACED,3,226.58
131694,1,1160,249,Central,2026-01-13,PLACED,6,341.84
131694,2,1160,152,Central,2026-01-13,PLACED,3,305.62
131694,3,1160,56,Central,2026-01-13,PLACED,2,333.95
131694,4,1160,196,Central,2026-01-13,PLACED,2,410.05
131694,5,1160,110,Central,2026-01-13,PLACED,3,494.0
131695,1,2164,198,North,2026-01-13,PLACED,10,28.7
131696,1,1410,74,South,2026-01-13,PLACED,2,144.88
131697,1,2157,110,East,2026-01-13,PLACED,5,430.48
131698,1,4139,46,West,2026-01-14,PLACED,8,125.33
131698,2,4139,174,West,2026-01-14,PLACED,5,372.52
131698,3,4139,189,West,2026-01-14,PLACED,5,102.63
131698,4,4139,280,West,2026-01-14,PLACED,10,283.48
131698,5,4139,200,West,2026-01-14,PLACED,4,377.7
131699,1,601,22,West,2026-01-13,PLACED,3,372.83
131700,1,3505,243,East,2026-01-13,PLACED,8,251.37
131700,2,3505,207,East,2026-01-13,PLACED,5,214.63
131701,1,4014,43,West,2026-01-14,PLACED,2,110.77
131702,1,707,232,East,2026-01-14,PLACED,8,89.29
131703,1,4824,20,South,2026-01-14,PLACED,2,8.77
131704,1,3249,164,East,2026-01-14,PLACED,9,484.3
131704,2,3249,90,East,2026-01-14,PLACED,1,26.83
131704,3,3249,17,East,2026-01-14,PLACED,8,110.29
131704,4,3249,59,East,2026-01-14,PLACED,9,86.32
131704,5,3249,238,East,2026-01-14,PLACED,9,125.16
131704,6,3249,22,East,2026-01-14,PLACED,4,359.96
131704,7,3249,197,East,2026-01-14,PLACED,10,289.12
131704,8,3249,191,East,2026-01-14,PLACED,3,207.84
131704,9,3249,294,East,2026-01-14,PLACED,2,134.24
131704,10,3249,284,East,2026-01-14,PLACED,7,148.34
131705,1,489,54,East,2026-01-13,PLACED,9,482.51
131706,1,1674,6,East,2026-01-14,PLACED,2,331.5
131706,2,1674,264,East,2026-01-14,PLACED,5,85.87
131706,3,1674,245,East,2026-01-14,PLACED,5,104.49
131706,4,1674,112,East,2026-01-14,PLACED,1,128.71
131706,5,1674,77,East,2026-01-14,PLACED,5,417.68
131706,6,1674,105,East,2026-01-14,PLACED,2,136.78
131706,7,1674,220,East,2026-01-14,PLACED,1,137.8
131706,8,1674,88,East,2026-01-14,PLACED,10,266.42
131706,9,1674,270,East,2026-01-14,PLACED,10,9.41
131707,1,2864,72,South,2026-01-13,PLACED,10,505.2
131708,1,3710,233,West,2026-01-13,PLACED,10,315.65
131709,1,2819,61,North,2026-01-13,PLACED,8,463.78
131709,2,2819,236,North,2026-01-13,PLACED,9,63.66
131710,1,1116,283,West,2026-01-13,PLACED,1,298.78
131711,1,3102,156,East,2026-01-14,PLACED,1,112.55
131711,2,3102,272,East,2026-01-14,PLACED,3,139.11
131711,3,3102,144,East,2026-01-14,PLACED,8,405.79
131711,4,3102,217,East,2026-01-14,PLACED,4,307.88
131712,1,3692,193,South,2026-01-14,PLACED,4,118.65
131713,1,3236,171,West,2026-01-13,PLACED,9,472.61
131714,1,4275,32,Central,2026-01-13,PLACED,1,371.37
131714,2,4275,106,Central,2026-01-13,PLACED,10,343.73
131715,1,362,118,Central,2026-01-13,PLACED,3,337.48
131715,2,362,218,Central,2026-01-13,PLACED,7,358.41
131715,3,362,161,Central,2026-01-13,PLACED,7,40.95
131715,4,362,71,Central,2026-01-13,PLACED,2,117.42
131715,5,362,297,Central,2026-01-13,PLACED,8,214.88
131715,6,362,230,Central,2026-01-13,PLACED,1,507.33
131715,7,362,266,Central,2026-01-13,PLACED,3,319.87
131715,8,362,237,Central,2026-01-13,PLACED,4,488.76
131716,1,2133,218,Central,2026-01-14,PLACED,9,354.71
131716,2,2133,113,Central,2026-01-14,PLACED,5,260.96
131717,1,4388,253,East,2026-01-13,PLACED,10,43.7
131718,1,3991,127,West,2026-01-14,PLACED,4,15.5
131719,1,1197,150,Central,2026-01-13,PLACED,6,152.34
131720,1,3206,197,West,2026-01-14,PLACED,10,300.45
131721,1,4405,182,Central,2026-01-13,PLACED,6,324.21
131722,1,3327,212,North,2026-01-13,PLACED,2,372.51
131723,1,968,115,Central,2026-01-14,PLACED,2,479.64
131724,1,2807,128,East,2026-01-13,PLACED,5,447.99
131725,1,728,56,South,2026-01-14,PLACED,5,312.18
131725,2,728,47,South,2026-01-14,PLACED,9,51.33
131726,1,922,4,West,2026-01-13,PLACED,2,120.27
131727,1,2168,113,West,2026-01-14,PLACED,2,259.84
131728,1,2549,66,North,2026-01-13,PLACED,7,424.55
131729,1,3080,287,North,2026-01-13,PLACED,10,430.45
131730,1,3943,196,Central,2026-01-14,PLACED,8,465.07
131731,1,895,282,West,2026-01-14,PLACED,10,115.32
131732,1,823,52,South,2026-01-14,PLACED,6,116.96
131733,1,1708,94,Central,2026-01-13,PLACED,4,233.43
131734,1,1425,73,North,2026-01-14,PLACED,5,468.12
131735,1,2323,254,West,2026-01-14,PLACED,8,231.48
131736,1,1100,65,Central,2026-01-14,PLACED,10,396.42
131736,2,1100,268,Central,2026-01-14,PLACED,4,466.43
131737,1,4237,199,North,2026-01-14,PLACED,1,482.27
131738,1,238,248,South,2026-01-13,PLACED,1,220.87
131739,1,219,288,East,2026-01-13,PLACED,6,48.68
131740,1,340,50,Central,2026-01-14,PLACED,9,198.14
131740,2,340,106,Central,2026-01-14,PLACED,4,337.79
131741,1,3469,271,Central,2026-01-14,PLACED,8,401.18
131742,1,3268,92,South,2026-01-13,PLACED,1,335.21
131743,1,2142,239,North,2026-01-14,PLACED,3,326.29
131743,2,2142,300,North,2026-01-14,PLACED,2,435.74
131743,3,2142,247,North,2026-01-14,PLACED,2,134.85
131743,4,2142,292,North,2026-01-14,PLACED,10,367.27
131743,5,2142,20,North,2026-01-14,PLACED,6,8.59
131743,6,2142,194,North,2026-01-14,PLACED,10,435.39
131743,7,2142,269,North,2026-01-14,PLACED,2,326.39
131743,8,2142,66,North,2026-01-14,PLACED,7,364.7
131743,9,2142,205,North,2026-01-14,PLACED,8,238.28
131744,1,2715,141,West,2026-01-14,PLACED,9,240.5
131744,2,2715,203,West,2026-01-14,PLACED,7,465.64
131744,3,2715,45,West,2026-01-14,PLACED,9,43.19
131744,4,2715,101,West,2026-01-14,PLACED,4,9.63
131745,1,1320,19,South,2026-01-13,PLACED,5,407.25
131746,1,4303,288,Central,2026-01-14,PLACED,5,46.99
131747,1,192,74,South,2026-01-13,PLACED,7,156.86
131747,2,192,16,South,2026-01-13,PLACED,10,280.86
131748,1,4522,296,West,2026-01-14,PLACED,6,255.63
131748,2,4522,145,West,2026-01-14,PLACED,8,225.99
131749,1,475,128,Central,2026-01-14,PLACED,7,479.03
131750,1,3655,127,South,2026-01-14,PLACED,10,13.43
131751,1,4055,288,East,2026-01-14,PLACED,9,49.84
131752,1,2744,50,East,2026-01-14,PLACED,7,179.75
131753,1,4583,248,Central,2026-01-13,PLACED,9,207.13
131754,1,933,86,Central,2026-01-13,PLACED,5,103.13
131754,2,933,196,Central,2026-01-13,PLACED,5,453.31
131755,1,523,224,West,2026-01-14,PLACED,3,344.3
131756,1,642,117,North,2026-01-13,PLACED,6,164.09
131757,1,4725,278,West,2026-01-13,PLACED,2,305.52
131758,1,2531,245,West,2026-01-13,PLACED,7,95.99
131759,1,3942,109,North,2026-01-14,PLACED,1,237.54
131760,1,4138,216,South,2026-01-14,PLACED,1,456.74
131761,1,520,140,South,2026-01-13,PLACED,1,65.91
131762,1,4788,29,South,2026-01-14,PLACED,8,441.66
131763,1,1969,134,East,2026-01-14,PLACED,9,446.14
131763,2,1969,170,East,2026-01-14,PLACED,6,70.36
131763,3,1969,109,East,2026-01-14,PLACED,1,243.97
131764,1,2325,214,Central,2026-01-13,PLACED,3,224.33
131764,2,2325,22,Central,2026-01-13,PLACED,1,344.8
131764,3,2325,48,Central,2026-01-13,PLACED,7,142.22
131764,4,2325,265,Central,2026-01-13,PLACED,8,428.7
131764,5,2325,114,Central,2026-01-13,PLACED,3,98.68
131765,1,4515,48,South,2026-01-13,PLACED,3,145.83
131766,1,2799,153,South,2026-01-14,PLACED,9,207.09
131766,2,2799,135,South,2026-01-14,PLACED,4,49.26
131767,1,197,3,South,2026-01-13,PLACED,6,129.92
131768,1,4929,113,West,2026-01-13,PLACED,5,267.18
131768,2,4929,87,West,2026-01-13,PLACED,6,518.75
131769,1,778,10,East,2026-01-13,PLACED,2,19.22
131770,1,1968,8,East,2026-01-14,PLACED,1,46.75
131771,1,878,13,South,2026-01-14,PLACED,3,19.52
131772,1,4157,70,West,2026-01-13,PLACED,5,132.66
131772,2,4157,60,West,2026-01-13,PLACED,4,203.36
131773,1,3469,243,South,2026-01-13,PLACED,1,288.35
131773,2,3469,90,South,2026-01-13,PLACED,7,29.67
131774,1,758,253,North,2026-01-13,PLACED,9,36.95
131775,1,2645,233,West,2026-01-13,PLACED,7,303.56
131776,1,2307,4,East,2026-01-14,PLACED,6,110.36
131776,2,2307,132,East,2026-01-14,PLACED,5,32.07
131776,3,2307,111,East,2026-01-14,PLACED,9,402.18
131776,4,2307,24,East,2026-01-14,PLACED,5,83.1
131777,1,4022,273,South,2026-01-14,PLACED,1,302.49
131778,1,3762,77,East,2026-01-14,PLACED,3,439.22
131778,2,3762,94,East,2026-01-14,PLACED,9,202.32
131779,1,2086,187,Central,2026-01-13,PLACED,9,450.21
131779,2,2086,176,Central,2026-01-13,PLACED,8,103.72
131779,3,2086,75,Central,2026-01-13,PLACED,3,354.73
131779,4,2086,203,Central,2026-01-13,PLACED,8,459.49
131779,5,2086,281,Central,2026-01-13,PLACED,2,380.05
131779,6,2086,269,Central,2026-01-13,PLACED,3,327.68
131779,7,2086,288,Central,2026-01-13,PLACED,1,53.18
131779,8,2086,163,Central,2026-01-13,PLACED,1,125.67
131780,1,3253,238,West,2026-01-14,PLACED,7,139.13
131780,2,3253,19,West,2026-01-14,PLACED,7,445.51
131781,1,3016,290,East,2026-01-14,PLACED,6,152.12
131782,1,3439,256,Central,2026-01-13,PLACED,2,531.22
131783,1,919,219,North,2026-01-13,PLACED,8,77.79
131784,1,598,229,East,2026-01-13,PLACED,10,89.34
131785,1,1396,209,North,2026-01-13,PLACED,9,211.05
131785,2,1396,19,North,2026-01-13,PLACED,8,408.51
131786,1,2933,7,North,2026-01-14,PLACED,10,420.41
131787,1,4504,163,South,2026-01-14,PLACED,10,129.0
131788,1,4709,100,South,2026-01-13,PLACED,8,390.18
131789,1,441,44,East,2026-01-13,PLACED,1,163.0
131789,2,441,249,East,2026-01-13,PLACED,10,305.73
131790,1,4412,125,West,2026-01-13,PLACED,7,5.05
131790,2,4412,241,West,2026-01-13,PLACED,5,222.96
131790,3,4412,167,West,2026-01-13,PLACED,2,129.7
131790,4,4412,76,West,2026-01-13,PLACED,10,193.94
131790,5,4412,16,West,2026-01-13,PLACED,9,252.29
131791,1,582,159,North,2026-01-13,PLACED,10,108.08
131791,2,582,160,North,2026-01-13,PLACED,6,106.94
131791,3,582,121,North,2026-01-13,PLACED,9,360.51
131791,4,582,107,North,2026-01-13,PLACED,5,64.03
131791,5,582,199,North,2026-01-13,PLACED,5,534.46
131792,1,131,215,West,2026-01-14,PLACED,4,433.57
131793,1,3467,185,North,2026-01-13,PLACED,9,186.26
131793,2,3467,140,North,2026-01-13,PLACED,1,63.26
131793,3,3467,159,North,2026-01-13,PLACED,4,114.48
131793,4,3467,12,North,2026-01-13,PLACED,10,247.97
131794,1,3443,145,South,2026-01-13,PLACED,2,197.75
131795,1,4265,266,East,2026-01-14,PLACED,1,373.6
131796,1,180,97,West,2026-01-14,PLACED,1,470.32
131797,1,4118,80,North,2026-01-13,PLACED,7,133.04
131797,2,4118,263,North,2026-01-13,PLACED,1,172.75
131798,1,1320,157,West,2026-01-14,PLACED,10,160.52
131799,1,3676,216,West,2026-01-13,PLACED,3,470.58
131800,1,50,60,East,2026-01-13,PLACED,3,209.66
131801,1,706,63,East,2026-01-13,PLACED,4,289.23
131802,1,4286,278,Central,2026-01-13,PLACED,8,300.25
131802,2,4286,56,Central,2026-01-13,PLACED,2,304.5
131802,3,4286,8,Central,2026-01-13,PLACED,4,48.37
131802,4,4286,201,Central,2026-01-13,PLACED,4,531.3
131802,5,4286,10,Central,2026-01-13,PLACED,10,19.66
131802,6,4286,176,Central,2026-01-13,PLACED,4,104.13
131802,7,4286,275,Central,2026-01-13,PLACED,2,74.54
131803,1,623,31,North,2026-01-13,PLACED,5,442.0
131804,1,3899,233,South,2026-01-13,PLACED,10,321.43
131805,1,2818,189,West,2026-01-14,PLACED,6,95.55
131805,2,2818,168,West,2026-01-14,PLACED,9,366.96
131806,1,1857,212,South,2026-01-13,PLACED,2,382.29
131807,1,996,95,West,2026-01-14,PLACED,10,36.51
131808,1,4358,4,South,2026-01-14,PLACED,3,116.28
131809,1,2777,28,East,2026-01-13,PLACED,4,53.63
131810,1,896,170,North,2026-01-14,PLACED,8,70.71
131811,1,879,63,East,2026-01-14,PLACED,10,293.24
131811,2,879,282,East,2026-01-14,PLACED,9,102.11
131811,3,879,131,East,2026-01-14,PLACED,4,151.55
131812,1,1254,194,Central,2026-01-14,PLACED,2,491.42
131813,1,1276,25,North,2026-01-13,PLACED,9,443.95
131814,1,2177,285,East,2026-01-14,PLACED,8,245.75
131815,1,4105,136,West,2026-01-14,PLACED,7,258.33
131816,1,1164,267,Central,2026-01-13,PLACED,9,328.14
131817,1,4418,118,East,2026-01-13,PLACED,10,309.78
131818,1,1485,30,Central,2026-01-14,PLACED,6,276.23
131818,2,1485,182,Central,2026-01-14,PLACED,8,353.45
131818,3,1485,142,Central,2026-01-14,PLACED,8,268.45
131818,4,1485,203,Central,2026-01-14,PLACED,7,463.38
131819,1,3073,61,Central,2026-01-13,PLACED,2,538.18
131820,1,1852,1,South,2026-01-14,PLACED,7,314.01
131821,1,224,125,Central,2026-01-14,PLACED,7,5.19
131822,1,4762,248,East,2026-01-13,PLACED,4,216.87
131823,1,4746,181,North,2026-01-13,PLACED,9,351.96
131823,2,4746,33,North,2026-01-13,PLACED,7,257.34
131823,3,4746,167,North,2026-01-13,PLACED,4,112.81
131823,4,4746,58,North,2026-01-13,PLACED,7,351.1
131824,1,1577,129,Central,2026-01-14,PLACED,8,442.79
131825,1,407,112,East,2026-01-14,PLACED,6,132.46
131826,1,3075,62,South,2026-01-14,PLACED,7,329.24
131827,1,4465,159,West,2026-01-13,PLACED,8,128.0
131828,1,30,59,West,2026-01-14,PLACED,3,92.12
131829,1,3511,36,South,2026-01-13,PLACED,8,266.1
131830,1,2415,194,West,2026-01-13,PLACED,6,450.18
131831,1,4359,236,North,2026-01-14,PLACED,7,59.03
131832,1,4386,80,Central,2026-01-13,PLACED,7,119.79
131832,2,4386,255,Central,2026-01-13,PLACED,9,482.07
131832,3,4386,48,Central,2026-01-13,PLACED,10,142.17
131832,4,4386,123,Central,2026-01-13,PLACED,5,404.97
131832,5,4386,261,Central,2026-01-13,PLACED,6,425.37
131833,1,504,75,East,2026-01-13,PLACED,6,320.48
131834,1,3752,294,East,2026-01-13,PLACED,7,123.25
131834,2,3752,190,East,2026-01-13,PLACED,7,206.92
131834,3,3752,268,East,2026-01-13,PLACED,10,475.08
131834,4,3752,172,East,2026-01-13,PLACED,6,313.6
131834,5,3752,133,East,2026-01-13,PLACED,9,477.74
131835,1,3521,89,Central,2026-01-14,PLACED,3,46.13
131836,1,1538,37,South,2026-01-14,PLACED,3,422.71
131837,1,4360,151,West,2026-01-14,PLACED,2,460.09
131838,1,3113,87,North,2026-01-14,PLACED,1,524.25
131839,1,2304,19,Central,2026-01-14,PLACED,9,373.79
131840,1,1013,13,South,2026-01-14,PLACED,7,17.3
131840,2,1013,94,South,2026-01-14,PLACED,5,229.99
131840,3,1013,41,South,2026-01-14,PLACED,5,336.19
131841,1,3154,268,South,2026-01-13,PLACED,8,516.76
131842,1,2217,183,West,2026-01-14,PLACED,6,528.52
131843,1,4028,59,South,2026-01-13,PLACED,7,89.6
131843,2,4028,249,South,2026-01-13,PLACED,8,337.58
131844,1,3923,262,Central,2026-01-13,PLACED,7,451.42
131845,1,3600,224,East,2026-01-14,PLACED,4,406.72
131846,1,2559,50,Central,2026-01-13,PLACED,7,177.49
131847,1,2662,25,Central,2026-01-14,PLACED,6,498.68
131848,1,4783,216,East,2026-01-13,PLACED,9,479.6
131849,1,159,137,North,2026-01-14,PLACED,7,38.78
131850,1,4042,45,North,2026-01-14,PLACED,2,44.77
131851,1,1566,284,East,2026-01-14,PLACED,2,132.17
131852,1,1932,103,South,2026-01-13,PLACED,5,351.45
131853,1,1970,226,Central,2026-01-13,PLACED,5,282.44
131853,2,1970,139,Central,2026-01-13,PLACED,5,376.03
131853,3,1970,34,Central,2026-01-13,PLACED,9,527.47
131854,1,307,200,South,2026-01-13,PLACED,9,429.5
131855,1,630,243,North,2026-01-14,PLACED,7,258.38
131856,1,1989,58,Central,2026-01-14,PLACED,4,388.11
131857,1,2638,70,Central,2026-01-13,PLACED,2,141.9
131857,2,2638,274,Central,2026-01-13,PLACED,5,428.47
131857,3,2638,48,Central,2026-01-13,PLACED,10,128.85
131857,4,2638,159,Central,2026-01-13,PLACED,4,120.33
131857,5,2638,229,Central,2026-01-13,PLACED,3,75.61
131857,6,2638,279,Central,2026-01-13,PLACED,3,137.34
131857,7,2638,71,Central,2026-01-13,PLACED,4,108.19
131858,1,2878,3,South,2026-01-14,PLACED,1,147.55
131859,1,1734,261,North,2026-01-13,PLACED,10,421.3
131860,1,1937,169,East,2026-01-13,PLACED,6,115.98
131861,1,4363,201,North,2026-01-14,PLACED,2,515.49
131861,2,4363,56,North,2026-01-14,PLACED,4,279.61
131861,3,4363,134,North,2026-01-14,PLACED,10,477.63
131861,4,4363,158,North,2026-01-14,PLACED,3,321.24
131862,1,913,170,South,2026-01-14,PLACED,9,73.27
131862,2,913,202,South,2026-01-14,PLACED,8,428.22
131863,1,1036,275,North,2026-01-13,PLACED,1,77.52
131864,1,2714,242,East,2026-01-13,PLACED,10,304.71
131864,2,2714,184,East,2026-01-13,PLACED,8,54.47
131865,1,3949,195,South,2026-01-13,PLACED,8,211.01
131866,1,853,285,South,2026-01-14,PLACED,5,267.27
131866,2,853,293,South,2026-01-14,PLACED,2,323.44
131867,1,2414,42,Central,2026-01-13,PLACED,3,27.35
131868,1,60,211,East,2026-01-14,PLACED,1,130.13
131869,1,571,135,West,2026-01-13,PLACED,5,44.85
131870,1,441,204,East,2026-01-13,PLACED,9,94.79
131870,2,441,20,East,2026-01-13,PLACED,2,8.68
131871,1,3537,108,South,2026-01-13,PLACED,4,200.21
131872,1,4675,252,West,2026-01-14,PLACED,8,351.6
131873,1,2868,279,West,2026-01-13,PLACED,5,146.33
131874,1,2741,270,South,2026-01-14,PLACED,4,8.32
131874,2,2741,28,South,2026-01-14,PLACED,4,51.39
131875,1,230,93,South,2026-01-13,PLACED,3,423.74
131876,1,4253,140,Central,2026-01-14,PLACED,2,72.32
131877,1,4035,9,North,2026-01-13,PLACED,1,193.59
131877,2,4035,59,North,2026-01-13,PLACED,6,89.93
131878,1,3948,195,East,2026-01-13,PLACED,10,220.55
131878,2,3948,32,East,2026-01-13,PLACED,2,333.41
131878,3,3948,298,East,2026-01-13,PLACED,6,10.06
131878,4,3948,135,East,2026-01-13,PLACED,2,44.51
131878,5,3948,98,East,2026-01-13,PLACED,4,293.32
131878,6,3948,112,East,2026-01-13,PLACED,7,141.37
131878,7,3948,151,East,2026-01-13,PLACED,2,546.21
131879,1,1474,95,North,2026-01-14,PLACED,10,33.08
131880,1,490,223,North,2026-01-13,PLACED,9,287.16
131881,1,2962,217,South,2026-01-13,PLACED,2,304.26
131881,2,2962,138,South,2026-01-13,PLACED,7,389.63
131881,3,2962,223,South,2026-01-13,PLACED,1,253.66
131881,4,2962,166,South,2026-01-13,PLACED,5,39.13
131881,5,2962,214,South,2026-01-13,PLACED,5,224.25
131882,1,4250,268,West,2026-01-13,PLACED,2,491.02
131882,2,4250,196,West,2026-01-13,PLACED,3,452.37
131883,1,962,250,North,2026-01-14,PLACED,6,151.21
131884,1,3630,58,East,2026-01-14,PLACED,7,393.47
131885,1,4648,265,South,2026-01-13,PLACED,10,429.52
131886,1,968,7,West,2026-01-13,PLACED,4,435.58
131886,2,968,195,West,2026-01-13,PLACED,5,228.89
131887,1,742,127,East,2026-01-13,PLACED,4,14.34
131888,1,4455,171,West,2026-01-14,PLACED,9,499.13
131888,2,4455,37,West,2026-01-14,PLACED,4,409.16
131889,1,1455,295,East,2026-01-13,PLACED,7,341.81
131889,2,1455,165,East,2026-01-13,PLACED,2,450.31
131890,1,378,214,North,2026-01-13,PLACED,8,222.22
131890,2,378,260,North,2026-01-13,PLACED,6,466.39
131890,3,378,16,North,2026-01-13,PLACED,8,272.59
131890,4,378,90,North,2026-01-13,PLACED,5,30.99
131890,5,378,104,North,2026-01-13,PLACED,1,289.69
131890,6,378,64,North,2026-01-13,PLACED,7,318.95
131890,7,378,155,North,2026-01-13,PLACED,4,65.33
131891,1,4123,116,West,2026-01-14,PLACED,5,422.12
131892,1,3489,129,East,2026-01-14,PLACED,10,455.05
131893,1,2074,169,Central,2026-01-14,PLACED,8,111.73
131893,2,2074,240,Central,2026-01-14,PLACED,3,340.66
131893,3,2074,213,Central,2026-01-14,PLACED,9,230.52
131894,1,221,17,North,2026-01-13,PLACED,10,114.56
131894,2,221,254,North,2026-01-13,PLACED,7,225.46
131895,1,4431,23,West,2026-01-14,PLACED,9,171.23
131896,1,3527,111,West,2026-01-13,PLACED,1,461.49
131897,1,3646,48,Central,2026-01-14,PLACED,5,148.29
131898,1,3319,280,West,2026-01-13,PLACED,9,293.78
131899,1,4093,293,North,2026-01-13,PLACED,3,341.64
131900,1,3577,237,East,2026-01-14,PLACED,5,469.28
131901,1,1597,180,South,2026-01-14,PLACED,6,253.41
131901,2,1597,200,South,2026-01-14,PLACED,6,431.6
131902,1,3835,37,Central,2026-01-14,PLACED,9,422.32
131903,1,817,92,Central,2026-01-14,PLACED,4,324.85
131904,1,2370,182,Central,2026-01-14,PLACED,3,316.37
131904,2,2370,258,Central,2026-01-14,PLACED,5,109.99
131904,3,2370,130,Central,2026-01-14,PLACED,10,391.17
131904,4,2370,265,Central,2026-01-14,PLACED,6,381.04
131904,5,2370,296,Central,2026-01-14,PLACED,10,269.18
131904,6,2370,87,Central,2026-01-14,PLACED,3,463.68
131905,1,940,105,Central,2026-01-13,PLACED,7,147.21
131906,1,2068,132,South,2026-01-14,PLACED,10,33.59
131907,1,513,167,North,2026-01-14,PLACED,7,128.2
131907,2,513,72,North,2026-01-14,PLACED,3,474.89
131907,3,513,225,North,2026-01-14,PLACED,3,33.24
131907,4,513,39,North,2026-01-14,PLACED,8,445.57
131908,1,65,240,East,2026-01-13,PLACED,7,321.97
131909,1,1099,87,East,2026-01-13,PLACED,9,498.41
131909,2,1099,76,East,2026-01-13,PLACED,8,192.85
131909,3,1099,66,East,2026-01-13,PLACED,3,405.21
131910,1,627,186,Central,2026-01-14,PLACED,8,160.6
131911,1,3115,164,East,2026-01-14,PLACED,1,465.1
131912,1,3947,172,East,2026-01-13,PLACED,7,278.99
131912,2,3947,13,East,2026-01-13,PLACED,7,16.4
131912,3,3947,266,East,2026-01-13,PLACED,6,345.12
131912,4,3947,25,East,2026-01-13,PLACED,4,475.53
131913,1,2459,166,East,2026-01-14,PLACED,2,42.25
131914,1,4309,68,West,2026-01-14,PLACED,3,22.43
131915,1,2871,215,North,2026-01-14,PLACED,4,517.88
131916,1,259,27,North,2026-01-14,PLACED,9,50.05
131916,2,259,84,North,2026-01-14,PLACED,10,457.56
131917,1,3041,97,North,2026-01-13,PLACED,2,480.48
131918,1,1499,173,North,2026-01-14,PLACED,4,222.03
131918,2,1499,118,North,2026-01-14,PLACED,7,347.7
131918,3,1499,266,North,2026-01-14,PLACED,5,349.74
131918,4,1499,109,North,2026-01-14,PLACED,1,217.7
131918,5,1499,179,North,2026-01-14,PLACED,4,213.29
131918,6,1499,138,North,2026-01-14,PLACED,9,345.68
131918,7,1499,64,North,2026-01-14,PLACED,6,353.25
131919,1,930,216,Central,2026-01-14,PLACED,5,508.78
131920,1,4696,163,Central,2026-01-13,PLACED,1,116.39
131921,1,1866,270,Central,2026-01-14,PLACED,2,9.17
131922,1,4447,158,East,2026-01-14,PLACED,4,277.24
131923,1,901,148,South,2026-01-13,PLACED,5,351.19
131924,1,3170,177,South,2026-01-14,PLACED,2,51.37
131925,1,4088,50,South,2026-01-13,PLACED,7,185.8
131925,2,4088,101,South,2026-01-13,PLACED,1,11.54
131926,1,2356,241,West,2026-01-14,PLACED,7,219.41
131927,1,4730,59,East,2026-01-13,PLACED,8,87.83
131927,2,4730,81,East,2026-01-13,PLACED,2,296.31
131928,1,2203,298,South,2026-01-13,PLACED,10,10.32
131928,2,2203,30,South,2026-01-13,PLACED,6,310.28
131928,3,2203,176,South,2026-01-13,PLACED,6,89.89
131929,1,4515,171,South,2026-01-14,PLACED,1,458.71
131929,2,4515,261,South,2026-01-14,PLACED,4,419.88
131930,1,4687,165,East,2026-01-13,PLACED,6,424.96
131931,1,2297,152,Central,2026-01-13,PLACED,3,306.91
131931,2,2297,41,Central,2026-01-13,PLACED,10,378.12
131931,3,2297,238,Central,2026-01-13,PLACED,4,134.89
131931,4,2297,29,Central,2026-01-13,PLACED,6,404.1
131931,5,2297,174,Central,2026-01-13,PLACED,9,412.48
131932,1,2818,139,West,2026-01-14,PLACED,4,393.89
131932,2,2818,137,West,2026-01-14,PLACED,6,37.77
131933,1,1721,156,West,2026-01-13,PLACED,3,120.85
131933,2,1721,200,West,2026-01-13,PLACED,4,409.72
131934,1,2185,147,Central,2026-01-14,PLACED,7,250.76
131935,1,1534,218,North,2026-01-14,PLACED,3,386.03
131936,1,2324,118,North,2026-01-13,PLACED,1,344.24
131937,1,2514,281,East,2026-01-13,PLACED,4,388.73
131938,1,3785,132,West,2026-01-13,PLACED,8,34.96
131938,2,3785,186,West,2026-01-13,PLACED,7,158.7
131938,3,3785,128,West,2026-01-13,PLACED,1,461.42
131938,4,3785,69,West,2026-01-13,PLACED,1,159.31
131939,1,4315,231,South,2026-01-13,PLACED,9,47.02
131940,1,529,270,Central,2026-01-14,PLACED,3,8.9
131940,2,529,290,Central,2026-01-14,PLACED,1,137.31
131941,1,2181,68,North,2026-01-13,PLACED,9,20.38
131941,2,2181,165,North,2026-01-13,PLACED,8,408.39
131942,1,3808,278,Central,2026-01-14,PLACED,2,258.41
131943,1,77,291,South,2026-01-13,PLACED,6,6.65
131944,1,4155,68,South,2026-01-14,PLACED,7,19.77
131944,2,4155,185,South,2026-01-14,PLACED,10,221.59
131944,3,4155,294,South,2026-01-14,PLACED,6,138.75
131944,4,4155,227,South,2026-01-14,PLACED,4,252.48
131944,5,4155,257,South,2026-01-14,PLACED,6,38.87
131945,1,4487,264,South,2026-01-13,PLACED,4,89.88
131945,2,4487,46,South,2026-01-13,PLACED,6,119.42
131945,3,4487,98,South,2026-01-13,PLACED,9,292.77
131945,4,4487,90,South,2026-01-13,PLACED,10,28.78
131946,1,699,135,South,2026-01-13,PLACED,5,50.22
131947,1,4367,99,West,2026-01-13,PLACED,8,527.49
131948,1,4305,228,Central,2026-01-14,PLACED,4,450.73
131949,1,797,156,South,2026-01-14,PLACED,6,122.98
131950,1,2747,117,South,2026-01-13,PLACED,1,139.12
131951,1,4090,204,Central,2026-01-13,PLACED,6,88.71
131952,1,560,23,North,2026-01-13,PLACED,4,158.5
131953,1,2527,223,North,2026-01-13,PLACED,10,246.11
131954,1,2520,132,South,2026-01-13,PLACED,10,32.31
131954,2,2520,254,South,2026-01-13,PLACED,10,220.07
131955,1,4107,256,East,2026-01-14,PLACED,5,454.13
131956,1,4042,32,West,2026-01-13,PLACED,2,378.87
131957,1,3693,206,West,2026-01-14,PLACED,7,115.93
131958,1,2365,277,East,2026-01-14,PLACED,4,58.11
131959,1,3311,205,Central,2026-01-14,PLACED,10,221.42
131959,2,3311,269,Central,2026-01-14,PLACED,2,360.29
131960,1,2571,136,East,2026-01-14,PLACED,5,266.22
131960,2,2571,17,East,2026-01-14,PLACED,5,114.57
131960,3,2571,92,East,2026-01-14,PLACED,7,326.45
131960,4,2571,110,East,2026-01-14,PLACED,5,489.74
131960,5,2571,255,East,2026-01-14,PLACED,8,508.37
131960,6,2571,119,East,2026-01-14,PLACED,5,290.91
131960,7,2571,120,East,2026-01-14,PLACED,1,84.98
131960,8,2571,57,East,2026-01-14,PLACED,5,87.29
131960,9,2571,35,East,2026-01-14,PLACED,2,180.37
131960,10,2571,27,East,2026-01-14,PLACED,9,55.27
131961,1,578,184,Central,2026-01-14,PLACED,5,59.05
131961,2,578,102,Central,2026-01-14,PLACED,9,393.24
131962,1,240,4,South,2026-01-13,PLACED,2,107.26
131963,1,2557,247,Central,2026-01-14,PLACED,4,128.84
131963,2,2557,180,Central,2026-01-14,PLACED,3,222.93
131964,1,1140,244,East,2026-01-13,PLACED,8,468.3
131964,2,1140,40,East,2026-01-13,PLACED,3,283.14
131965,1,1170,240,East,2026-01-13,PLACED,9,281.11
131965,2,1170,242,East,2026-01-13,PLACED,7,272.97
131965,3,1170,280,East,2026-01-13,PLACED,4,316.96
131965,4,1170,264,East,2026-01-13,PLACED,7,81.92
131966,1,3708,242,West,2026-01-13,PLACED,10,283.19
131966,2,3708,287,West,2026-01-13,PLACED,2,406.0
131967,1,1515,264,North,2026-01-14,PLACED,9,78.21
131968,1,2191,150,Central,2026-01-13,PLACED,4,169.97
131969,1,1977,1,Central,2026-01-13,PLACED,4,352.43
131970,1,2622,87,West,2026-01-14,PLACED,7,457.95
131970,2,2622,38,West,2026-01-14,PLACED,3,326.17
131971,1,3480,18,North,2026-01-13,PLACED,1,300.57
131972,1,1226,240,East,2026-01-13,PLACED,10,303.57
131973,1,505,120,East,2026-01-13,PLACED,6,87.63
131973,2,505,195,East,2026-01-13,PLACED,3,219.6
131974,1,3622,205,Central,2026-01-13,PLACED,5,241.33
131975,1,1217,95,North,2026-01-14,PLACED,8,33.69
131976,1,4327,222,West,2026-01-14,PLACED,2,314.81
131977,1,2087,146,North,2026-01-13,PLACED,5,111.34
131977,2,2087,171,North,2026-01-13,PLACED,7,508.07
131978,1,4184,134,East,2026-01-13,PLACED,2,435.38
131979,1,1279,273,East,2026-01-14,PLACED,5,301.94
131979,2,1279,89,East,2026-01-14,PLACED,2,48.24
131979,3,1279,3,East,2026-01-14,PLACED,4,142.02
131979,4,1279,3,East,2026-01-14,PLACED,7,145.96
131979,5,1279,187,East,2026-01-14,PLACED,5,452.86
131980,1,1547,71,Central,2026-01-14,PLACED,4,108.68
131981,1,1754,209,North,2026-01-13,PLACED,5,186.04
131982,1,3238,104,South,2026-01-14,PLACED,2,294.99
131983,1,2683,19,North,2026-01-13,PLACED,10,375.11
131983,2,2683,289,North,2026-01-13,PLACED,9,205.43
131983,3,2683,292,North,2026-01-13,PLACED,1,399.47
131983,4,2683,96,North,2026-01-13,PLACED,10,195.82
131984,1,1611,182,South,2026-01-13,PLACED,8,371.51
131984,2,1611,11,South,2026-01-13,PLACED,8,110.18
131985,1,2104,224,East,2026-01-14,PLACED,1,400.84
131986,1,4646,122,South,2026-01-13,PLACED,2,286.11
131987,1,1511,220,South,2026-01-14,PLACED,9,156.06
131988,1,187,128,South,2026-01-13,PLACED,6,467.22
131989,1,2500,201,Central,2026-01-14,PLACED,8,463.92
131990,1,1806,283,Central,2026-01-14,PLACED,8,342.82
131991,1,910,104,North,2026-01-13,PLACED,10,257.01
131992,1,3657,55,South,2026-01-13,PLACED,2,314.39
131993,1,426,292,South,2026-01-14,PLACED,3,377.33
131993,2,426,227,South,2026-01-14,PLACED,10,243.18
131994,1,2636,262,South,2026-01-13,PLACED,4,431.37
131994,2,2636,207,South,2026-01-13,PLACED,5,207.96
131994,3,2636,263,South,2026-01-13,PLACED,6,203.58
131994,4,2636,45,South,2026-01-13,PLACED,5,46.21
131995,1,1383,269,Central,2026-01-13,PLACED,6,323.16
131995,2,1383,5,Central,2026-01-13,PLACED,10,395.67
131995,3,1383,125,Central,2026-01-13,PLACED,4,4.91
131995,4,1383,53,Central,2026-01-13,PLACED,8,131.85
131995,5,1383,166,Central,2026-01-13,PLACED,9,38.22
131995,6,1383,202,Central,2026-01-13,PLACED,6,486.87
131996,1,3264,97,West,2026-01-13,PLACED,2,518.55
131997,1,2912,237,North,2026-01-13,PLACED,8,402.57
131998,1,1913,78,North,2026-01-14,PLACED,5,222.31
131999,1,4829,202,East,2026-01-14,PLACED,5,485.04
131999,2,4829,115,East,2026-01-14,PLACED,10,449.2
131999,3,4829,261,East,2026-01-14,PLACED,7,463.36
132000,1,4228,37,East,2026-01-13,PLACED,3,416.91
132001,1,1547,279,East,2026-01-14,PLACED,1,130.71
132002,1,1305,292,Central,2026-01-13,PLACED,7,350.34
132003,1,3237,140,South,2026-01-13,PLACED,8,66.44
132004,1,4076,122,East,2026-01-13,PLACED,9,296.38
132005,1,2169,83,East,2026-01-13,PLACED,4,303.54
132006,1,4151,114,East,2026-01-14,PLACED,6,93.74
132006,2,4151,213,East,2026-01-14,PLACED,4,229.03
132007,1,2191,146,West,2026-01-14,PLACED,5,110.77
132008,1,1670,28,West,2026-01-14,PLACED,2,56.57
132009,1,290,250,Central,2026-01-13,PLACED,9,157.14
132010,1,376,131,South,2026-01-14,PLACED,6,146.57
132011,1,1733,52,West,2026-01-14,PLACED,7,109.91
132012,1,2761,127,Central,2026-01-13,PLACED,4,14.31
132013,1,577,189,South,2026-01-13,PLACED,1,108.15
132014,1,4230,19,South,2026-01-14,PLACED,6,388.68
132015,1,3513,199,Central,2026-01-13,PLACED,3,497.12
132016,1,11,9,East,2026-01-14,PLACED,9,219.01
132017,1,1777,174,South,2026-01-14,PLACED,5,354.95
132018,1,2760,64,South,2026-01-13,PLACED,8,329.99
132018,2,2760,182,South,2026-01-13,PLACED,2,343.45
132018,3,2760,206,South,2026-01-13,PLACED,6,107.81
132018,4,2760,106,South,2026-01-13,PLACED,8,350.0
132018,5,2760,267,South,2026-01-13,PLACED,8,297.61
132018,6,2760,241,South,2026-01-13,PLACED,6,213.24
132019,1,1620,85,East,2026-01-13,PLACED,9,210.99
132020,1,3549,80,Central,2026-01-14,PLACED,8,137.56
132021,1,3636,88,West,2026-01-13,PLACED,1,236.38
132021,2,3636,276,West,2026-01-13,PLACED,2,60.33
132022,1,4746,17,East,2026-01-13,PLACED,2,122.65
132022,2,4746,152,East,2026-01-13,PLACED,6,304.19
132022,3,4746,236,East,2026-01-13,PLACED,8,65.0
132023,1,3210,12,West,2026-01-13,PLACED,10,260.2
132024,1,1127,174,West,2026-01-14,PLACED,6,399.74
132025,1,3878,11,Central,2026-01-13,PLACED,1,110.92
132026,1,2546,216,West,2026-01-14,PLACED,2,461.91
132027,1,3052,38,West,2026-01-14,PLACED,5,332.69
132028,1,3389,131,South,2026-01-14,PLACED,5,159.13
132029,1,2982,17,Central,2026-01-14,PLACED,5,120.96
132030,1,4583,144,Central,2026-01-14,PLACED,1,408.06
132031,1,3970,12,Central,2026-01-13,PLACED,6,260.49
132032,1,1674,265,North,2026-01-14,PLACED,4,409.75
132033,1,3243,90,Central,2026-01-13,PLACED,1,29.96
132034,1,1968,21,South,2026-01-14,PLACED,8,403.25
132035,1,2066,226,Central,2026-01-13,PLACED,8,319.36
132036,1,3591,182,East,2026-01-14,PLACED,5,324.44
132037,1,4024,212,North,2026-01-14,PLACED,8,365.57
132038,1,4878,213,West,2026-01-13,PLACED,5,213.78
132039,1,2858,89,South,2026-01-13,PLACED,8,52.54
132040,1,1339,198,Central,2026-01-13,PLACED,8,27.68
132041,1,3340,63,South,2026-01-14,PLACED,10,305.29
132041,2,3340,83,South,2026-01-14,PLACED,8,287.67
132041,3,3340,214,South,2026-01-14,PLACED,8,227.56
132041,4,3340,149,South,2026-01-14,PLACED,8,101.86
132041,5,3340,288,South,2026-01-14,PLACED,10,53.79
132041,6,3340,93,South,2026-01-14,PLACED,2,374.44
132041,7,3340,249,South,2026-01-14,PLACED,4,348.55
132041,8,3340,248,South,2026-01-14,PLACED,1,208.55
132041,9,3340,276,South,2026-01-14,PLACED,1,62.76
132041,10,3340,206,South,2026-01-14,PLACED,10,117.31
132042,1,2890,154,West,2026-01-14,PLACED,1,254.62
132043,1,4501,134,West,2026-01-13,PLACED,4,449.89
132044,1,3591,192,West,2026-01-14,PLACED,10,144.5
132045,1,197,56,West,2026-01-13,PLACED,4,304.53
132046,1,3770,212,South,2026-01-14,PLACED,6,378.22
132046,2,3770,133,South,2026-01-14,PLACED,6,415.02
132047,1,424,213,West,2026-01-14,PLACED,4,246.22
132048,1,2029,198,East,2026-01-14,PLACED,1,31.94
132049,1,4138,111,Central,2026-01-13,PLACED,6,424.29
132050,1,3958,236,Central,2026-01-14,PLACED,7,67.78
132051,1,3457,159,East,2026-01-14,PLACED,2,120.93
132051,2,3457,159,East,2026-01-14,PLACED,4,124.39
132052,1,4935,136,South,2026-01-14,PLACED,10,256.52
132053,1,4577,146,Central,2026-01-13,PLACED,3,116.94
132054,1,3754,169,Central,2026-01-14,PLACED,3,102.05
132055,1,3323,260,South,2026-01-13,PLACED,2,452.47
132056,1,73,32,East,2026-01-13,PLACED,10,350.27
132057,1,2858,28,Central,2026-01-13,PLACED,10,52.48
132058,1,878,41,North,2026-01-13,PLACED,5,348.98
132059,1,781,150,South,2026-01-14,PLACED,8,172.89
132059,2,781,42,South,2026-01-14,PLACED,6,26.36
132060,1,4405,254,Central,2026-01-13,PLACED,3,243.92
132061,1,715,22,West,2026-01-14,PLACED,9,317.41
132062,1,503,159,East,2026-01-13,PLACED,10,110.42
132063,1,142,230,North,2026-01-14,PLACED,3,456.28
132063,2,142,85,North,2026-01-14,PLACED,1,183.12
132063,3,142,238,North,2026-01-14,PLACED,7,114.34
132063,4,142,90,North,2026-01-14,PLACED,2,27.16
132064,1,1460,207,East,2026-01-14,PLACED,7,214.39
132064,2,1460,212,East,2026-01-14,PLACED,3,412.06
132065,1,890,171,Central,2026-01-14,PLACED,9,460.62
132066,1,1876,23,East,2026-01-13,PLACED,5,165.33
132067,1,2284,185,North,2026-01-14,PLACED,10,218.55
132068,1,3038,100,South,2026-01-14,PLACED,5,467.25
132069,1,1885,64,South,2026-01-13,PLACED,9,323.93
132070,1,2404,155,North,2026-01-13,PLACED,1,65.76
132071,1,4984,39,South,2026-01-13,PLACED,3,399.93
132072,1,1666,64,South,2026-01-13,PLACED,6,336.68
132072,2,1666,146,South,2026-01-13,PLACED,1,101.16
132072,3,1666,76,South,2026-01-13,PLACED,1,217.11
132072,4,1666,239,South,2026-01-13,PLACED,8,276.41
132072,5,1666,190,South,2026-01-13,PLACED,4,227.43
132073,1,771,217,East,2026-01-14,PLACED,9,294.28
132074,1,4211,194,Central,2026-01-14,PLACED,10,502.8
132075,1,2260,172,Central,2026-01-14,PLACED,2,311.63
132075,2,2260,237,Central,2026-01-14,PLACED,4,415.63
132076,1,1839,2,West,2026-01-13,PLACED,5,16.83
132076,2,1839,203,West,2026-01-13,PLACED,5,457.31
132076,3,1839,213,West,2026-01-13,PLACED,4,232.01
132076,4,1839,68,West,2026-01-13,PLACED,10,22.04
132076,5,1839,288,West,2026-01-13,PLACED,8,46.73
132076,6,1839,127,West,2026-01-13,PLACED,4,14.87
132077,1,4410,288,East,2026-01-13,PLACED,10,49.78
132078,1,2371,228,Central,2026-01-13,PLACED,8,388.98
132079,1,2382,89,Central,2026-01-14,PLACED,2,46.72
132080,1,181,193,North,2026-01-13,PLACED,8,122.64
132081,1,3607,186,East,2026-01-13,PLACED,2,164.15
132082,1,2858,231,East,2026-01-14,PLACED,1,48.13
132083,1,33,226,South,2026-01-13,PLACED,7,266.95
132084,1,2112,179,North,2026-01-13,PLACED,9,221.68
132085,1,1976,236,West,2026-01-14,PLACED,10,69.17
132086,1,218,8,East,2026-01-13,PLACED,1,44.08
132087,1,4948,171,South,2026-01-13,PLACED,9,455.54
132088,1,763,59,Central,2026-01-13,PLACED,1,88.62
132088,2,763,174,Central,2026-01-13,PLACED,10,396.4
132088,3,763,4,Central,2026-01-13,PLACED,6,113.52
132089,1,179,129,South,2026-01-14,PLACED,7,473.17
132090,1,3978,115,West,2026-01-14,PLACED,3,452.68
132091,1,4502,286,North,2026-01-14,PLACED,6,439.76
132092,1,2839,19,North,2026-01-14,PLACED,9,411.3
132092,2,2839,39,North,2026-01-14,PLACED,8,458.96
132093,1,3046,293,West,2026-01-13,PLACED,10,349.41
132094,1,4523,7,North,2026-01-13,PLACED,8,489.82
132094,2,4523,171,North,2026-01-13,PLACED,3,446.59
132094,3,4523,4,North,2026-01-13,PLACED,5,116.67
132094,4,4523,249,North,2026-01-13,PLACED,3,338.57
132094,5,4523,279,North,2026-01-13,PLACED,6,131.75
132094,6,4523,216,North,2026-01-13,PLACED,7,518.49
132094,7,4523,55,North,2026-01-13,PLACED,5,332.94
132094,8,4523,40,North,2026-01-13,PLACED,10,266.75
132095,1,2828,57,South,2026-01-14,PLACED,9,95.49
132096,1,1991,261,North,2026-01-13,PLACED,6,440.85
132097,1,3908,248,Central,2026-01-14,PLACED,3,193.01
132098,1,29,204,East,2026-01-13,PLACED,4,89.35
132098,2,29,92,East,2026-01-13,PLACED,4,341.99
132099,1,747,48,East,2026-01-13,PLACED,6,133.08
132100,1,3836,33,North,2026-01-13,PLACED,10,248.0
132100,2,3836,248,North,2026-01-13,PLACED,9,182.37
132101,1,2188,164,West,2026-01-14,PLACED,9,448.07
132101,2,2188,217,West,2026-01-14,PLACED,4,262.68
132101,3,2188,214,West,2026-01-14,PLACED,6,195.52
132102,1,3172,148,West,2026-01-13,PLACED,7,395.23
132103,1,501,85,East,2026-01-14,PLACED,9,183.04
132103,2,501,107,East,2026-01-14,PLACED,2,56.28
132104,1,3247,116,Central,2026-01-13,PLACED,10,438.0
132104,2,3247,18,Central,2026-01-13,PLACED,8,320.7
132105,1,2680,58,East,2026-01-13,PLACED,5,357.73
132105,2,2680,48,East,2026-01-13,PLACED,3,151.26
132105,3,2680,112,East,2026-01-13,PLACED,4,134.71
132105,4,2680,117,East,2026-01-13,PLACED,3,150.68
132105,5,2680,205,East,2026-01-13,PLACED,10,228.49
132105,6,2680,101,East,2026-01-13,PLACED,8,10.35
132105,7,2680,192,East,2026-01-13,PLACED,2,146.86
132105,8,2680,187,East,2026-01-13,PLACED,8,454.55
132105,9,2680,60,East,2026-01-13,PLACED,9,193.32
132105,10,2680,118,East,2026-01-13,PLACED,1,337.79
132106,1,2563,153,South,2026-01-13,PLACED,7,243.09
132106,2,2563,234,South,2026-01-13,PLACED,4,360.57
132107,1,2947,42,Central,2026-01-14,PLACED,6,29.72
132107,2,2947,180,Central,2026-01-14,PLACED,9,245.67
132108,1,321,114,North,2026-01-14,PLACED,5,99.48
132108,2,321,215,North,2026-01-14,PLACED,4,467.29
132108,3,321,183,North,2026-01-14,PLACED,3,516.95
132108,4,321,246,North,2026-01-14,PLACED,6,350.95
132108,5,321,74,North,2026-01-14,PLACED,4,167.95
132109,1,3291,125,North,2026-01-13,PLACED,1,4.9
132110,1,4054,74,West,2026-01-14,PLACED,3,153.29
132111,1,1680,221,East,2026-01-13,PLACED,1,459.62
132111,2,1680,290,East,2026-01-13,PLACED,1,146.05
132111,3,1680,4,East,2026-01-13,PLACED,2,114.64
132112,1,551,191,Central,2026-01-13,PLACED,3,205.65
132113,1,1354,266,North,2026-01-14,PLACED,9,339.53
132114,1,3671,154,North,2026-01-14,PLACED,3,244.47
132114,2,3671,41,North,2026-01-14,PLACED,10,379.46
132114,3,3671,213,North,2026-01-14,PLACED,1,222.55
132114,4,3671,196,North,2026-01-14,PLACED,2,444.63
132114,5,3671,242,North,2026-01-14,PLACED,9,271.81
132114,6,3671,171,North,2026-01-14,PLACED,1,457.06
132114,7,3671,20,North,2026-01-14,PLACED,8,7.89
132114,8,3671,297,North,2026-01-14,PLACED,9,237.45
132115,1,996,290,North,2026-01-13,PLACED,9,141.1
132115,2,996,79,North,2026-01-13,PLACED,2,149.13
132116,1,4691,97,Central,2026-01-13,PLACED,5,545.67
132117,1,4661,119,East,2026-01-13,PLACED,10,285.07
132118,1,3730,278,East,2026-01-14,PLACED,9,281.7
132118,2,3730,123,East,2026-01-14,PLACED,5,361.87
132118,3,3730,135,East,2026-01-14,PLACED,8,52.1
132118,4,3730,140,East,2026-01-14,PLACED,1,72.49
132118,5,3730,226,East,2026-01-14,PLACED,7,272.26
132118,6,3730,157,East,2026-01-14,PLACED,2,174.43
132118,7,3730,193,East,2026-01-14,PLACED,5,125.67
132118,8,3730,259,East,2026-01-14,PLACED,1,135.89
132119,1,3463,281,South,2026-01-14,PLACED,8,335.65
132120,1,2752,272,North,2026-01-14,PLACED,10,147.89
132121,1,616,110,West,2026-01-14,PLACED,5,459.18
132122,1,2704,275,North,2026-01-13,PLACED,10,68.65
132123,1,4371,49,North,2026-01-13,PLACED,7,313.48
132124,1,909,137,South,2026-01-14,PLACED,8,39.71
132124,2,909,99,South,2026-01-14,PLACED,10,500.24
132125,1,15,82,South,2026-01-13,PLACED,4,126.65
132126,1,143,12,East,2026-01-13,PLACED,1,232.71
132126,2,143,166,East,2026-01-13,PLACED,8,42.05
132126,3,143,22,East,2026-01-13,PLACED,5,345.39
132126,4,143,279,East,2026-01-13,PLACED,5,127.33
132127,1,743,41,South,2026-01-13,PLACED,4,353.41
132128,1,4048,292,North,2026-01-13,PLACED,2,369.7
132129,1,4783,24,West,2026-01-13,PLACED,10,89.5
132129,2,4783,18,West,2026-01-13,PLACED,5,276.06
132130,1,1024,37,West,2026-01-14,PLACED,4,384.4
132131,1,4046,219,South,2026-01-14,PLACED,2,78.92
132132,1,1228,241,North,2026-01-14,PLACED,1,223.98
132132,2,1228,28,North,2026-01-14,PLACED,5,54.38
132132,3,1228,243,North,2026-01-14,PLACED,7,288.79
132133,1,4469,72,North,2026-01-13,PLACED,3,454.8
132134,1,395,120,Central,2026-01-14,PLACED,7,75.58
132135,1,34,22,East,2026-01-13,PLACED,9,371.95
132135,2,34,149,East,2026-01-13,PLACED,1,114.22
132135,3,34,205,East,2026-01-13,PLACED,8,226.02
132135,4,34,88,East,2026-01-13,PLACED,3,248.9
132135,5,34,48,East,2026-01-13,PLACED,10,131.03
132135,6,34,197,East,2026-01-13,PLACED,10,255.4
132135,7,34,103,East,2026-01-13,PLACED,6,372.41
132135,8,34,86,East,2026-01-13,PLACED,10,117.67
132135,9,34,210,East,2026-01-13,PLACED,7,519.01
132135,10,34,263,East,2026-01-13,PLACED,3,188.56
132136,1,3435,275,West,2026-01-13,PLACED,5,75.21
132137,1,272,275,East,2026-01-14,PLACED,5,73.66
132138,1,24,99,South,2026-01-13,PLACED,4,517.88
132139,1,2311,104,North,2026-01-14,PLACED,6,248.11
132139,2,2311,115,North,2026-01-14,PLACED,5,485.79
132139,3,2311,240,North,2026-01-14,PLACED,5,292.89
132139,4,2311,79,North,2026-01-14,PLACED,2,144.35
132140,1,4467,40,South,2026-01-13,PLACED,1,267.64
132140,2,4467,22,South,2026-01-13,PLACED,1,342.67
132140,3,4467,42,South,2026-01-13,PLACED,9,25.24
132140,4,4467,132,South,2026-01-13,PLACED,1,35.31
132141,1,1907,153,West,2026-01-14,PLACED,5,214.62
132142,1,1437,120,Central,2026-01-13,PLACED,10,84.21
132143,1,1346,284,East,2026-01-13,PLACED,9,136.31
132143,2,1346,300,East,2026-01-13,PLACED,5,400.6
132143,3,1346,79,East,2026-01-13,PLACED,1,147.99
132143,4,1346,132,East,2026-01-13,PLACED,6,35.03
132144,1,765,76,South,2026-01-13,PLACED,1,190.88
132145,1,206,99,Central,2026-01-13,PLACED,8,502.56
132145,2,206,133,Central,2026-01-13,PLACED,8,472.31
132146,1,441,171,South,2026-01-13,PLACED,4,512.28
132147,1,1829,292,North,2026-01-13,PLACED,6,408.19
132148,1,1607,183,East,2026-01-14,PLACED,9,521.15
132148,2,1607,176,East,2026-01-14,PLACED,6,104.32
132148,3,1607,298,East,2026-01-14,PLACED,4,8.9
132148,4,1607,181,East,2026-01-14,PLACED,7,363.89
132148,5,1607,191,East,2026-01-14,PLACED,7,232.51
132148,6,1607,204,East,2026-01-14,PLACED,3,90.55
132148,7,1607,257,East,2026-01-14,PLACED,9,44.85
132149,1,172,59,Central,2026-01-13,PLACED,5,89.65
132150,1,3577,284,North,2026-01-13,PLACED,4,139.22
132151,1,1935,20,South,2026-01-14,PLACED,4,7.98
132151,2,1935,98,South,2026-01-14,PLACED,8,260.27
132152,1,3773,274,East,2026-01-13,PLACED,6,494.26
132153,1,3330,192,East,2026-01-13,PLACED,4,151.39
132154,1,3872,16,Central,2026-01-13,PLACED,8,261.66
132155,1,2805,90,North,2026-01-14,PLACED,1,31.09
132155,2,2805,61,North,2026-01-14,PLACED,1,467.38
132156,1,3404,197,South,2026-01-13,PLACED,7,273.96
132157,1,4600,1,East,2026-01-13,PLACED,8,340.47
132157,2,4600,219,East,2026-01-13,PLACED,1,76.32
132157,3,4600,285,East,2026-01-13,PLACED,1,247.11
132157,4,4600,135,East,2026-01-13,PLACED,8,52.01
132158,1,3346,171,North,2026-01-14,PLACED,10,456.22
132159,1,4920,236,North,2026-01-14,PLACED,5,66.51
132160,1,3038,35,North,2026-01-13,PLACED,9,179.57
132160,2,3038,86,North,2026-01-13,PLACED,6,124.52
132160,3,3038,90,North,2026-01-13,PLACED,4,29.13
132160,4,3038,105,North,2026-01-13,PLACED,1,133.06
132160,5,3038,141,North,2026-01-13,PLACED,3,247.17
132160,6,3038,2,North,2026-01-13,PLACED,9,17.82
132160,7,3038,25,North,2026-01-13,PLACED,9,455.49
132160,8,3038,234,North,2026-01-13,PLACED,4,367.62
132160,9,3038,40,North,2026-01-13,PLACED,6,275.98
132161,1,4597,75,North,2026-01-13,PLACED,1,324.88
132162,1,2945,259,North,2026-01-13,PLACED,1,145.14
132162,2,2945,107,North,2026-01-13,PLACED,10,54.89
132162,3,2945,100,North,2026-01-13,PLACED,8,415.82
132162,4,2945,86,North,2026-01-13,PLACED,9,119.42
132162,5,2945,282,North,2026-01-13,PLACED,5,107.11
132162,6,2945,261,North,2026-01-13,PLACED,7,477.58
132162,7,2945,125,North,2026-01-13,PLACED,10,4.96
132163,1,2888,145,North,2026-01-13,PLACED,5,221.29
132164,1,1650,247,Central,2026-01-14,PLACED,3,118.56
132164,2,1650,207,Central,2026-01-14,PLACED,5,214.18
132164,3,1650,174,Central,2026-01-14,PLACED,9,374.29
132164,4,1650,191,Central,2026-01-14,PLACED,4,233.36
132165,1,4998,35,West,2026-01-13,PLACED,8,173.34
132165,2,4998,268,West,2026-01-13,PLACED,8,541.01
132166,1,4172,147,North,2026-01-14,PLACED,7,261.78
132167,1,170,15,West,2026-01-13,PLACED,3,356.75
132168,1,4217,65,East,2026-01-14,PLACED,9,453.88
132169,1,140,173,West,2026-01-14,PLACED,1,233.21
132169,2,140,222,West,2026-01-14,PLACED,7,264.39
132170,1,1318,83,East,2026-01-14,PLACED,8,302.42
132170,2,1318,237,East,2026-01-14,PLACED,2,475.74
132170,3,1318,227,East,2026-01-14,PLACED,5,229.92
132170,4,1318,218,East,2026-01-14,PLACED,5,359.2
132170,5,1318,291,East,2026-01-14,PLACED,10,6.21
132171,1,3340,175,West,2026-01-13,PLACED,5,399.09
132171,2,3340,75,West,2026-01-13,PLACED,3,297.05
132172,1,825,262,Central,2026-01-14,PLACED,5,449.85
132173,1,3033,3,West,2026-01-14,PLACED,7,131.01
132174,1,1015,145,East,2026-01-13,PLACED,6,196.71
132175,1,1712,175,Central,2026-01-13,PLACED,9,437.6
132175,2,1712,44,Central,2026-01-13,PLACED,9,158.36
132175,3,1712,135,Central,2026-01-13,PLACED,6,48.17
132176,1,2481,169,South,2026-01-14,PLACED,6,118.5
132177,1,981,84,South,2026-01-13,PLACED,9,408.76
132177,2,981,255,South,2026-01-13,PLACED,3,466.7
132177,3,981,172,South,2026-01-13,PLACED,8,299.0
132178,1,2708,287,East,2026-01-13,PLACED,5,392.13
132179,1,1677,250,Central,2026-01-13,PLACED,7,163.81
132180,1,4310,98,South,2026-01-13,PLACED,10,273.38
132181,1,4270,107,North,2026-01-13,PLACED,6,58.33
132182,1,2501,201,West,2026-01-13,PLACED,4,497.3
132183,1,760,279,East,2026-01-14,PLACED,1,131.41
132184,1,4166,152,East,2026-01-14,PLACED,10,350.97
132184,2,4166,70,East,2026-01-14,PLACED,2,140.68
132185,1,588,56,South,2026-01-13,PLACED,5,315.93
132186,1,1743,119,West,2026-01-14,PLACED,5,280.15
132187,1,809,233,North,2026-01-14,PLACED,2,319.72
132188,1,1478,122,North,2026-01-14,PLACED,9,289.05
132188,2,1478,219,North,2026-01-14,PLACED,2,74.1
132189,1,4745,205,East,2026-01-13,PLACED,9,265.59
132190,1,464,70,North,2026-01-14,PLACED,6,146.06
132190,2,464,118,North,2026-01-14,PLACED,9,337.11
132190,3,464,103,North,2026-01-14,PLACED,1,318.04
132190,4,464,188,North,2026-01-14,PLACED,2,122.37
132190,5,464,154,North,2026-01-14,PLACED,7,245.08
132191,1,4977,258,West,2026-01-14,PLACED,4,117.04
132192,1,248,245,East,2026-01-14,PLACED,2,96.0
132193,1,4467,153,West,2026-01-14,PLACED,6,222.63
132193,2,4467,300,West,2026-01-14,PLACED,2,471.1
132194,1,1095,256,West,2026-01-13,PLACED,5,521.31
132195,1,1875,180,East,2026-01-13,PLACED,2,245.89
132195,2,1875,114,East,2026-01-13,PLACED,10,100.37
132196,1,3877,153,West,2026-01-13,PLACED,9,208.58
132197,1,4808,218,East,2026-01-13,PLACED,4,355.36
132198,1,4590,150,East,2026-01-14,PLACED,7,165.02
132199,1,1370,69,South,2026-01-13,PLACED,8,161.31
132200,1,2640,262,West,2026-01-14,PLACED,9,438.38
132201,1,4743,86,South,2026-01-14,PLACED,9,116.32
132202,1,3520,60,West,2026-01-13,PLACED,2,174.55
132203,1,1877,248,Central,2026-01-14,PLACED,4,194.4
132203,2,1877,1,Central,2026-01-14,PLACED,7,313.96
132204,1,1822,90,South,2026-01-14,PLACED,10,29.48
132204,2,1822,128,South,2026-01-14,PLACED,5,501.43
132205,1,2167,253,East,2026-01-13,PLACED,1,39.3
132206,1,1579,230,South,2026-01-13,PLACED,6,466.08
132207,1,301,45,East,2026-01-14,PLACED,10,48.19
132208,1,189,85,North,2026-01-13,PLACED,5,185.94
132209,1,1699,127,North,2026-01-13,PLACED,4,14.0
132210,1,1141,104,West,2026-01-13,PLACED,1,265.37
132210,2,1141,58,West,2026-01-13,PLACED,3,332.72
132211,1,2643,2,West,2026-01-13,PLACED,2,18.13
132211,2,2643,92,West,2026-01-13,PLACED,4,287.2
132212,1,1633,115,North,2026-01-14,PLACED,1,485.67
132212,2,1633,275,North,2026-01-14,PLACED,1,69.13
132213,1,4548,77,Central,2026-01-13,PLACED,1,414.28
132214,1,351,4,East,2026-01-14,PLACED,9,115.08
132215,1,211,7,East,2026-01-14,PLACED,9,483.39
132216,1,4402,274,North,2026-01-13,PLACED,8,498.19
132216,2,4402,67,North,2026-01-13,PLACED,3,130.18
132217,1,403,150,West,2026-01-13,PLACED,5,149.01
132218,1,3414,48,South,2026-01-14,PLACED,4,139.56
132219,1,3147,102,West,2026-01-13,PLACED,5,325.68
132220,1,488,222,South,2026-01-14,PLACED,8,266.13
132221,1,2893,199,West,2026-01-13,PLACED,5,464.89
132221,2,2893,126,West,2026-01-13,PLACED,7,174.97
132221,3,2893,132,West,2026-01-13,PLACED,5,34.07
132221,4,2893,17,West,2026-01-13,PLACED,9,115.93
132222,1,1907,212,South,2026-01-14,PLACED,4,377.06
132223,1,4526,157,Central,2026-01-14,PLACED,6,175.83
132224,1,4783,111,Central,2026-01-14,PLACED,10,469.59
132224,2,4783,126,Central,2026-01-14,PLACED,2,151.52
132224,3,4783,9,Central,2026-01-14,PLACED,1,208.9
132224,4,4783,115,Central,2026-01-14,PLACED,10,442.65
132224,5,4783,34,Central,2026-01-14,PLACED,1,529.79
132224,6,4783,244,Central,2026-01-14,PLACED,1,485.84
132224,7,4783,279,Central,2026-01-14,PLACED,8,144.28
132224,8,4783,219,Central,2026-01-14,PLACED,3,76.41
132224,9,4783,188,Central,2026-01-14,PLACED,10,133.77
132224,10,4783,36,Central,2026-01-14,PLACED,3,267.26
132225,1,4171,183,South,2026-01-14,PLACED,1,507.64
132226,1,372,257,East,2026-01-14,PLACED,10,42.73
132227,1,2699,257,North,2026-01-13,PLACED,6,40.03
132228,1,301,217,South,2026-01-14,PLACED,8,269.3
132229,1,4204,239,South,2026-01-13,PLACED,3,275.2
132230,1,2934,230,Central,2026-01-13,PLACED,9,504.15
132231,1,4089,280,Central,2026-01-14,PLACED,7,321.02
132232,1,943,160,West,2026-01-14,PLACED,4,123.58
132233,1,1564,158,West,2026-01-14,PLACED,9,284.85
132233,2,1564,163,West,2026-01-14,PLACED,4,113.59
132234,1,4154,172,Central,2026-01-14,PLACED,1,300.81
132235,1,4955,109,South,2026-01-13,PLACED,1,216.32
132236,1,4853,14,North,2026-01-14,PLACED,6,110.06
132237,1,1525,178,North,2026-01-13,PLACED,9,234.94
132238,1,3532,271,South,2026-01-14,PLACED,8,403.7
132239,1,1115,152,West,2026-01-14,PLACED,7,306.92
132240,1,4568,180,West,2026-01-13,PLACED,2,222.58
132240,2,4568,235,West,2026-01-13,PLACED,3,116.81
132240,3,4568,243,West,2026-01-13,PLACED,10,282.96
132241,1,3386,184,North,2026-01-14,PLACED,8,54.46
132242,1,3420,127,West,2026-01-14,PLACED,2,15.5
132243,1,2507,253,East,2026-01-14,PLACED,5,44.94
132243,2,2507,223,East,2026-01-14,PLACED,3,274.26
132243,3,2507,99,East,2026-01-14,PLACED,9,456.02
132243,4,2507,42,East,2026-01-14,PLACED,5,26.5
132243,5,2507,70,East,2026-01-14,PLACED,4,146.9
132243,6,2507,195,East,2026-01-14,PLACED,7,242.61
132243,7,2507,143,East,2026-01-14,PLACED,5,149.2
132243,8,2507,235,East,2026-01-14,PLACED,5,131.84
132244,1,3197,55,South,2026-01-13,PLACED,7,344.04
132245,1,975,153,North,2026-01-13,PLACED,3,203.83
132246,1,347,49,North,2026-01-14,PLACED,4,330.7
132247,1,2078,28,East,2026-01-13,PLACED,2,51.25
132248,1,3152,36,South,2026-01-13,PLACED,2,286.8
132249,1,1461,178,South,2026-01-13,PLACED,7,202.3
132249,2,1461,175,South,2026-01-13,PLACED,8,438.36
132249,3,1461,33,South,2026-01-13,PLACED,6,267.19
132250,1,3395,300,North,2026-01-13,PLACED,7,417.99
132250,2,3395,125,North,2026-01-13,PLACED,10,5.45
132250,3,3395,14,North,2026-01-13,PLACED,7,111.97
132250,4,3395,6,North,2026-01-13,PLACED,7,319.93
132250,5,3395,252,North,2026-01-13,PLACED,1,360.88
132251,1,4856,229,North,2026-01-14,PLACED,3,86.35
132251,2,4856,187,North,2026-01-14,PLACED,4,432.07
132251,3,4856,38,North,2026-01-14,PLACED,7,325.1
132252,1,2275,247,West,2026-01-14,PLACED,9,128.2
132252,2,2275,31,West,2026-01-14,PLACED,7,391.98
132252,3,2275,16,West,2026-01-14,PLACED,7,291.48
132252,4,2275,91,West,2026-01-14,PLACED,8,55.76
132252,5,2275,276,West,2026-01-14,PLACED,4,67.49
132252,6,2275,24,West,2026-01-14,PLACED,7,80.54
132252,7,2275,284,West,2026-01-14,PLACED,4,127.27
132252,8,2275,300,West,2026-01-14,PLACED,2,482.29
132252,9,2275,167,West,2026-01-14,PLACED,7,129.56
132252,10,2275,294,West,2026-01-14,PLACED,1,144.58
132253,1,1288,29,East,2026-01-13,PLACED,10,382.19
132254,1,1863,125,Central,2026-01-13,PLACED,6,5.31
132255,1,4922,158,East,2026-01-14,PLACED,9,290.84
132255,2,4922,255,East,2026-01-14,PLACED,10,464.37
132255,3,4922,229,East,2026-01-14,PLACED,10,78.11
132256,1,1136,182,South,2026-01-13,PLACED,6,354.55
132257,1,605,236,West,2026-01-14,PLACED,7,65.72
132257,2,605,291,West,2026-01-14,PLACED,2,7.11
132258,1,1203,262,West,2026-01-13,PLACED,6,427.2
132258,2,1203,26,West,2026-01-13,PLACED,9,167.07
132258,3,1203,75,West,2026-01-13,PLACED,9,361.47
132259,1,1576,37,Central,2026-01-14,PLACED,5,377.57
132260,1,2906,57,East,2026-01-13,PLACED,2,89.71
132260,2,2906,81,East,2026-01-13,PLACED,3,280.92
132261,1,2733,294,East,2026-01-14,PLACED,7,143.89
132261,2,2733,89,East,2026-01-14,PLACED,9,50.83
132262,1,1631,192,East,2026-01-13,PLACED,6,153.49
132263,1,3914,176,South,2026-01-14,PLACED,4,91.37
132263,2,3914,43,South,2026-01-14,PLACED,10,111.28
132263,3,3914,199,South,2026-01-14,PLACED,2,524.84
132263,4,3914,251,South,2026-01-14,PLACED,5,171.04
132263,5,3914,259,South,2026-01-14,PLACED,3,138.82
132264,1,2035,194,Central,2026-01-13,PLACED,10,493.14
132265,1,2678,18,West,2026-01-13,PLACED,2,309.9
132265,2,2678,14,West,2026-01-13,PLACED,7,105.57
132266,1,998,69,North,2026-01-14,PLACED,2,159.2
132267,1,2011,180,East,2026-01-13,PLACED,1,215.48
132268,1,2505,82,West,2026-01-14,PLACED,4,139.13
132269,1,1503,292,East,2026-01-14,PLACED,7,396.76
132269,2,1503,279,East,2026-01-14,PLACED,9,140.78
132269,3,1503,110,East,2026-01-14,PLACED,1,469.19
132269,4,1503,45,East,2026-01-14,PLACED,5,40.73
132269,5,1503,148,East,2026-01-14,PLACED,1,381.36
132270,1,2528,53,North,2026-01-14,PLACED,6,135.47
132271,1,3129,160,West,2026-01-14,PLACED,10,124.94
132272,1,2835,24,North,2026-01-14,PLACED,2,90.02
132273,1,3781,156,Central,2026-01-13,PLACED,10,123.3
132274,1,3848,139,North,2026-01-13,PLACED,10,422.22
132274,2,3848,78,North,2026-01-13,PLACED,5,222.62
132275,1,1691,129,North,2026-01-14,PLACED,5,397.14
132275,2,1691,45,North,2026-01-14,PLACED,4,45.09
132276,1,4352,188,Central,2026-01-13,PLACED,6,135.54
132277,1,4218,82,South,2026-01-14,PLACED,8,145.46
132277,2,4218,207,South,2026-01-14,PLACED,10,222.61
132278,1,3851,264,East,2026-01-13,PLACED,8,85.42
132278,2,3851,258,East,2026-01-13,PLACED,4,111.52
132279,1,1507,280,Central,2026-01-13,PLACED,5,326.91
132280,1,3129,287,West,2026-01-14,PLACED,10,414.5
132280,2,3129,78,West,2026-01-14,PLACED,3,236.25
132280,3,3129,196,West,2026-01-14,PLACED,5,455.94
132280,4,3129,118,West,2026-01-14,PLACED,7,332.14
132280,5,3129,116,West,2026-01-14,PLACED,1,441.94
132280,6,3129,293,West,2026-01-14,PLACED,6,294.73
132280,7,3129,69,West,2026-01-14,PLACED,10,175.99
132281,1,2913,160,North,2026-01-13,PLACED,6,123.24
132282,1,3183,152,South,2026-01-13,PLACED,10,304.73
132282,2,3183,4,South,2026-01-13,PLACED,2,109.56
132283,1,1789,30,West,2026-01-14,PLACED,2,283.27
132284,1,367,79,South,2026-01-13,PLACED,2,143.08
132285,1,4992,198,North,2026-01-13,PLACED,2,28.2
132285,2,4992,115,North,2026-01-13,PLACED,6,424.67
132285,3,4992,44,North,2026-01-13,PLACED,10,145.44
132285,4,4992,226,North,2026-01-13,PLACED,10,311.73
132285,5,4992,14,North,2026-01-13,PLACED,6,107.72
132285,6,4992,174,North,2026-01-13,PLACED,10,367.91
132285,7,4992,142,North,2026-01-13,PLACED,3,267.9
132285,8,4992,72,North,2026-01-13,PLACED,2,514.32
132286,1,2132,173,South,2026-01-13,PLACED,8,218.39
132287,1,4618,203,West,2026-01-14,PLACED,10,427.58
132288,1,4771,15,North,2026-01-13,PLACED,5,350.45
132289,1,4377,147,South,2026-01-14,PLACED,6,271.83
132290,1,2585,175,Central,2026-01-14,PLACED,8,387.67
132290,2,2585,86,Central,2026-01-14,PLACED,10,106.41
132291,1,2059,33,Central,2026-01-14,PLACED,9,277.02
132291,2,2059,243,Central,2026-01-14,PLACED,2,257.31
132292,1,2619,252,North,2026-01-14,PLACED,2,386.56
132292,2,2619,215,North,2026-01-14,PLACED,2,519.92
132293,1,1405,86,Central,2026-01-14,PLACED,4,118.31
132293,2,1405,234,Central,2026-01-14,PLACED,4,331.88
132294,1,1134,300,Central,2026-01-13,PLACED,2,424.69
132295,1,2853,34,East,2026-01-13,PLACED,7,475.81
132295,2,2853,39,East,2026-01-13,PLACED,5,445.18
132295,3,2853,30,East,2026-01-13,PLACED,10,301.81
132295,4,2853,280,East,2026-01-13,PLACED,6,304.11
132296,1,2494,167,South,2026-01-14,PLACED,4,114.98
132297,1,603,294,Central,2026-01-14,PLACED,6,123.66
132298,1,1586,246,West,2026-01-14,PLACED,8,351.31
132298,2,1586,250,West,2026-01-14,PLACED,5,151.5
132298,3,1586,194,West,2026-01-14,PLACED,2,489.06
132298,4,1586,48,West,2026-01-14,PLACED,7,140.11
132298,5,1586,232,West,2026-01-14,PLACED,4,90.37
132298,6,1586,41,West,2026-01-14,PLACED,8,332.37
132298,7,1586,17,West,2026-01-14,PLACED,5,123.47
132298,8,1586,197,West,2026-01-14,PLACED,5,276.29
132298,9,1586,124,West,2026-01-14,PLACED,2,293.12
132298,10,1586,174,West,2026-01-14,PLACED,8,373.97
132299,1,4178,189,East,2026-01-13,PLACED,2,101.63
132299,2,4178,251,East,2026-01-13,PLACED,2,155.12
132299,3,4178,280,East,2026-01-13,PLACED,9,289.13
132300,1,4815,39,North,2026-01-13,PLACED,4,424.51
132301,1,4749,73,North,2026-01-14,PLACED,4,465.26
132302,1,4655,214,East,2026-01-14,PLACED,5,215.22
132302,2,4655,126,East,2026-01-14,PLACED,8,172.45
132302,3,4655,19,East,2026-01-14,PLACED,1,401.82
132302,4,4655,39,East,2026-01-14,PLACED,1,420.48
132303,1,2492,143,South,2026-01-13,PLACED,9,138.09
132304,1,1563,40,East,2026-01-13,PLACED,1,266.89
132304,2,1563,179,East,2026-01-13,PLACED,9,234.85
132304,3,1563,294,East,2026-01-13,PLACED,8,141.49
132304,4,1563,223,East,2026-01-13,PLACED,7,247.75
132305,1,2931,235,Central,2026-01-14,PLACED,7,109.53
132306,1,728,185,Central,2026-01-13,PLACED,8,189.67
132307,1,596,100,Central,2026-01-13,PLACED,4,413.49
132307,2,596,195,Central,2026-01-13,PLACED,5,205.59
132307,3,596,230,Central,2026-01-13,PLACED,7,451.04
132307,4,596,204,Central,2026-01-13,PLACED,8,88.63
132307,5,596,143,Central,2026-01-13,PLACED,2,133.79
132308,1,2799,184,South,2026-01-13,PLACED,10,54.85
132308,2,2799,17,South,2026-01-13,PLACED,9,116.36
132308,3,2799,57,South,2026-01-13,PLACED,5,91.33
132308,4,2799,98,South,2026-01-13,PLACED,4,272.37
132309,1,1451,30,East,2026-01-13,PLACED,10,319.75
132309,2,1451,177,East,2026-01-13,PLACED,4,53.71
132309,3,1451,255,East,2026-01-13,PLACED,2,452.51
132309,4,1451,209,East,2026-01-13,PLACED,5,177.29
132309,5,1451,161,East,2026-01-13,PLACED,10,38.97
132309,6,1451,67,East,2026-01-13,PLACED,3,126.6
132309,7,1451,89,East,2026-01-13,PLACED,2,47.36
132310,1,2685,244,South,2026-01-13,PLACED,2,509.55
132311,1,3185,207,South,2026-01-13,PLACED,5,202.85
132311,2,3185,235,South,2026-01-13,PLACED,3,118.42
132311,3,3185,18,South,2026-01-13,PLACED,8,321.8
132312,1,2303,21,North,2026-01-13,PLACED,1,420.66
132313,1,3635,283,Central,2026-01-14,PLACED,2,348.6
132314,1,756,186,South,2026-01-14,PLACED,10,165.39
132315,1,1030,185,West,2026-01-14,PLACED,1,198.51
132316,1,719,120,East,2026-01-14,PLACED,9,84.92
132316,2,719,284,East,2026-01-14,PLACED,4,125.71
132317,1,1214,267,West,2026-01-14,PLACED,1,277.8
132318,1,1505,126,North,2026-01-13,PLACED,4,154.19
132318,2,1505,78,North,2026-01-13,PLACED,4,211.24
132318,3,1505,26,North,2026-01-13,PLACED,6,176.03
132318,4,1505,264,North,2026-01-13,PLACED,1,77.38
132318,5,1505,190,North,2026-01-13,PLACED,4,211.37
132318,6,1505,143,North,2026-01-13,PLACED,6,124.31
132319,1,1885,77,South,2026-01-13,PLACED,4,457.25
132320,1,4484,65,North,2026-01-13,PLACED,4,435.2
132321,1,1160,133,North,2026-01-13,PLACED,5,424.95
132322,1,3017,293,West,2026-01-13,PLACED,6,335.79
132323,1,1518,105,West,2026-01-14,PLACED,9,132.48
132324,1,810,217,East,2026-01-13,PLACED,4,303.33
132324,2,810,137,East,2026-01-13,PLACED,5,39.91
132325,1,3877,184,Central,2026-01-14,PLACED,3,51.94
132326,1,4149,243,North,2026-01-13,PLACED,6,252.27
132327,1,4124,216,East,2026-01-13,PLACED,1,451.98
132328,1,682,109,Central,2026-01-14,PLACED,9,231.82
132329,1,4000,41,South,2026-01-14,PLACED,8,374.5
132330,1,4003,15,South,2026-01-13,PLACED,10,338.63
132330,2,4003,293,South,2026-01-13,PLACED,1,336.2
132331,1,645,56,West,2026-01-14,PLACED,2,282.76
132332,1,1597,278,East,2026-01-14,PLACED,3,292.56
132332,2,1597,132,East,2026-01-14,PLACED,4,36.91
132332,3,1597,282,East,2026-01-14,PLACED,1,110.01
132332,4,1597,192,East,2026-01-14,PLACED,8,140.84
132332,5,1597,257,East,2026-01-14,PLACED,9,42.95
132332,6,1597,82,East,2026-01-14,PLACED,3,133.94
132332,7,1597,57,East,2026-01-14,PLACED,3,82.3
132332,8,1597,207,East,2026-01-14,PLACED,3,202.9
132332,9,1597,221,East,2026-01-14,PLACED,7,513.62
132332,10,1597,93,East,2026-01-14,PLACED,3,369.48
132333,1,3063,21,West,2026-01-13,PLACED,2,435.25
132334,1,3781,51,West,2026-01-14,PLACED,4,188.46
132335,1,4905,81,South,2026-01-13,PLACED,9,292.03
132335,2,4905,187,South,2026-01-13,PLACED,7,423.6
132336,1,3214,119,Central,2026-01-13,PLACED,8,277.02
132337,1,2630,282,North,2026-01-14,PLACED,2,107.93
132338,1,2269,81,Central,2026-01-14,PLACED,7,294.28
132338,2,2269,172,Central,2026-01-14,PLACED,6,278.36
132338,3,2269,61,Central,2026-01-14,PLACED,1,494.21
132338,4,2269,56,Central,2026-01-14,PLACED,7,305.06
132339,1,247,251,West,2026-01-14,PLACED,4,170.96
132340,1,3960,26,East,2026-01-13,PLACED,7,172.77
132341,1,2607,118,East,2026-01-13,PLACED,6,346.01
132341,2,2607,33,East,2026-01-13,PLACED,4,287.1
132342,1,2581,198,North,2026-01-13,PLACED,1,27.69
132343,1,2692,57,South,2026-01-13,PLACED,10,83.24
132344,1,2255,272,South,2026-01-13,PLACED,8,153.85
132344,2,2255,295,South,2026-01-13,PLACED,4,361.58
132345,1,685,164,Central,2026-01-14,PLACED,7,411.75
132346,1,2885,101,West,2026-01-14,PLACED,10,11.53
132347,1,3744,41,South,2026-01-13,PLACED,3,329.71
132348,1,2080,73,South,2026-01-13,PLACED,10,407.37
132348,2,2080,29,South,2026-01-13,PLACED,8,434.37
132348,3,2080,280,South,2026-01-13,PLACED,4,300.49
132348,4,2080,159,South,2026-01-13,PLACED,8,109.92
132348,5,2080,198,South,2026-01-13,PLACED,10,28.6
132349,1,3405,159,West,2026-01-13,PLACED,7,125.53
132350,1,4878,278,South,2026-01-14,PLACED,8,262.47
132350,2,4878,10,South,2026-01-14,PLACED,3,18.09
132350,3,4878,36,South,2026-01-14,PLACED,10,305.46
132350,4,4878,2,South,2026-01-14,PLACED,2,16.47
132350,5,4878,266,South,2026-01-14,PLACED,7,367.22
132351,1,748,235,South,2026-01-14,PLACED,5,120.99
132352,1,2898,271,South,2026-01-13,PLACED,10,439.58
132353,1,4953,183,North,2026-01-13,PLACED,8,481.96
132354,1,3358,96,West,2026-01-13,PLACED,4,211.6
132354,2,3358,97,West,2026-01-13,PLACED,9,498.66
132354,3,3358,267,West,2026-01-13,PLACED,9,294.0
132354,4,3358,155,West,2026-01-13,PLACED,7,62.27
132354,5,3358,197,West,2026-01-13,PLACED,7,282.6
132355,1,1641,294,North,2026-01-13,PLACED,4,135.83
132356,1,1668,48,West,2026-01-14,PLACED,5,130.59
132357,1,3727,261,North,2026-01-13,PLACED,6,472.74
132358,1,3776,163,North,2026-01-14,PLACED,1,127.06
132358,2,3776,278,North,2026-01-14,PLACED,9,260.37
132358,3,3776,217,North,2026-01-14,PLACED,4,262.17
132359,1,1971,210,Central,2026-01-14,PLACED,9,494.69
132359,2,1971,198,Central,2026-01-14,PLACED,7,29.0
132360,1,886,259,North,2026-01-14,PLACED,3,133.77
132361,1,1288,113,East,2026-01-14,PLACED,2,263.53
132362,1,716,102,West,2026-01-13,PLACED,2,396.51
132363,1,565,51,South,2026-01-14,PLACED,6,183.17
132364,1,2926,74,Central,2026-01-13,PLACED,10,156.39
132364,2,2926,75,Central,2026-01-13,PLACED,3,338.6
132364,3,2926,90,Central,2026-01-13,PLACED,1,26.25
132364,4,2926,114,Central,2026-01-13,PLACED,10,101.47
132365,1,3008,6,North,2026-01-13,PLACED,8,316.79
132365,2,3008,155,North,2026-01-13,PLACED,8,64.21
132366,1,2570,141,South,2026-01-13,PLACED,4,255.87
132367,1,2034,107,East,2026-01-13,PLACED,3,56.26
132367,2,2034,11,East,2026-01-13,PLACED,10,106.24
132367,3,2034,210,East,2026-01-13,PLACED,1,531.88
132367,4,2034,13,East,2026-01-13,PLACED,2,19.15
132367,5,2034,129,East,2026-01-13,PLACED,7,449.39
132368,1,4812,131,South,2026-01-13,PLACED,1,141.52
132368,2,4812,149,South,2026-01-13,PLACED,10,102.7
132368,3,4812,266,South,2026-01-13,PLACED,7,366.16
132369,1,1448,134,Central,2026-01-14,PLACED,3,515.51
132370,1,1969,75,South,2026-01-14,PLACED,3,315.52
132371,1,1249,279,East,2026-01-13,PLACED,9,134.01
132372,1,2163,242,Central,2026-01-14,PLACED,2,309.17
132373,1,3085,45,East,2026-01-14,PLACED,10,41.79
132373,2,3085,19,East,2026-01-14,PLACED,1,416.98
132373,3,3085,24,East,2026-01-14,PLACED,6,76.3
132373,4,3085,194,East,2026-01-14,PLACED,4,425.49
132373,5,3085,253,East,2026-01-14,PLACED,2,39.64
132373,6,3085,126,East,2026-01-14,PLACED,9,152.79
132373,7,3085,58,East,2026-01-14,PLACED,2,375.2
132374,1,1930,7,North,2026-01-13,PLACED,7,422.3
132375,1,374,45,North,2026-01-13,PLACED,9,42.5
132375,2,374,176,North,2026-01-13,PLACED,6,91.13
132375,3,374,10,North,2026-01-13,PLACED,8,19.25
132375,4,374,111,North,2026-01-13,PLACED,4,474.05
132376,1,3658,238,North,2026-01-13,PLACED,7,135.94
132377,1,2330,230,North,2026-01-14,PLACED,8,495.3
132378,1,3914,160,Central,2026-01-13,PLACED,3,109.07
132379,1,4871,110,South,2026-01-14,PLACED,4,445.22
132379,2,4871,206,South,2026-01-14,PLACED,3,121.81
132380,1,1764,200,West,2026-01-13,PLACED,3,423.37
132381,1,3655,21,Central,2026-01-14,PLACED,8,417.41
132382,1,3503,155,South,2026-01-14,PLACED,10,69.86
132383,1,2011,128,West,2026-01-13,PLACED,7,435.08
132384,1,3740,7,Central,2026-01-14,PLACED,4,478.84
132385,1,1277,157,South,2026-01-13,PLACED,6,171.46
132385,2,1277,168,South,2026-01-13,PLACED,9,308.29
132386,1,1722,85,East,2026-01-13,PLACED,7,203.21
132387,1,2327,72,East,2026-01-13,PLACED,2,500.75
132388,1,1704,196,East,2026-01-14,PLACED,5,399.64
132389,1,1788,143,South,2026-01-13,PLACED,4,142.79
132390,1,3896,231,West,2026-01-14,PLACED,7,43.08
132391,1,3826,74,West,2026-01-14,PLACED,10,155.3
132392,1,1353,268,South,2026-01-14,PLACED,4,516.22
132392,2,1353,30,South,2026-01-14,PLACED,7,302.64
132393,1,2993,179,Central,2026-01-13,PLACED,10,207.48
132393,2,2993,102,Central,2026-01-13,PLACED,5,368.38
132394,1,3087,296,North,2026-01-13,PLACED,9,296.87
132394,2,3087,105,North,2026-01-13,PLACED,8,141.09
132395,1,3866,116,Central,2026-01-14,PLACED,7,397.13
132396,1,1602,234,South,2026-01-13,PLACED,10,330.08
132396,2,1602,247,South,2026-01-13,PLACED,8,117.62
132396,3,1602,121,South,2026-01-13,PLACED,1,378.46
132396,4,1602,47,South,2026-01-13,PLACED,8,50.62
132396,5,1602,235,South,2026-01-13,PLACED,6,116.27
132396,6,1602,191,South,2026-01-13,PLACED,2,194.44
132396,7,1602,253,South,2026-01-13,PLACED,3,40.49
132396,8,1602,286,South,2026-01-13,PLACED,9,486.37
132396,9,1602,45,South,2026-01-13,PLACED,9,47.07
132396,10,1602,112,South,2026-01-13,PLACED,6,131.36
132397,1,3480,234,East,2026-01-14,PLACED,3,312.56
132398,1,4579,193,West,2026-01-14,PLACED,10,141.38
132399,1,1393,201,South,2026-01-14,PLACED,6,477.77
132400,1,872,133,Central,2026-01-13,PLACED,10,472.28
132401,1,620,31,Central,2026-01-13,PLACED,5,371.87
132402,1,1107,173,North,2026-01-13,PLACED,2,228.22
132402,2,1107,130,North,2026-01-13,PLACED,9,384.62
132403,1,3960,186,Central,2026-01-13,PLACED,10,183.83
132404,1,2513,231,East,2026-01-13,PLACED,3,45.62
132405,1,4161,171,North,2026-01-14,PLACED,10,426.0
132406,1,2286,79,South,2026-01-14,PLACED,3,136.46
132407,1,2641,168,Central,2026-01-14,PLACED,8,320.18
132408,1,2778,128,West,2026-01-13,PLACED,7,501.77
132409,1,4517,193,East,2026-01-14,PLACED,1,128.93
132409,2,4517,292,East,2026-01-14,PLACED,1,392.62
132410,1,4789,259,North,2026-01-14,PLACED,2,133.55
132411,1,3800,35,South,2026-01-13,PLACED,10,188.26
132411,2,3800,42,South,2026-01-13,PLACED,5,28.72
132411,3,3800,132,South,2026-01-13,PLACED,5,30.96
132411,4,3800,235,South,2026-01-13,PLACED,8,131.41
132412,1,275,300,East,2026-01-13,PLACED,5,450.88
132413,1,2838,188,West,2026-01-14,PLACED,8,131.16
132414,1,4713,14,South,2026-01-14,PLACED,2,98.92
132415,1,2139,171,North,2026-01-14,PLACED,5,426.8
132416,1,2957,237,West,2026-01-13,PLACED,10,436.44
132416,2,2957,57,West,2026-01-13,PLACED,2,92.47
132416,3,2957,197,West,2026-01-13,PLACED,3,297.86
132416,4,2957,179,West,2026-01-13,PLACED,3,215.37
132416,5,2957,166,West,2026-01-13,PLACED,8,37.24
132417,1,1008,114,Central,2026-01-13,PLACED,3,92.13
132418,1,4482,299,Central,2026-01-13,PLACED,4,40.84
132419,1,2830,107,West,2026-01-13,PLACED,1,56.03
132420,1,1628,78,West,2026-01-13,PLACED,5,236.65
132420,2,1628,162,West,2026-01-13,PLACED,10,338.76
132420,3,1628,207,West,2026-01-13,PLACED,2,218.89
132421,1,3148,64,East,2026-01-14,PLACED,10,339.5
132422,1,3550,262,Central,2026-01-14,PLACED,4,462.61
132423,1,3472,290,Central,2026-01-13,PLACED,3,136.32
132423,2,3472,230,Central,2026-01-13,PLACED,7,487.16
132423,3,3472,172,Central,2026-01-13,PLACED,1,292.59
132423,4,3472,75,Central,2026-01-13,PLACED,1,339.46
132423,5,3472,258,Central,2026-01-13,PLACED,9,114.13
132424,1,2276,63,West,2026-01-14,PLACED,5,278.96
132425,1,2458,36,East,2026-01-13,PLACED,8,256.38
132426,1,4558,25,West,2026-01-14,PLACED,5,437.64
132427,1,4227,95,South,2026-01-13,PLACED,9,36.58
132427,2,4227,207,South,2026-01-13,PLACED,5,213.74
132428,1,3648,155,East,2026-01-13,PLACED,10,65.52
132429,1,4811,295,Central,2026-01-14,PLACED,9,395.77
132430,1,4500,277,West,2026-01-14,PLACED,5,58.04
132431,1,3060,165,West,2026-01-13,PLACED,2,398.26
132431,2,3060,105,West,2026-01-13,PLACED,5,132.99
132431,3,3060,81,West,2026-01-13,PLACED,6,275.66
132432,1,1995,224,West,2026-01-14,PLACED,2,342.52
132433,1,2176,273,North,2026-01-14,PLACED,9,339.48
132434,1,3343,55,South,2026-01-13,PLACED,4,304.34
132434,2,3343,59,South,2026-01-13,PLACED,9,88.29
132434,3,3343,258,South,2026-01-13,PLACED,8,120.17
132434,4,3343,172,South,2026-01-13,PLACED,4,301.51
132434,5,3343,5,South,2026-01-13,PLACED,7,344.31
132434,6,3343,167,South,2026-01-13,PLACED,1,121.62
132434,7,3343,187,South,2026-01-13,PLACED,8,401.52
132434,8,3343,219,South,2026-01-13,PLACED,6,87.17
132434,9,3343,300,South,2026-01-13,PLACED,8,434.9
132434,10,3343,61,South,2026-01-13,PLACED,7,477.99
132435,1,3961,129,North,2026-01-14,PLACED,10,410.32
132436,1,4597,161,South,2026-01-14,PLACED,7,39.07
132437,1,1425,294,East,2026-01-13,PLACED,5,128.98
132438,1,4171,288,East,2026-01-14,PLACED,2,46.76
132438,2,4171,74,East,2026-01-14,PLACED,2,154.06
132439,1,3856,16,North,2026-01-14,PLACED,8,248.67
132440,1,3490,88,West,2026-01-14,PLACED,2,239.68
132440,2,3490,222,West,2026-01-14,PLACED,10,296.89
132440,3,3490,49,West,2026-01-14,PLACED,9,343.59
132440,4,3490,217,West,2026-01-14,PLACED,5,266.88
132441,1,2144,174,East,2026-01-13,PLACED,2,390.33
132442,1,290,266,East,2026-01-14,PLACED,8,350.93
132442,2,290,159,East,2026-01-14,PLACED,1,107.34
132442,3,290,56,East,2026-01-14,PLACED,9,298.99
132442,4,290,16,East,2026-01-14,PLACED,4,282.69
132442,5,290,201,East,2026-01-14,PLACED,10,497.14
132443,1,4817,102,Central,2026-01-14,PLACED,3,395.3
132444,1,3289,292,Central,2026-01-14,PLACED,2,397.2
132445,1,1406,92,East,2026-01-13,PLACED,1,307.48
132446,1,4763,90,Central,2026-01-14,PLACED,9,29.09
132447,1,74,117,Central,2026-01-13,PLACED,4,167.73
132448,1,3358,269,South,2026-01-13,PLACED,8,358.49
132449,1,1852,43,North,2026-01-13,PLACED,7,123.92
132449,2,1852,27,North,2026-01-13,PLACED,1,45.98
132449,3,1852,299,North,2026-01-13,PLACED,3,39.72
132450,1,1919,166,South,2026-01-13,PLACED,1,36.39
132450,2,1919,111,South,2026-01-13,PLACED,8,467.35
132450,3,1919,52,South,2026-01-13,PLACED,5,115.95
132450,4,1919,245,South,2026-01-13,PLACED,4,104.6
132450,5,1919,39,South,2026-01-13,PLACED,3,454.12
132450,6,1919,190,South,2026-01-13,PLACED,5,245.21
132450,7,1919,193,South,2026-01-13,PLACED,6,139.72
132450,8,1919,89,South,2026-01-13,PLACED,8,46.02
132450,9,1919,54,South,2026-01-13,PLACED,2,468.31
132450,10,1919,295,South,2026-01-13,PLACED,7,379.54
132451,1,2657,32,North,2026-01-13,PLACED,3,394.34
132452,1,4977,270,West,2026-01-13,PLACED,3,9.38
132453,1,177,65,Central,2026-01-14,PLACED,6,419.8
132454,1,4035,110,South,2026-01-13,PLACED,8,468.99
132455,1,4453,191,North,2026-01-13,PLACED,3,217.2
132456,1,4348,147,Central,2026-01-14,PLACED,8,264.87
132457,1,1485,278,West,2026-01-14,PLACED,4,268.44
132458,1,2654,50,South,2026-01-13,PLACED,5,173.57
132458,2,2654,212,South,2026-01-13,PLACED,2,375.89
132459,1,3569,89,North,2026-01-14,PLACED,3,50.03
132459,2,3569,139,North,2026-01-14,PLACED,8,422.39
132459,3,3569,174,North,2026-01-14,PLACED,2,419.15
132459,4,3569,146,North,2026-01-14,PLACED,3,109.52
132459,5,3569,273,North,2026-01-14,PLACED,3,354.15
132459,6,3569,78,North,2026-01-14,PLACED,4,227.54
132459,7,3569,192,North,2026-01-14,PLACED,3,145.54
132459,8,3569,282,North,2026-01-14,PLACED,3,111.73
132459,9,3569,17,North,2026-01-14,PLACED,4,112.95
132459,10,3569,145,North,2026-01-14,PLACED,4,198.03
132460,1,636,277,North,2026-01-13,PLACED,9,59.16
132461,1,4914,179,East,2026-01-13,PLACED,1,228.04
132462,1,3889,30,East,2026-01-14,PLACED,9,303.75
132463,1,2263,73,North,2026-01-13,PLACED,9,471.84
132464,1,3936,220,Central,2026-01-14,PLACED,3,154.95
132465,1,1013,206,Central,2026-01-13,PLACED,2,119.7
132465,2,1013,201,Central,2026-01-13,PLACED,6,515.05
132466,1,803,64,North,2026-01-14,PLACED,7,315.25
132467,1,3678,141,Central,2026-01-13,PLACED,4,261.56
132468,1,2025,275,East,2026-01-13,PLACED,3,75.6
132469,1,338,34,East,2026-01-14,PLACED,1,483.98
132470,1,3787,278,South,2026-01-13,PLACED,2,268.02
132470,2,3787,296,South,2026-01-13,PLACED,5,255.33
132470,3,3787,206,South,2026-01-13,PLACED,1,110.98
132470,4,3787,74,South,2026-01-13,PLACED,10,157.53
132470,5,3787,269,South,2026-01-13,PLACED,2,339.0
132470,6,3787,71,South,2026-01-13,PLACED,10,99.56
132470,7,3787,254,South,2026-01-13,PLACED,5,251.27
132470,8,3787,172,South,2026-01-13,PLACED,4,281.63
132470,9,3787,101,South,2026-01-13,PLACED,9,10.63
132470,10,3787,114,South,2026-01-13,PLACED,10,89.26
132471,1,2779,92,East,2026-01-14,PLACED,2,325.94
132472,1,4428,93,Central,2026-01-13,PLACED,5,372.85
132472,2,4428,226,Central,2026-01-13,PLACED,6,278.09
132472,3,4428,129,Central,2026-01-13,PLACED,10,452.94
132472,4,4428,29,Central,2026-01-13,PLACED,5,382.49
132472,5,4428,52,Central,2026-01-13,PLACED,3,104.78
132472,6,4428,294,Central,2026-01-13,PLACED,1,130.11
132472,7,4428,208,Central,2026-01-13,PLACED,3,33.66
132473,1,1629,196,Central,2026-01-14,PLACED,7,444.27
132473,2,1629,93,Central,2026-01-14,PLACED,3,425.93
132474,1,4329,258,West,2026-01-14,PLACED,8,113.3
132475,1,4511,135,Central,2026-01-13,PLACED,6,44.13
132475,2,4511,205,Central,2026-01-13,PLACED,6,250.69
132476,1,457,257,Central,2026-01-13,PLACED,2,38.19
132477,1,3552,233,South,2026-01-14,PLACED,6,285.38
132478,1,3123,177,Central,2026-01-13,PLACED,6,58.16
132479,1,2987,79,East,2026-01-13,PLACED,6,124.24
132479,2,2987,101,East,2026-01-13,PLACED,9,11.15
132480,1,3560,7,West,2026-01-14,PLACED,9,481.04
132481,1,3050,279,Central,2026-01-14,PLACED,9,140.14
132481,2,3050,60,Central,2026-01-14,PLACED,8,204.29
132481,3,3050,233,Central,2026-01-14,PLACED,1,274.98
132481,4,3050,212,Central,2026-01-14,PLACED,8,424.49
132482,1,905,137,South,2026-01-14,PLACED,9,41.86
132483,1,763,111,East,2026-01-14,PLACED,5,415.29
132483,2,763,284,East,2026-01-14,PLACED,6,145.14
132483,3,763,222,East,2026-01-14,PLACED,7,292.91
132483,4,763,288,East,2026-01-14,PLACED,1,51.49
132483,5,763,81,East,2026-01-14,PLACED,10,299.98
132483,6,763,76,East,2026-01-14,PLACED,6,210.65
132483,7,763,286,East,2026-01-14,PLACED,1,475.46
132483,8,763,229,East,2026-01-14,PLACED,5,83.1
132484,1,365,286,South,2026-01-13,PLACED,6,497.63
132484,2,365,37,South,2026-01-13,PLACED,6,456.85
132484,3,365,90,South,2026-01-13,PLACED,4,28.62
132484,4,365,222,South,2026-01-13,PLACED,6,292.75
132484,5,365,244,South,2026-01-13,PLACED,2,494.13
132484,6,365,69,South,2026-01-13,PLACED,4,171.23
132484,7,365,285,South,2026-01-13,PLACED,1,250.92
132484,8,365,158,South,2026-01-13,PLACED,5,317.29
132484,9,365,279,South,2026-01-13,PLACED,7,142.55
132485,1,4604,213,North,2026-01-14,PLACED,6,218.22
132486,1,2195,293,South,2026-01-14,PLACED,4,350.54
132487,1,3968,172,South,2026-01-13,PLACED,4,294.77
132487,2,3968,160,South,2026-01-13,PLACED,3,110.3
132487,3,3968,114,South,2026-01-13,PLACED,5,96.56
132487,4,3968,181,South,2026-01-13,PLACED,7,333.79
132487,5,3968,111,South,2026-01-13,PLACED,3,408.08
132487,6,3968,86,South,2026-01-13,PLACED,2,115.91
132487,7,3968,101,South,2026-01-13,PLACED,7,9.85
132487,8,3968,256,South,2026-01-13,PLACED,8,488.7
132487,9,3968,134,South,2026-01-13,PLACED,8,494.15
132487,10,3968,97,South,2026-01-13,PLACED,5,463.23
132488,1,2696,237,Central,2026-01-14,PLACED,2,477.82
132489,1,1698,267,West,2026-01-14,PLACED,8,330.47
132490,1,1444,214,West,2026-01-13,PLACED,4,233.77
132491,1,4309,248,East,2026-01-13,PLACED,2,193.83
132492,1,2952,136,North,2026-01-14,PLACED,3,263.51
132493,1,4268,236,South,2026-01-13,PLACED,10,68.33
132493,2,4268,144,South,2026-01-13,PLACED,7,479.42
132494,1,159,86,North,2026-01-14,PLACED,1,116.98
132495,1,804,73,Central,2026-01-13,PLACED,8,431.79
132495,2,804,103,Central,2026-01-13,PLACED,3,344.64
132495,3,804,102,Central,2026-01-13,PLACED,5,336.34
132495,4,804,44,Central,2026-01-13,PLACED,8,157.78
132495,5,804,290,Central,2026-01-13,PLACED,5,141.66
132495,6,804,209,Central,2026-01-13,PLACED,7,191.28
132495,7,804,223,Central,2026-01-13,PLACED,5,286.41
132495,8,804,24,Central,2026-01-13,PLACED,10,85.85
132495,9,804,105,Central,2026-01-13,PLACED,10,138.82
132495,10,804,52,Central,2026-01-13,PLACED,6,112.46
132496,1,2589,256,South,2026-01-14,PLACED,7,545.03
132497,1,2235,251,West,2026-01-14,PLACED,6,175.34
132498,1,3928,209,South,2026-01-14,PLACED,10,183.78
132499,1,4559,283,South,2026-01-13,PLACED,5,313.29
132500,1,4469,107,North,2026-01-14,PLACED,7,56.45
132501,1,3849,39,Central,2026-01-13,PLACED,6,431.77
132501,2,3849,211,Central,2026-01-13,PLACED,3,128.07
132502,1,3674,51,South,2026-01-13,PLACED,7,172.23
132503,1,1994,283,Central,2026-01-14,PLACED,5,322.13
132504,1,4600,290,Central,2026-01-14,PLACED,8,149.25
132504,2,4600,165,Central,2026-01-14,PLACED,7,438.41
132504,3,4600,54,Central,2026-01-14,PLACED,10,477.3
132504,4,4600,89,Central,2026-01-14,PLACED,6,48.57
132505,1,4785,238,East,2026-01-13,PLACED,9,134.89
132506,1,2533,62,North,2026-01-14,PLACED,6,324.44
132507,1,4567,177,Central,2026-01-13,PLACED,9,50.34
132508,1,229,14,South,2026-01-13,PLACED,4,95.22
132509,1,4899,227,South,2026-01-14,PLACED,3,251.65
132510,1,724,168,East,2026-01-14,PLACED,4,304.29
132511,1,3357,131,East,2026-01-14,PLACED,4,171.65
132511,2,3357,172,East,2026-01-14,PLACED,9,314.41
132512,1,1220,89,Central,2026-01-13,PLACED,8,51.06
132513,1,377,225,East,2026-01-13,PLACED,4,32.74
132514,1,4281,137,Central,2026-01-13,PLACED,4,41.57
132515,1,1194,245,South,2026-01-14,PLACED,7,115.02
132516,1,4975,169,West,2026-01-14,PLACED,2,107.15
132516,2,4975,114,West,2026-01-14,PLACED,4,99.08
132517,1,1031,72,East,2026-01-13,PLACED,3,490.92
132518,1,4571,262,Central,2026-01-14,PLACED,4,478.74
132519,1,3187,108,South,2026-01-13,PLACED,7,220.0
132519,2,3187,146,South,2026-01-13,PLACED,4,118.45
132519,3,3187,96,South,2026-01-13,PLACED,4,207.06
132519,4,3187,246,South,2026-01-13,PLACED,5,354.4
132519,5,3187,152,South,2026-01-13,PLACED,10,358.55
132519,6,3187,218,South,2026-01-13,PLACED,5,359.46
132519,7,3187,79,South,2026-01-13,PLACED,1,143.43
132519,8,3187,89,South,2026-01-13,PLACED,8,49.97
132519,9,3187,288,South,2026-01-13,PLACED,8,48.26
132520,1,2666,232,East,2026-01-13,PLACED,9,99.1
132521,1,2982,92,Central,2026-01-14,PLACED,5,306.92
132522,1,1636,5,East,2026-01-14,PLACED,1,337.73
132522,2,1636,84,East,2026-01-14,PLACED,10,407.43
132522,3,1636,95,East,2026-01-14,PLACED,4,39.43
132522,4,1636,241,East,2026-01-14,PLACED,5,207.04
132522,5,1636,146,East,2026-01-14,PLACED,9,117.12
132522,6,1636,27,East,2026-01-14,PLACED,2,49.01
132522,7,1636,1,East,2026-01-14,PLACED,1,307.39
132522,8,1636,28,East,2026-01-14,PLACED,5,56.66
132523,1,2829,133,West,2026-01-13,PLACED,2,450.24
132524,1,195,271,South,2026-01-14,PLACED,10,393.1
132524,2,195,198,South,2026-01-14,PLACED,7,28.21
132524,3,195,289,South,2026-01-14,PLACED,4,199.97
132524,4,195,193,South,2026-01-14,PLACED,8,116.92
132524,5,195,266,South,2026-01-14,PLACED,6,387.55
132524,6,195,60,South,2026-01-14,PLACED,9,178.24
132524,7,195,100,South,2026-01-14,PLACED,8,410.07
132524,8,195,299,South,2026-01-14,PLACED,2,38.9
132525,1,1020,118,Central,2026-01-14,PLACED,1,345.01
132526,1,1863,47,Central,2026-01-13,PLACED,5,54.11
132527,1,2551,235,Central,2026-01-13,PLACED,3,123.39
132528,1,1295,213,West,2026-01-14,PLACED,2,252.77
132529,1,4287,140,East,2026-01-13,PLACED,10,70.73
132530,1,4907,286,East,2026-01-13,PLACED,10,483.14
132531,1,3850,87,East,2026-01-14,PLACED,6,453.21
132532,1,2336,180,East,2026-01-14,PLACED,10,221.07
132533,1,532,88,South,2026-01-13,PLACED,3,261.42
132534,1,2137,202,North,2026-01-14,PLACED,6,425.54
132535,1,2976,146,East,2026-01-14,PLACED,5,100.27
132536,1,1629,166,North,2026-01-13,PLACED,3,37.21
132537,1,3130,3,North,2026-01-14,PLACED,8,130.09
132538,1,3461,184,Central,2026-01-13,PLACED,6,57.54
132538,2,3461,233,Central,2026-01-13,PLACED,1,316.2
132539,1,1503,94,South,2026-01-14,PLACED,3,208.91
132540,1,3235,41,Central,2026-01-13,PLACED,10,348.15
132541,1,675,94,South,2026-01-14,PLACED,9,205.45
132542,1,3828,145,South,2026-01-14,PLACED,7,228.13
132542,2,3828,20,South,2026-01-14,PLACED,7,7.91
132543,1,1091,36,East,2026-01-13,PLACED,7,252.45
132544,1,2305,73,East,2026-01-14,PLACED,5,459.5
132544,2,2305,224,East,2026-01-14,PLACED,3,405.13
132545,1,2583,107,West,2026-01-14,PLACED,7,61.02
132546,1,252,216,East,2026-01-13,PLACED,7,528.79
132547,1,3175,199,North,2026-01-13,PLACED,1,549.36
132547,2,3175,243,North,2026-01-13,PLACED,7,249.62
132547,3,3175,109,North,2026-01-13,PLACED,1,209.68
132547,4,3175,170,North,2026-01-13,PLACED,7,70.32
132547,5,3175,300,North,2026-01-13,PLACED,10,479.65
132548,1,4110,174,South,2026-01-14,PLACED,8,389.54
132549,1,950,178,North,2026-01-13,PLACED,2,205.55
132549,2,950,110,North,2026-01-13,PLACED,4,439.12
132549,3,950,117,North,2026-01-13,PLACED,5,160.94
132549,4,950,244,North,2026-01-13,PLACED,8,455.13
132549,5,950,29,North,2026-01-13,PLACED,1,419.85
132549,6,950,47,North,2026-01-13,PLACED,8,57.44
132550,1,1023,24,South,2026-01-13,PLACED,10,85.14
132551,1,734,134,North,2026-01-14,PLACED,9,505.45
132551,2,734,55,North,2026-01-14,PLACED,6,312.51
132552,1,4979,78,South,2026-01-14,PLACED,5,232.33
132553,1,3890,65,East,2026-01-14,PLACED,7,450.58
132554,1,1960,213,Central,2026-01-13,PLACED,2,226.99
132555,1,2093,240,West,2026-01-14,PLACED,7,298.0
132555,2,2093,250,West,2026-01-14,PLACED,7,140.22
132556,1,95,284,West,2026-01-13,PLACED,2,134.79
132557,1,4440,200,Central,2026-01-13,PLACED,3,384.25
132558,1,4705,159,Central,2026-01-14,PLACED,9,109.37
132558,2,4705,216,Central,2026-01-14,PLACED,7,506.12
132558,3,4705,135,Central,2026-01-14,PLACED,4,45.46
132558,4,4705,37,Central,2026-01-14,PLACED,9,419.23
132558,5,4705,248,Central,2026-01-14,PLACED,3,187.16
132558,6,4705,150,Central,2026-01-14,PLACED,1,144.53
132559,1,3660,183,Central,2026-01-13,PLACED,3,493.79
132560,1,68,193,East,2026-01-14,PLACED,9,136.84
132561,1,955,22,South,2026-01-14,PLACED,6,326.27
132561,2,955,287,South,2026-01-14,PLACED,7,390.89
132561,3,955,66,South,2026-01-14,PLACED,2,422.61
132561,4,955,67,South,2026-01-14,PLACED,3,126.3
132561,5,955,104,South,2026-01-14,PLACED,5,265.23
132562,1,4417,213,West,2026-01-14,PLACED,7,236.34
132562,2,4417,165,West,2026-01-14,PLACED,9,471.19
132563,1,2616,48,South,2026-01-14,PLACED,7,149.56
132564,1,826,205,South,2026-01-14,PLACED,6,241.11
132565,1,1151,70,Central,2026-01-14,PLACED,6,134.09
132566,1,16,110,Central,2026-01-14,PLACED,3,479.01
132567,1,307,124,South,2026-01-14,PLACED,5,251.6
132568,1,2520,52,Central,2026-01-14,PLACED,9,119.1
132569,1,4812,157,North,2026-01-14,PLACED,3,176.97
132570,1,4439,239,West,2026-01-14,PLACED,8,292.34
132570,2,4439,217,West,2026-01-14,PLACED,8,295.92
132571,1,330,16,West,2026-01-14,PLACED,8,301.47
132571,2,330,189,West,2026-01-14,PLACED,10,108.51
132571,3,330,272,West,2026-01-14,PLACED,9,140.12
132572,1,1681,10,West,2026-01-14,PLACED,3,19.0
132572,2,1681,269,West,2026-01-14,PLACED,10,313.7
132572,3,1681,283,West,2026-01-14,PLACED,10,335.97
132572,4,1681,94,West,2026-01-14,PLACED,7,213.79
132572,5,1681,279,West,2026-01-14,PLACED,1,149.96
132573,1,2476,5,West,2026-01-14,PLACED,8,402.24
132574,1,4712,274,West,2026-01-14,PLACED,6,486.46
132575,1,4665,5,South,2026-01-14,PLACED,3,403.31
132575,2,4665,218,South,2026-01-14,PLACED,8,338.12
132575,3,4665,40,South,2026-01-14,PLACED,4,306.99
132575,4,4665,5,South,2026-01-14,PLACED,5,401.97
132576,1,1431,300,East,2026-01-14,PLACED,3,473.09
132576,2,1431,260,East,2026-01-14,PLACED,9,506.94
132577,1,3897,209,South,2026-01-13,PLACED,2,204.14
132578,1,4904,286,Central,2026-01-13,PLACED,1,434.9
132578,2,4904,268,Central,2026-01-13,PLACED,9,479.42
132578,3,4904,288,Central,2026-01-13,PLACED,7,48.22
132579,1,588,298,East,2026-01-13,PLACED,8,10.36
132579,2,588,2,East,2026-01-13,PLACED,5,16.92
132579,3,588,47,East,2026-01-13,PLACED,9,59.84
132579,4,588,90,East,2026-01-13,PLACED,9,28.21
132580,1,630,46,East,2026-01-13,PLACED,6,120.24
132581,1,4317,217,East,2026-01-14,PLACED,1,279.18
132581,2,4317,153,East,2026-01-14,PLACED,5,230.02
132581,3,4317,239,East,2026-01-14,PLACED,6,326.82
132582,1,4257,9,Central,2026-01-14,PLACED,4,205.2
132582,2,4257,222,Central,2026-01-14,PLACED,4,274.44
132583,1,3635,58,West,2026-01-13,PLACED,8,374.71
132583,2,3635,221,West,2026-01-13,PLACED,8,523.58
132583,3,3635,2,West,2026-01-13,PLACED,4,18.92
132583,4,3635,27,West,2026-01-13,PLACED,9,46.41
132584,1,64,91,West,2026-01-13,PLACED,10,54.15
132585,1,605,27,West,2026-01-13,PLACED,8,53.82
132586,1,4751,153,West,2026-01-14,PLACED,1,200.75
132586,2,4751,300,West,2026-01-14,PLACED,7,407.73
132586,3,4751,120,West,2026-01-14,PLACED,3,81.14
132586,4,4751,215,West,2026-01-14,PLACED,8,499.45
132586,5,4751,117,West,2026-01-14,PLACED,4,161.14
132586,6,4751,73,West,2026-01-14,PLACED,3,460.15
132586,7,4751,237,West,2026-01-14,PLACED,2,448.44
132586,8,4751,276,West,2026-01-14,PLACED,10,68.19
132586,9,4751,55,West,2026-01-14,PLACED,9,344.52
132586,10,4751,245,West,2026-01-14,PLACED,10,99.1
132587,1,4797,52,West,2026-01-13,PLACED,9,100.59
132587,2,4797,101,West,2026-01-13,PLACED,6,11.44
132588,1,3071,257,West,2026-01-13,PLACED,6,43.29
132588,2,3071,207,West,2026-01-13,PLACED,6,220.42
132588,3,3071,24,West,2026-01-13,PLACED,2,88.26
132588,4,3071,6,West,2026-01-13,PLACED,6,351.58
132589,1,2630,265,North,2026-01-13,PLACED,10,389.13
132590,1,3848,83,Central,2026-01-13,PLACED,3,296.67
132591,1,1683,57,South,2026-01-13,PLACED,4,89.74
132591,2,1683,287,South,2026-01-13,PLACED,3,428.13
132592,1,2773,184,West,2026-01-14,PLACED,2,52.05
132592,2,2773,219,West,2026-01-14,PLACED,4,76.88
132592,3,2773,138,West,2026-01-14,PLACED,4,362.95
132592,4,2773,61,West,2026-01-14,PLACED,8,523.9
132593,1,2282,287,East,2026-01-14,PLACED,7,452.65
132594,1,3259,257,East,2026-01-14,PLACED,4,45.2
132595,1,3402,295,Central,2026-01-13,PLACED,5,341.2
132595,2,3402,143,Central,2026-01-13,PLACED,2,149.06
132595,3,3402,99,Central,2026-01-13,PLACED,6,528.58
132595,4,3402,246,Central,2026-01-13,PLACED,10,324.53
132595,5,3402,276,Central,2026-01-13,PLACED,1,66.61
132596,1,190,156,North,2026-01-13,PLACED,7,113.92
132597,1,3428,176,East,2026-01-13,PLACED,7,92.37
132597,2,3428,286,East,2026-01-13,PLACED,1,461.64
132597,3,3428,109,East,2026-01-13,PLACED,6,237.76
132598,1,1764,170,East,2026-01-14,PLACED,1,73.72
132599,1,4800,294,North,2026-01-14,PLACED,3,146.7
132599,2,4800,175,North,2026-01-14,PLACED,7,400.2
132599,3,4800,110,North,2026-01-14,PLACED,5,431.1
132599,4,4800,57,North,2026-01-14,PLACED,5,93.14
132599,5,4800,76,North,2026-01-14,PLACED,4,206.92
132599,6,4800,178,North,2026-01-14,PLACED,9,207.48
132599,7,4800,149,North,2026-01-14,PLACED,1,97.58
132599,8,4800,1,North,2026-01-14,PLACED,9,336.18
132599,9,4800,57,North,2026-01-14,PLACED,7,94.49
132600,1,1841,238,South,2026-01-13,PLACED,2,120.25
132601,1,3834,268,Central,2026-01-14,PLACED,9,451.42
132602,1,2969,135,East,2026-01-14,PLACED,8,51.09
132603,1,2657,145,South,2026-01-13,PLACED,10,204.99
132604,1,2592,103,West,2026-01-13,PLACED,2,311.78
132604,2,2592,38,West,2026-01-13,PLACED,4,339.42
132604,3,2592,182,West,2026-01-13,PLACED,10,315.49
132604,4,2592,224,West,2026-01-13,PLACED,7,348.15
132604,5,2592,232,West,2026-01-13,PLACED,10,96.68
132604,6,2592,19,West,2026-01-13,PLACED,1,440.27
132604,7,2592,121,West,2026-01-13,PLACED,10,394.76
132605,1,4845,38,East,2026-01-14,PLACED,5,314.82
132605,2,4845,247,East,2026-01-14,PLACED,3,115.0
132606,1,785,290,South,2026-01-13,PLACED,8,135.05
132606,2,785,171,South,2026-01-13,PLACED,3,470.43
132607,1,2247,59,South,2026-01-14,PLACED,6,84.8
132608,1,3134,74,West,2026-01-14,PLACED,9,170.95
132608,2,3134,55,West,2026-01-14,PLACED,7,349.8
132608,3,3134,44,West,2026-01-14,PLACED,8,153.74
132608,4,3134,298,West,2026-01-14,PLACED,1,8.89
132608,5,3134,262,West,2026-01-14,PLACED,9,422.84
132609,1,3508,283,Central,2026-01-14,PLACED,5,324.36
132610,1,2347,86,Central,2026-01-14,PLACED,10,124.75
132611,1,3048,99,East,2026-01-14,PLACED,9,514.1
132612,1,2575,73,South,2026-01-13,PLACED,5,411.15
132613,1,150,266,Central,2026-01-14,PLACED,1,345.31
132613,2,150,38,Central,2026-01-14,PLACED,10,312.56
132614,1,57,44,East,2026-01-13,PLACED,9,144.51
132615,1,4482,76,West,2026-01-14,PLACED,3,204.48
132615,2,4482,45,West,2026-01-14,PLACED,10,45.61
132615,3,4482,65,West,2026-01-14,PLACED,5,463.42
132616,1,2805,69,East,2026-01-13,PLACED,3,168.68
132617,1,1306,159,West,2026-01-13,PLACED,6,124.4
132618,1,885,281,West,2026-01-14,PLACED,6,353.93
132619,1,4548,162,West,2026-01-14,PLACED,5,287.46
132619,2,4548,16,West,2026-01-14,PLACED,3,264.22
132619,3,4548,32,West,2026-01-14,PLACED,6,362.14
132619,4,4548,181,West,2026-01-14,PLACED,6,353.05
132619,5,4548,170,West,2026-01-14,PLACED,5,66.6
132620,1,4098,33,South,2026-01-14,PLACED,10,254.38
132621,1,1937,137,North,2026-01-14,PLACED,7,35.49
132622,1,3815,9,North,2026-01-14,PLACED,8,198.66
132622,2,3815,266,North,2026-01-14,PLACED,2,353.63
132622,3,3815,60,North,2026-01-14,PLACED,5,189.69
132622,4,3815,98,North,2026-01-14,PLACED,6,284.27
132622,5,3815,240,North,2026-01-14,PLACED,3,338.61
132622,6,3815,103,North,2026-01-14,PLACED,8,338.72
132622,7,3815,2,North,2026-01-14,PLACED,2,18.84
132622,8,3815,137,North,2026-01-14,PLACED,9,36.54
132623,1,1005,31,South,2026-01-14,PLACED,6,417.02
132624,1,3446,110,East,2026-01-13,PLACED,4,495.29
132625,1,2003,208,South,2026-01-13,PLACED,8,35.73
132626,1,2919,277,Central,2026-01-14,PLACED,3,54.07
132627,1,4902,298,Central,2026-01-13,PLACED,1,8.93
132627,2,4902,225,Central,2026-01-13,PLACED,4,31.23
132628,1,2356,205,South,2026-01-13,PLACED,3,245.97
132628,2,2356,287,South,2026-01-13,PLACED,2,414.78
132629,1,216,175,North,2026-01-14,PLACED,6,431.06
132629,2,216,192,North,2026-01-14,PLACED,3,132.72
132629,3,216,228,North,2026-01-14,PLACED,7,457.32
132629,4,216,295,North,2026-01-14,PLACED,9,407.96
132629,5,216,156,North,2026-01-14,PLACED,10,114.56
132629,6,216,27,North,2026-01-14,PLACED,8,53.54
132629,7,216,39,North,2026-01-14,PLACED,10,391.23
132629,8,216,144,North,2026-01-14,PLACED,8,403.47
132629,9,216,73,North,2026-01-14,PLACED,7,453.81
132629,10,216,139,North,2026-01-14,PLACED,6,412.31
132630,1,4692,75,Central,2026-01-13,PLACED,4,330.27
132631,1,690,32,East,2026-01-14,PLACED,4,365.98
132631,2,690,11,East,2026-01-14,PLACED,4,108.68
132632,1,4470,230,Central,2026-01-13,PLACED,1,468.44
132633,1,4514,286,North,2026-01-13,PLACED,5,459.3
132634,1,618,9,East,2026-01-13,PLACED,5,195.1
132635,1,3096,114,West,2026-01-13,PLACED,8,86.62
132635,2,3096,50,West,2026-01-13,PLACED,4,186.87
132636,1,1378,8,North,2026-01-14,PLACED,6,50.9
132636,2,1378,262,North,2026-01-14,PLACED,4,483.53
132637,1,2774,9,South,2026-01-14,PLACED,10,207.74
132638,1,3602,288,North,2026-01-14,PLACED,3,46.99
132639,1,1813,289,South,2026-01-13,PLACED,7,200.91
132640,1,1874,84,South,2026-01-14,PLACED,2,414.77
132641,1,4613,164,East,2026-01-14,PLACED,9,424.29
132642,1,3379,68,South,2026-01-14,PLACED,10,20.56
132643,1,1166,97,South,2026-01-13,PLACED,9,537.49
132643,2,1166,197,South,2026-01-13,PLACED,7,292.24
132644,1,2766,203,Central,2026-01-14,PLACED,1,413.72
132644,2,2766,3,Central,2026-01-14,PLACED,7,135.29
132645,1,3890,241,West,2026-01-13,PLACED,6,206.23
132646,1,4596,298,North,2026-01-13,PLACED,7,9.75
132647,1,3655,174,Central,2026-01-13,PLACED,7,422.65
132648,1,4450,111,North,2026-01-14,PLACED,8,472.26
132649,1,2776,133,North,2026-01-14,PLACED,6,437.75
132650,1,583,148,South,2026-01-13,PLACED,5,388.94
132651,1,909,255,South,2026-01-14,PLACED,6,523.5
132651,2,909,123,South,2026-01-14,PLACED,8,408.18
132652,1,1582,235,East,2026-01-13,PLACED,6,115.04
132653,1,4275,203,South,2026-01-13,PLACED,4,409.38
132653,2,4275,261,South,2026-01-13,PLACED,3,456.4
132653,3,4275,200,South,2026-01-13,PLACED,8,448.23
132653,4,4275,22,South,2026-01-13,PLACED,7,350.89
132654,1,1620,282,East,2026-01-14,PLACED,1,95.95
132655,1,1327,105,West,2026-01-14,PLACED,7,141.18
132656,1,4892,8,Central,2026-01-13,PLACED,3,51.13
132657,1,2567,169,Central,2026-01-14,PLACED,7,100.4
132658,1,3312,219,East,2026-01-14,PLACED,5,78.96
132659,1,3374,130,East,2026-01-14,PLACED,7,407.23
132659,2,3374,79,East,2026-01-14,PLACED,9,140.6
132660,1,921,182,Central,2026-01-13,PLACED,7,361.55
132661,1,232,174,West,2026-01-13,PLACED,9,397.98
132661,2,232,250,West,2026-01-13,PLACED,6,138.7
132662,1,1943,127,North,2026-01-13,PLACED,8,14.68
132662,2,1943,62,North,2026-01-13,PLACED,4,293.62
132663,1,2107,124,South,2026-01-14,PLACED,5,290.05
132664,1,2224,107,Central,2026-01-13,PLACED,9,59.42
132665,1,1510,233,Central,2026-01-14,PLACED,9,281.55
132666,1,423,284,South,2026-01-13,PLACED,3,136.31
132667,1,4689,175,South,2026-01-14,PLACED,10,422.42
132668,1,3988,92,South,2026-01-13,PLACED,10,343.98
132668,2,3988,230,South,2026-01-13,PLACED,1,454.42
132668,3,3988,24,South,2026-01-13,PLACED,8,88.91
132668,4,3988,103,South,2026-01-13,PLACED,9,361.05
132668,5,3988,192,South,2026-01-13,PLACED,1,141.65
132668,6,3988,77,South,2026-01-13,PLACED,3,486.66
132668,7,3988,289,South,2026-01-13,PLACED,10,234.95
132668,8,3988,137,South,2026-01-13,PLACED,9,35.95
132669,1,2343,293,West,2026-01-14,PLACED,1,344.0
132670,1,2734,224,South,2026-01-13,PLACED,6,410.23
132671,1,838,79,North,2026-01-13,PLACED,1,149.61
132672,1,2255,113,North,2026-01-13,PLACED,6,250.49
132673,1,3849,169,North,2026-01-14,PLACED,2,105.69
132674,1,3836,131,North,2026-01-13,PLACED,3,170.23
132675,1,3733,226,West,2026-01-14,PLACED,3,301.89
132676,1,1469,278,South,2026-01-14,PLACED,7,293.99
132677,1,72,182,South,2026-01-13,PLACED,10,328.04
132678,1,109,220,South,2026-01-13,PLACED,4,154.86
132679,1,697,194,South,2026-01-13,PLACED,5,433.47
132680,1,865,267,West,2026-01-13,PLACED,9,301.76
132681,1,4478,280,West,2026-01-14,PLACED,10,326.33
132682,1,625,273,South,2026-01-13,PLACED,9,328.13
132683,1,1265,255,Central,2026-01-13,PLACED,8,525.25
132684,1,561,131,West,2026-01-13,PLACED,1,158.1
132685,1,1746,199,East,2026-01-13,PLACED,8,484.01
132685,2,1746,19,East,2026-01-13,PLACED,3,418.31
132685,3,1746,156,East,2026-01-13,PLACED,10,115.16
132685,4,1746,259,East,2026-01-13,PLACED,1,136.08
132685,5,1746,112,East,2026-01-13,PLACED,9,123.28
132685,6,1746,54,East,2026-01-13,PLACED,4,497.55
132686,1,2608,201,East,2026-01-13,PLACED,10,530.84
132687,1,3792,43,North,2026-01-13,PLACED,9,116.32
132688,1,618,23,West,2026-01-13,PLACED,1,172.3
132689,1,1394,43,Central,2026-01-14,PLACED,4,119.3
132690,1,1811,154,South,2026-01-13,PLACED,7,270.03
132691,1,4440,300,Central,2026-01-14,PLACED,6,447.46
132692,1,4547,48,East,2026-01-14,PLACED,1,156.64
132693,1,3547,139,West,2026-01-13,PLACED,6,356.68
132694,1,2439,21,West,2026-01-13,PLACED,2,424.96
132694,2,2439,172,West,2026-01-13,PLACED,5,263.26
132694,3,2439,147,West,2026-01-13,PLACED,10,275.38
132694,4,2439,254,West,2026-01-13,PLACED,5,251.53
132694,5,2439,225,West,2026-01-13,PLACED,3,31.53
132694,6,2439,199,West,2026-01-13,PLACED,9,480.92
132694,7,2439,138,West,2026-01-13,PLACED,4,392.64
132694,8,2439,240,West,2026-01-13,PLACED,10,341.86
132695,1,2139,258,Central,2026-01-13,PLACED,8,113.18
132696,1,1816,280,South,2026-01-13,PLACED,10,301.88
132697,1,1961,6,West,2026-01-14,PLACED,9,363.77
132697,2,1961,208,West,2026-01-14,PLACED,4,30.94
132698,1,2424,187,East,2026-01-13,PLACED,6,438.3
132698,2,2424,217,East,2026-01-13,PLACED,5,293.76
132698,3,2424,105,East,2026-01-13,PLACED,8,143.66
132698,4,2424,202,East,2026-01-13,PLACED,3,448.49
132698,5,2424,267,East,2026-01-13,PLACED,4,292.57
132698,6,2424,16,East,2026-01-13,PLACED,9,297.74
132698,7,2424,126,East,2026-01-13,PLACED,5,162.91
132698,8,2424,283,East,2026-01-13,PLACED,8,335.64
132699,1,1220,206,West,2026-01-14,PLACED,9,103.42
132699,2,1220,52,West,2026-01-14,PLACED,7,106.87
132699,3,1220,235,West,2026-01-14,PLACED,8,111.59
132700,1,2114,220,South,2026-01-14,PLACED,6,143.42
132701,1,4072,74,North,2026-01-14,PLACED,9,165.45
132702,1,1201,155,West,2026-01-13,PLACED,1,64.67
132702,2,1201,5,West,2026-01-13,PLACED,10,396.12
132702,3,1201,15,West,2026-01-13,PLACED,7,343.08
132703,1,1264,110,East,2026-01-13,PLACED,10,451.36
132703,2,1264,114,East,2026-01-13,PLACED,4,88.12
132704,1,1511,74,Central,2026-01-13,PLACED,9,161.51
132704,2,1511,2,Central,2026-01-13,PLACED,2,16.85
132704,3,1511,287,Central,2026-01-13,PLACED,7,425.28
132704,4,1511,15,Central,2026-01-13,PLACED,5,323.19
132704,5,1511,171,Central,2026-01-13,PLACED,9,478.99
132704,6,1511,274,Central,2026-01-13,PLACED,10,500.78
132704,7,1511,40,Central,2026-01-13,PLACED,9,273.25
132704,8,1511,47,Central,2026-01-13,PLACED,3,58.75
132704,9,1511,18,Central,2026-01-13,PLACED,1,297.71
132705,1,2445,232,Central,2026-01-14,PLACED,10,91.25
132706,1,3748,47,Central,2026-01-14,PLACED,6,50.7
132706,2,3748,171,Central,2026-01-14,PLACED,5,441.0
132707,1,3441,216,South,2026-01-13,PLACED,1,476.4
132708,1,1134,288,South,2026-01-14,PLACED,7,55.54
132709,1,1099,198,West,2026-01-13,PLACED,2,28.82
132710,1,955,145,North,2026-01-13,PLACED,7,227.92
132710,2,955,289,North,2026-01-13,PLACED,4,204.84
132710,3,955,236,North,2026-01-13,PLACED,10,63.8
132710,4,955,206,North,2026-01-13,PLACED,6,103.17
132710,5,955,293,North,2026-01-13,PLACED,10,328.03
132710,6,955,125,North,2026-01-13,PLACED,2,5.58
132710,7,955,16,North,2026-01-13,PLACED,4,286.56
132710,8,955,9,North,2026-01-13,PLACED,9,192.99
132710,9,955,273,North,2026-01-13,PLACED,8,305.42
132711,1,2798,195,West,2026-01-13,PLACED,8,211.11
132711,2,2798,200,West,2026-01-13,PLACED,9,384.33
132712,1,3299,298,South,2026-01-14,PLACED,9,10.06
132713,1,3040,37,North,2026-01-14,PLACED,4,405.89
132714,1,4253,297,East,2026-01-13,PLACED,2,220.1
132715,1,3285,180,Central,2026-01-13,PLACED,8,216.67
132716,1,2749,184,East,2026-01-14,PLACED,5,51.58
132716,2,2749,276,East,2026-01-14,PLACED,4,62.21
132716,3,2749,43,East,2026-01-14,PLACED,7,119.04
132717,1,3152,11,North,2026-01-13,PLACED,10,105.89
132717,2,3152,201,North,2026-01-13,PLACED,6,504.42
132717,3,3152,223,North,2026-01-13,PLACED,10,276.33
132718,1,4148,24,East,2026-01-14,PLACED,4,77.8
132719,1,285,99,East,2026-01-14,PLACED,4,515.06
132720,1,810,65,Central,2026-01-14,PLACED,3,438.31
132721,1,4521,65,East,2026-01-14,PLACED,8,432.19
132722,1,4227,163,East,2026-01-13,PLACED,8,114.35
132723,1,3123,297,South,2026-01-13,PLACED,4,207.73
132724,1,3313,122,East,2026-01-14,PLACED,2,289.39
132725,1,670,145,West,2026-01-14,PLACED,9,198.02
132726,1,2231,242,Central,2026-01-13,PLACED,6,266.89
132727,1,1531,243,North,2026-01-13,PLACED,3,274.62
132727,2,1531,83,North,2026-01-13,PLACED,9,295.16
132727,3,1531,167,North,2026-01-13,PLACED,4,128.33
132727,4,1531,259,North,2026-01-13,PLACED,9,145.48
132728,1,4996,180,North,2026-01-14,PLACED,10,244.69
132729,1,108,85,North,2026-01-14,PLACED,3,215.09
132730,1,2029,179,South,2026-01-14,PLACED,2,231.62
132731,1,4145,176,West,2026-01-13,PLACED,5,100.09
132732,1,2846,13,South,2026-01-14,PLACED,1,16.41
132733,1,3973,286,Central,2026-01-14,PLACED,2,426.21
132734,1,1934,20,North,2026-01-13,PLACED,2,8.41
132735,1,3522,209,Central,2026-01-14,PLACED,4,207.0
132735,2,3522,168,Central,2026-01-14,PLACED,10,307.24
132735,3,3522,36,Central,2026-01-14,PLACED,2,288.13
132736,1,4756,244,West,2026-01-14,PLACED,10,479.17
132737,1,4072,294,North,2026-01-13,PLACED,3,140.76
132738,1,57,281,North,2026-01-14,PLACED,4,335.01
132739,1,1064,224,West,2026-01-14,PLACED,4,390.4
132739,2,1064,162,West,2026-01-14,PLACED,5,294.93
132739,3,1064,15,West,2026-01-14,PLACED,9,347.06
132739,4,1064,206,West,2026-01-14,PLACED,1,117.33
132739,5,1064,25,West,2026-01-14,PLACED,4,469.35
132739,6,1064,115,West,2026-01-14,PLACED,4,485.22
132739,7,1064,32,West,2026-01-14,PLACED,10,400.05
132739,8,1064,12,West,2026-01-14,PLACED,2,239.53
132739,9,1064,282,West,2026-01-14,PLACED,3,110.15
132739,10,1064,241,West,2026-01-14,PLACED,1,215.67
132740,1,2952,85,South,2026-01-13,PLACED,7,212.74
132740,2,2952,255,South,2026-01-13,PLACED,8,513.94
132741,1,1984,248,West,2026-01-13,PLACED,2,206.78
132741,2,1984,7,West,2026-01-13,PLACED,2,425.46
132742,1,793,61,Central,2026-01-13,PLACED,1,494.53
132743,1,3239,287,North,2026-01-14,PLACED,4,382.31
132743,2,3239,288,North,2026-01-14,PLACED,6,46.07
132743,3,3239,265,North,2026-01-14,PLACED,7,421.54
132743,4,3239,105,North,2026-01-14,PLACED,8,149.02
132744,1,3578,55,North,2026-01-14,PLACED,7,351.34
132745,1,399,178,Central,2026-01-13,PLACED,2,230.2
132745,2,399,134,Central,2026-01-13,PLACED,7,468.21
132745,3,399,33,Central,2026-01-13,PLACED,3,268.23
132745,4,399,46,Central,2026-01-13,PLACED,5,112.32
132745,5,399,279,Central,2026-01-13,PLACED,1,139.19
132745,6,399,86,Central,2026-01-13,PLACED,10,124.42
132745,7,399,44,Central,2026-01-13,PLACED,2,159.27
132745,8,399,213,Central,2026-01-13,PLACED,2,245.86
132745,9,399,253,Central,2026-01-13,PLACED,9,38.84
132745,10,399,268,Central,2026-01-13,PLACED,8,510.88
132746,1,2865,298,East,2026-01-13,PLACED,5,9.1
132747,1,3723,12,East,2026-01-14,PLACED,10,263.9
132748,1,4255,117,East,2026-01-13,PLACED,5,160.37
132749,1,1237,185,East,2026-01-13,PLACED,9,193.99
132750,1,4463,14,North,2026-01-13,PLACED,4,95.42
132751,1,112,271,Central,2026-01-14,PLACED,1,409.23
132752,1,2672,16,Central,2026-01-14,PLACED,2,267.26
132753,1,3633,124,East,2026-01-13,PLACED,1,285.4
132754,1,2717,191,West,2026-01-13,PLACED,4,215.83
132755,1,4227,153,Central,2026-01-13,PLACED,7,223.16
132755,2,4227,197,Central,2026-01-13,PLACED,5,268.62
132755,3,4227,189,Central,2026-01-13,PLACED,1,90.52
132755,4,4227,6,Central,2026-01-13,PLACED,10,373.21
132755,5,4227,144,Central,2026-01-13,PLACED,3,415.57
132755,6,4227,58,Central,2026-01-13,PLACED,6,340.22
132755,7,4227,159,Central,2026-01-13,PLACED,2,116.65
132755,8,4227,42,Central,2026-01-13,PLACED,4,29.94
132755,9,4227,214,Central,2026-01-13,PLACED,2,211.81
132755,10,4227,54,Central,2026-01-13,PLACED,9,505.67
132756,1,833,62,West,2026-01-14,PLACED,1,331.32
132756,2,833,106,West,2026-01-14,PLACED,6,342.27
132756,3,833,32,West,2026-01-14,PLACED,7,341.34
132756,4,833,139,West,2026-01-14,PLACED,7,409.3
132756,5,833,192,West,2026-01-14,PLACED,10,141.79
132756,6,833,242,West,2026-01-14,PLACED,9,302.22
132756,7,833,202,West,2026-01-14,PLACED,2,428.56
132756,8,833,83,West,2026-01-14,PLACED,9,268.28
132756,9,833,126,West,2026-01-14,PLACED,2,180.24
132756,10,833,263,West,2026-01-14,PLACED,5,191.61
132757,1,3835,244,West,2026-01-13,PLACED,6,436.54
132758,1,2121,189,Central,2026-01-13,PLACED,7,92.81
132758,2,2121,8,Central,2026-01-13,PLACED,8,51.94
132758,3,2121,191,Central,2026-01-13,PLACED,2,193.97
132758,4,2121,142,Central,2026-01-13,PLACED,4,251.87
132758,5,2121,163,Central,2026-01-13,PLACED,8,120.84
132759,1,2509,187,North,2026-01-13,PLACED,2,394.67
132760,1,2458,69,South,2026-01-13,PLACED,4,164.46
132760,2,2458,289,South,2026-01-13,PLACED,4,221.1
132760,3,2458,124,South,2026-01-13,PLACED,6,246.43
132760,4,2458,183,South,2026-01-13,PLACED,6,446.75
132760,5,2458,169,South,2026-01-13,PLACED,7,105.91
132761,1,2010,125,North,2026-01-13,PLACED,5,5.77
132762,1,2214,162,South,2026-01-13,PLACED,6,325.69
132763,1,710,231,Central,2026-01-14,PLACED,4,48.93
132763,2,710,13,Central,2026-01-14,PLACED,6,16.72
132764,1,2870,214,East,2026-01-14,PLACED,10,218.03
132765,1,1244,237,West,2026-01-13,PLACED,1,463.34
132766,1,1855,208,South,2026-01-14,PLACED,6,37.14
132767,1,190,14,East,2026-01-14,PLACED,1,102.42
132768,1,4957,29,West,2026-01-14,PLACED,2,398.53
132769,1,3852,49,North,2026-01-13,PLACED,5,332.02
132769,2,3852,285,North,2026-01-13,PLACED,9,258.77
132770,1,561,57,East,2026-01-14,PLACED,10,89.09
132771,1,3083,81,North,2026-01-13,PLACED,3,301.84
132771,2,3083,252,North,2026-01-13,PLACED,3,408.47
132772,1,4986,145,Central,2026-01-14,PLACED,3,222.83
132772,2,4986,198,Central,2026-01-14,PLACED,6,27.47
132773,1,122,87,East,2026-01-13,PLACED,4,464.12
132773,2,122,4,East,2026-01-13,PLACED,10,107.74
132773,3,122,269,East,2026-01-13,PLACED,10,344.25
132773,4,122,278,East,2026-01-13,PLACED,2,252.81
132773,5,122,93,East,2026-01-13,PLACED,6,411.28
132774,1,1724,243,East,2026-01-13,PLACED,7,268.13
132774,2,1724,276,East,2026-01-13,PLACED,2,63.74
132775,1,4436,90,South,2026-01-13,PLACED,5,26.24
132775,2,4436,298,South,2026-01-13,PLACED,2,10.45
132776,1,1932,236,South,2026-01-14,PLACED,6,61.34
132776,2,1932,159,South,2026-01-14,PLACED,1,128.37
132777,1,3954,105,Central,2026-01-13,PLACED,3,125.36
132777,2,3954,10,Central,2026-01-13,PLACED,3,18.59
132778,1,1639,131,East,2026-01-13,PLACED,4,147.21
132778,2,1639,277,East,2026-01-13,PLACED,2,54.88
132779,1,206,8,Central,2026-01-13,PLACED,4,43.89
132780,1,1577,253,East,2026-01-13,PLACED,8,37.98
132781,1,4593,213,West,2026-01-14,PLACED,10,221.78
132781,2,4593,75,West,2026-01-14,PLACED,3,350.28
132782,1,3825,82,East,2026-01-13,PLACED,8,134.11
132782,2,3825,42,East,2026-01-13,PLACED,5,29.0
132782,3,3825,29,East,2026-01-13,PLACED,5,402.21
132783,1,4437,201,North,2026-01-14,PLACED,9,526.57
132784,1,3134,154,South,2026-01-13,PLACED,4,263.08
132785,1,2085,37,North,2026-01-13,PLACED,5,397.75
132786,1,4901,72,Central,2026-01-14,PLACED,10,467.2
132787,1,2704,256,North,2026-01-13,PLACED,3,491.65
132787,2,2704,150,North,2026-01-13,PLACED,4,173.53
132788,1,4011,264,North,2026-01-13,PLACED,5,79.55
132789,1,957,261,North,2026-01-13,PLACED,8,480.81
132790,1,2353,71,North,2026-01-14,PLACED,6,110.79
132791,1,891,58,North,2026-01-14,PLACED,2,373.35
132791,2,891,241,North,2026-01-14,PLACED,3,233.65
132792,1,2070,222,North,2026-01-14,PLACED,4,282.09
132793,1,760,18,South,2026-01-13,PLACED,3,271.94
132794,1,493,192,North,2026-01-14,PLACED,4,130.98
132795,1,3449,64,Central,2026-01-14,PLACED,6,363.77
132796,1,3024,272,North,2026-01-13,PLACED,2,155.06
132796,2,3024,279,North,2026-01-13,PLACED,2,133.81
132797,1,1360,184,Central,2026-01-14,PLACED,2,48.91
132797,2,1360,23,Central,2026-01-14,PLACED,9,183.92
132797,3,1360,197,Central,2026-01-14,PLACED,1,250.4
132797,4,1360,281,Central,2026-01-14,PLACED,1,367.92
132797,5,1360,10,Central,2026-01-14,PLACED,4,18.32
132797,6,1360,234,Central,2026-01-14,PLACED,1,354.18
132798,1,3303,269,East,2026-01-14,PLACED,8,334.94
132799,1,2594,126,North,2026-01-14,PLACED,3,167.09
132799,2,2594,74,North,2026-01-14,PLACED,2,163.0
132799,3,2594,157,North,2026-01-14,PLACED,2,173.4
132799,4,2594,155,North,2026-01-14,PLACED,3,62.88
132800,1,2236,63,West,2026-01-14,PLACED,3,256.12
132801,1,463,29,Central,2026-01-14,PLACED,8,456.08
132802,1,3143,4,North,2026-01-14,PLACED,4,116.36
132803,1,2175,233,East,2026-01-14,PLACED,4,296.28
132803,2,2175,33,East,2026-01-14,PLACED,5,273.68
132803,3,2175,2,East,2026-01-14,PLACED,7,15.65
132803,4,2175,268,East,2026-01-14,PLACED,4,486.69
132804,1,2927,197,West,2026-01-13,PLACED,10,282.83
132805,1,1349,76,West,2026-01-13,PLACED,6,195.45
132805,2,1349,262,West,2026-01-13,PLACED,3,478.35
132805,3,1349,134,West,2026-01-13,PLACED,5,472.82
132805,4,1349,253,West,2026-01-13,PLACED,1,43.7
132805,5,1349,252,West,2026-01-13,PLACED,3,378.14
132805,6,1349,54,West,2026-01-13,PLACED,3,486.13
132805,7,1349,297,West,2026-01-13,PLACED,10,203.37
132806,1,68,225,North,2026-01-13,PLACED,8,30.12
132806,2,68,90,North,2026-01-13,PLACED,5,26.24
132806,3,68,186,North,2026-01-13,PLACED,8,181.35
132806,4,68,220,North,2026-01-13,PLACED,1,144.98
132806,5,68,213,North,2026-01-13,PLACED,3,252.0
132806,6,68,240,North,2026-01-13,PLACED,5,313.48
132806,7,68,276,North,2026-01-13,PLACED,8,57.5
132807,1,1743,144,Central,2026-01-14,PLACED,1,443.17
132808,1,2714,11,Central,2026-01-14,PLACED,9,107.25
132809,1,4305,78,South,2026-01-13,PLACED,7,242.07
132809,2,4305,95,South,2026-01-13,PLACED,7,34.48
132810,1,330,284,South,2026-01-14,PLACED,7,144.57
132811,1,2131,141,South,2026-01-13,PLACED,8,257.05
132811,2,2131,290,South,2026-01-13,PLACED,5,138.96
132812,1,2750,50,Central,2026-01-14,PLACED,7,188.81
132812,2,2750,49,Central,2026-01-14,PLACED,7,309.7
132812,3,2750,87,Central,2026-01-14,PLACED,8,535.23
132812,4,2750,33,Central,2026-01-14,PLACED,5,254.16
132812,5,2750,92,Central,2026-01-14,PLACED,2,307.57
132813,1,650,165,Central,2026-01-13,PLACED,10,470.49
132814,1,2404,121,North,2026-01-13,PLACED,3,347.4
132814,2,2404,210,North,2026-01-13,PLACED,10,540.27
132814,3,2404,63,North,2026-01-13,PLACED,7,302.86
132814,4,2404,51,North,2026-01-13,PLACED,3,202.85
132815,1,4520,245,North,2026-01-14,PLACED,6,108.94
132815,2,4520,74,North,2026-01-14,PLACED,5,159.02
132816,1,114,121,West,2026-01-14,PLACED,8,364.53
132816,2,114,16,West,2026-01-14,PLACED,1,260.79
132817,1,258,8,East,2026-01-14,PLACED,8,49.01
132818,1,4453,276,South,2026-01-14,PLACED,7,67.4
132818,2,4453,59,South,2026-01-14,PLACED,7,81.59
132819,1,2899,8,North,2026-01-14,PLACED,1,49.96
132820,1,4438,230,South,2026-01-13,PLACED,4,462.59
132821,1,235,247,Central,2026-01-14,PLACED,5,130.09
132822,1,1427,175,North,2026-01-14,PLACED,2,389.45
132822,2,1427,141,North,2026-01-14,PLACED,2,246.21
132823,1,1528,189,South,2026-01-13,PLACED,9,107.16
132824,1,2808,270,South,2026-01-13,PLACED,4,8.51
132825,1,3390,231,Central,2026-01-14,PLACED,10,45.24
132826,1,4502,191,East,2026-01-13,PLACED,2,227.11
132827,1,1944,105,North,2026-01-14,PLACED,3,128.32
132827,2,1944,215,North,2026-01-14,PLACED,5,490.69
132828,1,2013,133,Central,2026-01-13,PLACED,7,410.79
132829,1,3918,141,North,2026-01-14,PLACED,6,222.4
132830,1,2302,92,West,2026-01-13,PLACED,9,309.51
132831,1,2221,111,East,2026-01-13,PLACED,8,416.02
132831,2,2221,213,East,2026-01-13,PLACED,5,232.25
132832,1,4014,36,South,2026-01-13,PLACED,1,290.85
132832,2,4014,269,South,2026-01-13,PLACED,6,323.4
132833,1,3530,280,West,2026-01-14,PLACED,7,300.92
132834,1,2696,89,West,2026-01-14,PLACED,5,45.15
132835,1,502,16,South,2026-01-14,PLACED,8,280.16
132835,2,502,77,South,2026-01-14,PLACED,8,441.46
132835,3,502,60,South,2026-01-14,PLACED,5,191.06
132836,1,4452,151,West,2026-01-13,PLACED,4,515.47
132836,2,4452,99,West,2026-01-13,PLACED,10,521.73
132836,3,4452,71,West,2026-01-13,PLACED,8,119.36
132837,1,2040,299,West,2026-01-13,PLACED,7,42.29
132837,2,2040,155,West,2026-01-13,PLACED,9,65.29
132838,1,2972,166,North,2026-01-14,PLACED,8,42.27
132839,1,666,53,West,2026-01-14,PLACED,2,136.39
132840,1,4999,144,Central,2026-01-14,PLACED,8,455.32
132841,1,2865,256,Central,2026-01-13,PLACED,3,463.08
132842,1,2264,21,West,2026-01-14,PLACED,4,439.47
132842,2,2264,117,West,2026-01-14,PLACED,9,158.87
132842,3,2264,288,West,2026-01-14,PLACED,5,53.9
132842,4,2264,123,West,2026-01-14,PLACED,1,371.91
132842,5,2264,252,West,2026-01-14,PLACED,5,409.95
132842,6,2264,248,West,2026-01-14,PLACED,6,211.45
132842,7,2264,115,West,2026-01-14,PLACED,7,468.84
132842,8,2264,36,West,2026-01-14,PLACED,5,271.22
132842,9,2264,110,West,2026-01-14,PLACED,1,519.4
132842,10,2264,105,West,2026-01-14,PLACED,1,131.15
132843,1,1821,50,North,2026-01-14,PLACED,8,199.33
132843,2,1821,120,North,2026-01-14,PLACED,8,83.76
132844,1,4631,71,Central,2026-01-14,PLACED,5,114.84
132844,2,4631,52,Central,2026-01-14,PLACED,8,102.75
132844,3,4631,160,Central,2026-01-14,PLACED,3,102.72
132844,4,4631,154,Central,2026-01-14,PLACED,8,238.37
132844,5,4631,170,Central,2026-01-14,PLACED,6,71.01
132844,6,4631,84,Central,2026-01-14,PLACED,2,413.61
132844,7,4631,188,Central,2026-01-14,PLACED,8,139.1
132844,8,4631,46,Central,2026-01-14,PLACED,10,115.41
132844,9,4631,112,Central,2026-01-14,PLACED,4,131.54
132844,10,4631,204,Central,2026-01-14,PLACED,4,79.64
132845,1,1581,229,West,2026-01-13,PLACED,7,84.96
132846,1,1647,230,Central,2026-01-13,PLACED,4,512.39
132847,1,2416,114,East,2026-01-13,PLACED,6,93.43
132848,1,3931,285,East,2026-01-14,PLACED,10,249.8
132849,1,2051,242,West,2026-01-14,PLACED,6,311.39
132850,1,2722,50,West,2026-01-13,PLACED,6,196.42
132850,2,2722,131,West,2026-01-13,PLACED,7,164.9
132851,1,980,290,East,2026-01-13,PLACED,10,143.5
132851,2,980,229,East,2026-01-13,PLACED,8,86.04
132851,3,980,285,East,2026-01-13,PLACED,1,234.15
132851,4,980,17,East,2026-01-13,PLACED,2,103.35
132851,5,980,218,East,2026-01-13,PLACED,10,375.95
132851,6,980,142,East,2026-01-13,PLACED,8,277.62
132851,7,980,250,East,2026-01-13,PLACED,4,159.89
132851,8,980,290,East,2026-01-13,PLACED,3,150.91
132851,9,980,18,East,2026-01-13,PLACED,9,301.33
132851,10,980,13,East,2026-01-13,PLACED,7,19.17
132852,1,883,24,South,2026-01-14,PLACED,6,83.64
132852,2,883,162,South,2026-01-14,PLACED,2,345.12
132853,1,1047,50,West,2026-01-13,PLACED,8,195.02
132854,1,648,212,Central,2026-01-14,PLACED,3,388.61
132854,2,648,117,Central,2026-01-14,PLACED,8,145.01
132854,3,648,199,Central,2026-01-14,PLACED,1,540.22
132855,1,1294,264,West,2026-01-13,PLACED,2,77.16
132856,1,1858,221,South,2026-01-13,PLACED,6,498.52
132857,1,4170,71,West,2026-01-14,PLACED,3,101.01
132857,2,4170,205,West,2026-01-14,PLACED,4,266.59
132857,3,4170,212,West,2026-01-14,PLACED,1,417.13
132857,4,4170,79,West,2026-01-14,PLACED,10,123.62
132857,5,4170,288,West,2026-01-14,PLACED,4,50.76
132857,6,4170,183,West,2026-01-14,PLACED,6,541.13
132857,7,4170,63,West,2026-01-14,PLACED,2,268.14
132857,8,4170,42,West,2026-01-14,PLACED,5,29.49
132857,9,4170,116,West,2026-01-14,PLACED,4,414.82
132857,10,4170,125,West,2026-01-14,PLACED,1,5.06
132858,1,4240,169,South,2026-01-13,PLACED,7,117.36
132859,1,513,240,South,2026-01-14,PLACED,7,329.78
132860,1,3194,28,South,2026-01-13,PLACED,10,48.74
132861,1,3539,184,Central,2026-01-14,PLACED,4,49.83
132861,2,3539,271,Central,2026-01-14,PLACED,3,443.53
132862,1,2704,11,North,2026-01-13,PLACED,5,119.92
132863,1,412,247,West,2026-01-13,PLACED,1,121.02
132864,1,431,114,North,2026-01-14,PLACED,6,87.05
132865,1,4926,77,South,2026-01-13,PLACED,7,445.87
132866,1,1092,64,South,2026-01-14,PLACED,9,345.67
132867,1,4551,132,Central,2026-01-14,PLACED,1,30.64
132867,2,4551,146,Central,2026-01-14,PLACED,5,112.83
132868,1,768,111,Central,2026-01-14,PLACED,9,454.58
132868,2,768,75,Central,2026-01-14,PLACED,4,330.68
132869,1,1050,193,South,2026-01-14,PLACED,4,131.4
132870,1,3566,254,South,2026-01-13,PLACED,7,241.03
132871,1,4144,8,East,2026-01-13,PLACED,5,49.08
132872,1,4464,165,East,2026-01-13,PLACED,3,393.73
132872,2,4464,65,East,2026-01-13,PLACED,10,447.87
132872,3,4464,3,East,2026-01-13,PLACED,2,133.14
132872,4,4464,145,East,2026-01-13,PLACED,1,201.3
132872,5,4464,280,East,2026-01-13,PLACED,10,291.91
132873,1,43,187,East,2026-01-13,PLACED,7,457.75
132873,2,43,113,East,2026-01-13,PLACED,2,257.89
132874,1,1877,155,East,2026-01-14,PLACED,3,62.54
132875,1,961,134,North,2026-01-14,PLACED,6,464.32
132876,1,3994,149,Central,2026-01-14,PLACED,5,111.99
132877,1,1960,80,East,2026-01-13,PLACED,5,114.94
132877,2,1960,191,East,2026-01-13,PLACED,4,231.16
132878,1,2077,282,West,2026-01-13,PLACED,6,103.76
132879,1,2273,205,Central,2026-01-14,PLACED,4,263.66
132879,2,2273,68,Central,2026-01-14,PLACED,8,20.05
132879,3,2273,6,Central,2026-01-14,PLACED,9,337.48
132880,1,4234,292,South,2026-01-14,PLACED,2,368.66
132880,2,4234,178,South,2026-01-14,PLACED,9,223.65
132881,1,4713,105,West,2026-01-14,PLACED,10,150.57
132882,1,1509,205,South,2026-01-14,PLACED,7,253.63
132883,1,754,225,East,2026-01-13,PLACED,10,31.45
132884,1,2620,145,South,2026-01-14,PLACED,6,227.95
132884,2,2620,128,South,2026-01-14,PLACED,4,453.64
132884,3,2620,50,South,2026-01-14,PLACED,6,169.57
132885,1,4423,42,West,2026-01-14,PLACED,9,28.65
132886,1,229,278,North,2026-01-14,PLACED,6,301.92
132887,1,2189,184,Central,2026-01-13,PLACED,2,48.75
132888,1,570,74,South,2026-01-14,PLACED,9,176.76
132889,1,3781,43,West,2026-01-13,PLACED,9,107.14
132890,1,2623,209,West,2026-01-13,PLACED,9,190.05
132891,1,4892,105,South,2026-01-14,PLACED,9,146.37
132892,1,3346,67,Central,2026-01-14,PLACED,1,118.33
132892,2,3346,136,Central,2026-01-14,PLACED,2,270.06
132892,3,3346,122,Central,2026-01-14,PLACED,8,284.8
132892,4,3346,288,Central,2026-01-14,PLACED,9,54.2
132892,5,3346,152,Central,2026-01-14,PLACED,2,318.61
132892,6,3346,291,Central,2026-01-14,PLACED,9,7.34
132892,7,3346,177,Central,2026-01-14,PLACED,3,57.09
132892,8,3346,50,Central,2026-01-14,PLACED,9,195.72
132892,9,3346,2,Central,2026-01-14,PLACED,10,18.05
132892,10,3346,81,Central,2026-01-14,PLACED,1,290.83
132893,1,4891,63,East,2026-01-13,PLACED,5,293.66
132893,2,4891,224,East,2026-01-13,PLACED,6,363.92
132893,3,4891,76,East,2026-01-13,PLACED,9,204.12
132893,4,4891,104,East,2026-01-13,PLACED,8,276.23
132893,5,4891,230,East,2026-01-13,PLACED,3,488.45
132894,1,817,141,West,2026-01-13,PLACED,8,234.99
132894,2,817,103,West,2026-01-13,PLACED,1,338.02
132894,3,817,152,West,2026-01-13,PLACED,4,345.98
132894,4,817,252,West,2026-01-13,PLACED,3,414.02
132895,1,1001,68,West,2026-01-13,PLACED,7,19.0
132896,1,1432,110,West,2026-01-14,PLACED,6,466.06
132897,1,3804,296,East,2026-01-14,PLACED,8,303.6
132897,2,3804,167,East,2026-01-14,PLACED,10,129.69
132897,3,3804,163,East,2026-01-14,PLACED,5,127.43
132897,4,3804,251,East,2026-01-14,PLACED,2,164.63
132898,1,2953,102,South,2026-01-14,PLACED,7,367.7
132899,1,2790,284,North,2026-01-13,PLACED,8,137.32
132899,2,2790,69,North,2026-01-13,PLACED,5,159.08
132900,1,2402,47,South,2026-01-13,PLACED,3,51.13
132900,2,2402,133,South,2026-01-13,PLACED,7,405.13
132900,3,2402,44,South,2026-01-13,PLACED,8,137.56
132900,4,2402,124,South,2026-01-13,PLACED,5,291.63
132900,5,2402,155,South,2026-01-13,PLACED,7,66.74
132901,1,1839,195,West,2026-01-13,PLACED,5,236.93
132902,1,957,218,North,2026-01-13,PLACED,10,392.86
132903,1,1697,90,Central,2026-01-14,PLACED,10,26.33
132904,1,890,108,West,2026-01-14,PLACED,7,235.36
132905,1,677,233,Central,2026-01-14,PLACED,2,274.54
132906,1,3282,64,South,2026-01-13,PLACED,3,321.19
132907,1,2674,139,West,2026-01-14,PLACED,9,356.09
132908,1,2903,165,South,2026-01-14,PLACED,3,406.24
132908,2,2903,158,South,2026-01-14,PLACED,4,309.56
132909,1,4545,53,East,2026-01-14,PLACED,1,124.63
132910,1,4109,287,North,2026-01-14,PLACED,10,391.47
132911,1,2759,170,East,2026-01-14,PLACED,3,71.93
132912,1,3621,289,Central,2026-01-14,PLACED,7,194.15
132913,1,949,144,North,2026-01-14,PLACED,3,448.57
132914,1,3992,28,East,2026-01-13,PLACED,9,51.86
132915,1,1473,223,East,2026-01-14,PLACED,4,260.1
132916,1,1415,143,North,2026-01-13,PLACED,7,139.18
132917,1,494,1,South,2026-01-13,PLACED,4,318.96
132918,1,300,263,West,2026-01-14,PLACED,7,193.42
132919,1,1621,63,East,2026-01-14,PLACED,1,257.42
132919,2,1621,110,East,2026-01-14,PLACED,5,488.03
132919,3,1621,262,East,2026-01-14,PLACED,6,422.29
132919,4,1621,300,East,2026-01-14,PLACED,3,445.14
132920,1,1177,156,East,2026-01-14,PLACED,6,112.9
132920,2,1177,189,East,2026-01-14,PLACED,9,99.38
132921,1,4013,51,Central,2026-01-14,PLACED,8,198.13
132921,2,4013,124,Central,2026-01-14,PLACED,7,290.16
132922,1,903,248,West,2026-01-14,PLACED,9,186.86
132923,1,1478,102,North,2026-01-14,PLACED,5,336.94
132924,1,1291,186,South,2026-01-13,PLACED,2,169.48
132925,1,4874,196,Central,2026-01-14,PLACED,8,414.89
132926,1,2305,218,South,2026-01-13,PLACED,4,345.35
132927,1,1890,259,South,2026-01-13,PLACED,4,136.73
132927,2,1890,146,South,2026-01-13,PLACED,3,120.25
132927,3,1890,91,South,2026-01-13,PLACED,5,64.71
132928,1,3665,163,North,2026-01-14,PLACED,9,125.01
132929,1,2561,23,Central,2026-01-13,PLACED,9,170.24
132929,2,2561,121,Central,2026-01-13,PLACED,10,363.35
132929,3,2561,87,Central,2026-01-13,PLACED,5,502.98
132929,4,2561,259,Central,2026-01-13,PLACED,9,140.27
132929,5,2561,229,Central,2026-01-13,PLACED,6,90.04
132930,1,328,135,West,2026-01-14,PLACED,3,48.77
132931,1,3031,231,Central,2026-01-14,PLACED,2,43.7
132932,1,747,214,Central,2026-01-13,PLACED,4,233.95
132933,1,464,225,South,2026-01-14,PLACED,3,30.51
132933,2,464,53,South,2026-01-14,PLACED,9,143.89
132934,1,3461,152,East,2026-01-14,PLACED,7,339.54
132934,2,3461,87,East,2026-01-14,PLACED,8,469.46
132935,1,3831,282,East,2026-01-13,PLACED,7,98.99
132936,1,1380,108,East,2026-01-14,PLACED,5,203.28
132937,1,2396,159,North,2026-01-14,PLACED,6,129.48
132938,1,872,218,North,2026-01-14,PLACED,1,353.22
132939,1,3001,162,Central,2026-01-13,PLACED,6,297.35
132940,1,3316,254,North,2026-01-14,PLACED,3,253.79
132941,1,3617,30,West,2026-01-14,PLACED,3,286.93
132942,1,1344,10,North,2026-01-14,PLACED,1,18.41
132943,1,324,115,Central,2026-01-14,PLACED,3,429.16
132943,2,324,119,Central,2026-01-14,PLACED,1,309.83
132944,1,2889,98,East,2026-01-13,PLACED,9,260.08
132945,1,3033,13,South,2026-01-13,PLACED,9,16.48
132945,2,3033,299,South,2026-01-13,PLACED,10,38.32
132946,1,2888,219,North,2026-01-14,PLACED,6,88.5
132947,1,3399,211,Central,2026-01-13,PLACED,2,125.63
132947,2,3399,288,Central,2026-01-13,PLACED,10,52.46
132947,3,3399,139,Central,2026-01-13,PLACED,6,347.34
132947,4,3399,156,Central,2026-01-13,PLACED,8,118.59
132947,5,3399,186,Central,2026-01-13,PLACED,9,172.04
132948,1,4179,212,North,2026-01-13,PLACED,8,413.89
132949,1,1334,224,Central,2026-01-13,PLACED,5,409.05
132950,1,1567,248,North,2026-01-14,PLACED,6,206.22
132951,1,4854,13,East,2026-01-14,PLACED,2,17.48
132952,1,926,258,West,2026-01-14,PLACED,9,110.24
132953,1,4459,224,South,2026-01-13,PLACED,9,370.68
132954,1,2819,267,Central,2026-01-13,PLACED,7,322.6
132955,1,2673,118,North,2026-01-13,PLACED,9,302.42
132956,1,4316,3,East,2026-01-13,PLACED,4,129.02
132957,1,3217,61,Central,2026-01-13,PLACED,5,494.06
132957,2,3217,216,Central,2026-01-13,PLACED,8,491.11
132957,3,3217,103,Central,2026-01-13,PLACED,5,318.61
132957,4,3217,31,Central,2026-01-13,PLACED,10,395.84
132958,1,2592,67,West,2026-01-14,PLACED,10,120.33
132959,1,716,137,East,2026-01-14,PLACED,6,40.46
132960,1,706,162,East,2026-01-13,PLACED,7,314.24
132960,2,706,157,East,2026-01-13,PLACED,7,188.55
132960,3,706,52,East,2026-01-13,PLACED,10,98.97
132960,4,706,7,East,2026-01-13,PLACED,2,465.52
132960,5,706,141,East,2026-01-13,PLACED,8,250.8
132961,1,3811,40,North,2026-01-13,PLACED,10,297.59
132962,1,4125,166,Central,2026-01-13,PLACED,1,37.67
132963,1,1450,220,Central,2026-01-14,PLACED,2,153.48
132964,1,3894,130,Central,2026-01-14,PLACED,6,404.28
132965,1,2906,87,West,2026-01-13,PLACED,5,502.61
132965,2,2906,187,West,2026-01-13,PLACED,2,424.67
132965,3,2906,242,West,2026-01-13,PLACED,10,300.85
132965,4,2906,284,West,2026-01-13,PLACED,8,137.95
132965,5,2906,232,West,2026-01-13,PLACED,2,98.9
132965,6,2906,261,West,2026-01-13,PLACED,2,410.69
132965,7,2906,111,West,2026-01-13,PLACED,8,422.59
132965,8,2906,266,West,2026-01-13,PLACED,9,324.72
132966,1,2040,116,West,2026-01-13,PLACED,4,470.53
132967,1,780,81,Central,2026-01-14,PLACED,3,297.28
132968,1,614,86,West,2026-01-14,PLACED,2,109.59
132968,2,614,267,West,2026-01-14,PLACED,9,331.61
132968,3,614,59,West,2026-01-14,PLACED,8,77.6
132968,4,614,250,West,2026-01-14,PLACED,10,148.9
132968,5,614,165,West,2026-01-14,PLACED,2,440.45
132969,1,3081,178,South,2026-01-13,PLACED,7,227.98
132969,2,3081,146,South,2026-01-13,PLACED,10,101.55
132969,3,3081,33,South,2026-01-13,PLACED,9,271.41
132969,4,3081,40,South,2026-01-13,PLACED,6,262.32
132969,5,3081,200,South,2026-01-13,PLACED,9,457.2
132970,1,1231,261,Central,2026-01-13,PLACED,1,422.97
132970,2,1231,172,Central,2026-01-13,PLACED,1,270.21
132970,3,1231,266,Central,2026-01-13,PLACED,6,337.0
132970,4,1231,87,Central,2026-01-13,PLACED,5,493.65
132970,5,1231,142,Central,2026-01-13,PLACED,8,272.04
132970,6,1231,40,Central,2026-01-13,PLACED,2,267.37
132970,7,1231,119,Central,2026-01-13,PLACED,1,280.0
132970,8,1231,200,Central,2026-01-13,PLACED,8,409.91
132970,9,1231,90,Central,2026-01-13,PLACED,2,30.72
132971,1,2971,5,South,2026-01-14,PLACED,5,352.58
132972,1,1973,179,North,2026-01-14,PLACED,4,216.74
132972,2,1973,25,North,2026-01-14,PLACED,6,525.42
132973,1,2768,27,Central,2026-01-14,PLACED,4,46.91
132974,1,3391,161,West,2026-01-13,PLACED,4,40.62
132975,1,2679,111,East,2026-01-14,PLACED,1,399.3
132976,1,2094,14,North,2026-01-14,PLACED,2,113.53
132977,1,2182,293,North,2026-01-13,PLACED,8,328.7
132978,1,4745,246,Central,2026-01-14,PLACED,5,375.73
132979,1,1288,258,Central,2026-01-14,PLACED,8,113.77
132979,2,1288,173,Central,2026-01-14,PLACED,3,242.15
132979,3,1288,35,Central,2026-01-14,PLACED,2,190.38
132979,4,1288,178,Central,2026-01-14,PLACED,5,208.67
132979,5,1288,276,Central,2026-01-14,PLACED,3,66.66
132979,6,1288,162,Central,2026-01-14,PLACED,7,340.37
132979,7,1288,198,Central,2026-01-14,PLACED,6,27.29
132979,8,1288,251,Central,2026-01-14,PLACED,2,167.73
132979,9,1288,271,Central,2026-01-14,PLACED,10,381.78
132979,10,1288,199,Central,2026-01-14,PLACED,4,513.21
132980,1,3206,180,East,2026-01-14,PLACED,5,232.52
132981,1,4370,184,North,2026-01-13,PLACED,10,48.85
132982,1,1802,28,East,2026-01-14,PLACED,7,54.4
132983,1,579,142,South,2026-01-14,PLACED,1,280.01
132983,2,579,56,South,2026-01-14,PLACED,5,282.15
132983,3,579,62,South,2026-01-14,PLACED,4,314.87
132983,4,579,164,South,2026-01-14,PLACED,7,447.58
132983,5,579,292,South,2026-01-14,PLACED,10,401.71
132984,1,2505,204,East,2026-01-13,PLACED,3,80.08
132984,2,2505,296,East,2026-01-13,PLACED,3,299.4
132984,3,2505,65,East,2026-01-13,PLACED,5,427.42
132985,1,3353,182,North,2026-01-14,PLACED,6,324.03
132986,1,4882,175,South,2026-01-13,PLACED,5,400.48
132987,1,1348,190,Central,2026-01-13,PLACED,5,218.14
132988,1,1029,196,Central,2026-01-14,PLACED,5,455.99
132988,2,1029,163,Central,2026-01-14,PLACED,9,124.22
132989,1,54,80,South,2026-01-14,PLACED,2,128.65
132989,2,54,65,South,2026-01-14,PLACED,6,386.91
132989,3,54,96,South,2026-01-14,PLACED,1,182.25
132989,4,54,32,South,2026-01-14,PLACED,4,387.98
132989,5,54,154,South,2026-01-14,PLACED,4,262.96
132990,1,1510,213,North,2026-01-14,PLACED,1,251.67
132990,2,1510,43,North,2026-01-14,PLACED,10,114.76
132991,1,3669,289,East,2026-01-14,PLACED,7,199.02
132991,2,3669,144,East,2026-01-14,PLACED,6,445.52
132991,3,3669,176,East,2026-01-14,PLACED,8,91.56
132991,4,3669,75,East,2026-01-14,PLACED,3,300.61
132991,5,3669,215,East,2026-01-14,PLACED,2,520.1
132992,1,2969,236,West,2026-01-13,PLACED,3,62.55
132993,1,1657,116,West,2026-01-13,PLACED,4,402.25
132993,2,1657,180,West,2026-01-13,PLACED,10,232.59
132993,3,1657,132,West,2026-01-13,PLACED,10,34.83
132994,1,3265,78,South,2026-01-13,PLACED,10,238.5
132994,2,3265,155,South,2026-01-13,PLACED,10,64.36
132995,1,1668,116,East,2026-01-13,PLACED,6,460.43
132996,1,4271,172,Central,2026-01-14,PLACED,6,260.09
132996,2,4271,94,Central,2026-01-14,PLACED,5,232.81
132997,1,4477,299,North,2026-01-14,PLACED,3,40.43
132998,1,878,18,North,2026-01-13,PLACED,2,306.23
132999,1,3596,252,South,2026-01-13,PLACED,2,353.96
132999,2,3596,166,South,2026-01-13,PLACED,5,39.69
133000,1,4153,213,South,2026-01-13,PLACED,2,216.07
133000,2,4153,99,South,2026-01-13,PLACED,10,473.21
133000,3,4153,253,South,2026-01-13,PLACED,4,44.98
133000,4,4153,89,South,2026-01-13,PLACED,6,46.66
133001,1,640,129,North,2026-01-13,PLACED,6,467.97
133002,1,1425,48,Central,2026-01-14,PLACED,1,131.23
133002,2,1425,52,Central,2026-01-14,PLACED,9,116.14
133002,3,1425,240,Central,2026-01-14,PLACED,5,293.28
133002,4,1425,193,Central,2026-01-14,PLACED,1,127.32
133002,5,1425,298,Central,2026-01-14,PLACED,4,9.5
133003,1,174,40,West,2026-01-14,PLACED,5,287.01
133003,2,174,8,West,2026-01-14,PLACED,9,50.49
133004,1,2357,101,South,2026-01-13,PLACED,4,10.6
133005,1,2200,166,West,2026-01-14,PLACED,4,43.0
133006,1,1495,228,Central,2026-01-13,PLACED,10,464.95
133006,2,1495,179,Central,2026-01-13,PLACED,9,211.75
133007,1,340,198,West,2026-01-14,PLACED,6,28.52
133008,1,1605,291,South,2026-01-14,PLACED,7,6.28
133008,2,1605,132,South,2026-01-14,PLACED,1,31.6
133008,3,1605,115,South,2026-01-14,PLACED,4,417.16
133009,1,2389,39,West,2026-01-13,PLACED,7,442.38
133010,1,1092,275,South,2026-01-14,PLACED,8,77.58
133011,1,1185,24,Central,2026-01-13,PLACED,10,82.95
133012,1,3122,161,East,2026-01-14,PLACED,6,40.88
133012,2,3122,134,East,2026-01-14,PLACED,7,445.3
133012,3,3122,154,East,2026-01-14,PLACED,6,273.59
133013,1,4296,56,South,2026-01-14,PLACED,9,321.75
133013,2,4296,107,South,2026-01-14,PLACED,8,58.89
133013,3,4296,95,South,2026-01-14,PLACED,7,33.49
133013,4,4296,12,South,2026-01-14,PLACED,1,280.61
133013,5,4296,195,South,2026-01-14,PLACED,3,246.47
133014,1,1745,209,West,2026-01-14,PLACED,9,183.36
133015,1,4705,234,Central,2026-01-14,PLACED,4,340.92
133016,1,2354,28,Central,2026-01-14,PLACED,2,49.08
133017,1,1175,160,North,2026-01-13,PLACED,7,120.87
133018,1,204,294,West,2026-01-14,PLACED,7,143.47
133019,1,589,71,West,2026-01-14,PLACED,2,116.26
133020,1,2620,30,East,2026-01-13,PLACED,5,301.8
133021,1,282,216,North,2026-01-13,PLACED,2,518.92
133022,1,2926,225,South,2026-01-14,PLACED,3,32.47
133023,1,924,288,North,2026-01-14,PLACED,2,46.46
133024,1,4101,263,South,2026-01-14,PLACED,8,173.19
133025,1,1908,256,Central,2026-01-13,PLACED,5,545.1
133026,1,4065,224,South,2026-01-13,PLACED,4,340.15
133027,1,260,276,North,2026-01-13,PLACED,10,57.38
133027,2,260,280,North,2026-01-13,PLACED,3,278.6
133027,3,260,280,North,2026-01-13,PLACED,2,309.57
133027,4,260,114,North,2026-01-13,PLACED,10,99.24
133027,5,260,93,North,2026-01-13,PLACED,3,365.79
133028,1,1277,268,Central,2026-01-13,PLACED,10,534.13
133029,1,3390,23,West,2026-01-13,PLACED,5,178.84
133030,1,3984,51,Central,2026-01-13,PLACED,9,191.42
133030,2,3984,48,Central,2026-01-13,PLACED,7,132.05
133031,1,3745,138,Central,2026-01-14,PLACED,8,396.62
133032,1,164,85,North,2026-01-13,PLACED,8,191.6
133033,1,554,169,West,2026-01-14,PLACED,2,109.43
133034,1,1052,171,Central,2026-01-13,PLACED,1,459.05
133035,1,472,42,North,2026-01-14,PLACED,5,29.33
133035,2,472,28,North,2026-01-14,PLACED,6,48.16
133036,1,4198,244,West,2026-01-13,PLACED,2,504.16
133036,2,4198,47,West,2026-01-13,PLACED,8,58.53
133036,3,4198,169,West,2026-01-13,PLACED,8,108.04
133036,4,4198,278,West,2026-01-13,PLACED,8,273.41
133036,5,4198,30,West,2026-01-13,PLACED,3,316.98
133037,1,4007,300,West,2026-01-14,PLACED,8,471.75
133037,2,4007,8,West,2026-01-14,PLACED,3,43.38
133037,3,4007,256,West,2026-01-14,PLACED,7,457.77
133037,4,4007,190,West,2026-01-14,PLACED,1,217.51
133037,5,4007,101,West,2026-01-14,PLACED,2,10.08
133038,1,3294,48,Central,2026-01-14,PLACED,8,132.92
133038,2,3294,31,Central,2026-01-14,PLACED,2,369.54
133039,1,542,76,East,2026-01-14,PLACED,7,197.54
133040,1,2626,42,South,2026-01-14,PLACED,1,25.19
133040,2,2626,71,South,2026-01-14,PLACED,4,117.2
133040,3,2626,92,South,2026-01-14,PLACED,2,294.77
133040,4,2626,229,South,2026-01-14,PLACED,6,88.49
133040,5,2626,33,South,2026-01-14,PLACED,7,251.75
133040,6,2626,100,South,2026-01-14,PLACED,2,456.34
133041,1,3007,189,West,2026-01-14,PLACED,9,105.37
133041,2,3007,112,West,2026-01-14,PLACED,4,128.62
133041,3,3007,204,West,2026-01-14,PLACED,5,79.61
133041,4,3007,70,West,2026-01-14,PLACED,10,127.36
133041,5,3007,10,West,2026-01-14,PLACED,9,21.67
133041,6,3007,102,West,2026-01-14,PLACED,2,382.07
133041,7,3007,234,West,2026-01-14,PLACED,1,311.45
133042,1,3057,198,Central,2026-01-14,PLACED,4,31.28
133043,1,3471,160,West,2026-01-13,PLACED,7,123.8
133044,1,447,246,Central,2026-01-13,PLACED,1,349.37
133044,2,447,138,Central,2026-01-13,PLACED,3,346.99
133044,3,447,222,Central,2026-01-13,PLACED,10,306.36
133044,4,447,232,Central,2026-01-13,PLACED,5,98.43
133044,5,447,194,Central,2026-01-13,PLACED,2,484.58
133044,6,447,61,Central,2026-01-13,PLACED,8,532.54
133044,7,447,194,Central,2026-01-13,PLACED,5,422.47
133044,8,447,115,Central,2026-01-13,PLACED,6,494.84
133044,9,447,187,Central,2026-01-13,PLACED,4,444.2
133044,10,447,201,Central,2026-01-13,PLACED,9,449.64
133045,1,734,89,Central,2026-01-13,PLACED,7,53.06
133046,1,2320,276,Central,2026-01-13,PLACED,4,62.84
133047,1,3965,241,West,2026-01-14,PLACED,2,210.76
133047,2,3965,146,West,2026-01-14,PLACED,3,112.82
133048,1,4770,64,North,2026-01-13,PLACED,2,344.29
133048,2,4770,34,North,2026-01-13,PLACED,1,486.84
133048,3,4770,83,North,2026-01-13,PLACED,2,283.13
133049,1,398,21,West,2026-01-14,PLACED,7,376.03
133050,1,478,99,West,2026-01-13,PLACED,7,534.11
133050,2,478,5,West,2026-01-13,PLACED,3,356.96
133050,3,478,129,West,2026-01-13,PLACED,5,430.95
133050,4,478,189,West,2026-01-13,PLACED,6,99.13
133051,1,2562,63,West,2026-01-13,PLACED,5,299.91
133052,1,237,258,South,2026-01-14,PLACED,10,116.93
133052,2,237,144,South,2026-01-14,PLACED,10,419.53
133053,1,4648,96,West,2026-01-14,PLACED,7,199.57
133054,1,3924,267,North,2026-01-14,PLACED,8,277.58
133055,1,2691,158,Central,2026-01-14,PLACED,10,284.86
133056,1,3428,189,South,2026-01-13,PLACED,6,100.6
133057,1,2994,208,West,2026-01-14,PLACED,5,32.5
133057,2,2994,186,West,2026-01-14,PLACED,5,175.57
133057,3,2994,176,West,2026-01-14,PLACED,6,100.34
133057,4,2994,252,West,2026-01-14,PLACED,7,403.79
133057,5,2994,149,West,2026-01-14,PLACED,2,100.71
133057,6,2994,129,West,2026-01-14,PLACED,3,398.38
133057,7,2994,204,West,2026-01-14,PLACED,4,95.6
133057,8,2994,130,West,2026-01-14,PLACED,6,455.44
133057,9,2994,157,West,2026-01-14,PLACED,4,167.06
133057,10,2994,158,West,2026-01-14,PLACED,6,290.75
133058,1,1540,145,Central,2026-01-13,PLACED,4,228.11
133059,1,4104,227,East,2026-01-13,PLACED,4,239.48
133059,2,4104,300,East,2026-01-13,PLACED,9,405.47
133059,3,4104,133,East,2026-01-13,PLACED,1,406.14
133059,4,4104,174,East,2026-01-13,PLACED,4,378.79
133059,5,4104,76,East,2026-01-13,PLACED,8,181.47
133059,6,4104,58,East,2026-01-13,PLACED,5,339.13
133060,1,346,223,South,2026-01-13,PLACED,9,269.57
133061,1,915,201,West,2026-01-13,PLACED,3,474.89
133061,2,915,162,West,2026-01-13,PLACED,10,306.22
133061,3,915,284,West,2026-01-13,PLACED,3,134.87
133061,4,915,224,West,2026-01-13,PLACED,8,408.59
133062,1,2586,153,South,2026-01-14,PLACED,4,202.3
133063,1,2945,36,Central,2026-01-13,PLACED,4,275.89
133063,2,2945,237,Central,2026-01-13,PLACED,9,415.65
133063,3,2945,181,Central,2026-01-13,PLACED,4,358.3
133063,4,2945,33,Central,2026-01-13,PLACED,8,245.12
133064,1,3563,154,Central,2026-01-13,PLACED,6,238.44
133065,1,2209,78,West,2026-01-13,PLACED,2,234.03
133066,1,4161,41,North,2026-01-13,PLACED,1,385.95
133066,2,4161,217,North,2026-01-13,PLACED,1,296.57
133066,3,4161,66,North,2026-01-13,PLACED,10,411.75
133067,1,4877,101,Central,2026-01-13,PLACED,10,9.79
133067,2,4877,268,Central,2026-01-13,PLACED,8,516.67
133068,1,943,65,South,2026-01-14,PLACED,4,420.35
133069,1,700,219,South,2026-01-13,PLACED,4,80.93
133069,2,700,7,South,2026-01-13,PLACED,4,469.51
133069,3,700,253,South,2026-01-13,PLACED,8,43.98
133069,4,700,199,South,2026-01-13,PLACED,4,515.16
133069,5,700,14,South,2026-01-13,PLACED,2,98.49
133069,6,700,283,South,2026-01-13,PLACED,1,294.82
133070,1,3396,57,East,2026-01-13,PLACED,5,94.31
133071,1,4767,296,West,2026-01-14,PLACED,8,259.08
133072,1,3131,171,East,2026-01-14,PLACED,10,432.36
133073,1,2393,56,West,2026-01-13,PLACED,10,291.69
133074,1,3435,23,West,2026-01-14,PLACED,7,161.86
133075,1,1201,125,East,2026-01-14,PLACED,4,5.09
133075,2,1201,71,East,2026-01-14,PLACED,3,101.06
133075,3,1201,98,East,2026-01-14,PLACED,8,257.85
133075,4,1201,122,East,2026-01-14,PLACED,3,259.04
133075,5,1201,105,East,2026-01-14,PLACED,2,137.71
133075,6,1201,81,East,2026-01-14,PLACED,4,302.09
133075,7,1201,242,East,2026-01-14,PLACED,9,285.82
133075,8,1201,206,East,2026-01-14,PLACED,9,114.92
133075,9,1201,228,East,2026-01-14,PLACED,5,450.83
133076,1,3657,214,South,2026-01-13,PLACED,6,214.68
133077,1,3510,88,South,2026-01-14,PLACED,4,260.01
133078,1,4774,47,North,2026-01-14,PLACED,3,50.38
133079,1,846,259,East,2026-01-14,PLACED,3,142.7
133080,1,4295,117,North,2026-01-13,PLACED,5,159.87
133081,1,4815,240,East,2026-01-14,PLACED,10,298.35
133082,1,3389,285,North,2026-01-13,PLACED,8,261.31
133083,1,3603,64,East,2026-01-14,PLACED,4,329.27
133083,2,3603,77,East,2026-01-14,PLACED,3,442.57
133083,3,3603,253,East,2026-01-14,PLACED,6,42.62
133084,1,3970,177,East,2026-01-13,PLACED,10,54.5
133084,2,3970,102,East,2026-01-13,PLACED,10,356.35
133084,3,3970,130,East,2026-01-13,PLACED,1,397.96
133085,1,1993,153,East,2026-01-13,PLACED,7,205.34
133086,1,2116,167,West,2026-01-13,PLACED,1,117.49
133086,2,2116,234,West,2026-01-13,PLACED,3,309.51
133087,1,4063,43,Central,2026-01-14,PLACED,1,129.2
133088,1,3395,251,West,2026-01-13,PLACED,8,165.37
133089,1,1510,202,East,2026-01-14,PLACED,5,498.41
133090,1,762,192,East,2026-01-13,PLACED,8,137.13
133091,1,1431,223,East,2026-01-14,PLACED,6,290.49
133092,1,435,1,West,2026-01-14,PLACED,9,337.07
133093,1,2577,30,North,2026-01-13,PLACED,7,332.24
133094,1,2439,270,Central,2026-01-13,PLACED,4,8.05
133094,2,2439,245,Central,2026-01-13,PLACED,5,111.19
133095,1,2952,57,North,2026-01-13,PLACED,9,93.83
133096,1,898,38,North,2026-01-13,PLACED,9,327.79
133096,2,898,300,North,2026-01-13,PLACED,5,406.57
133097,1,79,239,South,2026-01-14,PLACED,4,312.81
133098,1,4660,122,East,2026-01-14,PLACED,3,288.66
133099,1,4536,138,East,2026-01-14,PLACED,2,343.64
133100,1,580,87,Central,2026-01-14,PLACED,9,484.41
133100,2,580,209,Central,2026-01-14,PLACED,1,199.79
133100,3,580,5,Central,2026-01-14,PLACED,10,388.64
133100,4,580,118,Central,2026-01-14,PLACED,2,310.56
133101,1,773,70,South,2026-01-14,PLACED,7,147.06
133101,2,773,73,South,2026-01-14,PLACED,6,475.07
133102,1,4193,236,Central,2026-01-14,PLACED,5,61.07
133103,1,1718,123,North,2026-01-13,PLACED,3,428.32
133104,1,4126,52,North,2026-01-14,PLACED,1,111.33
133105,1,884,292,West,2026-01-13,PLACED,2,420.9
133106,1,4912,107,South,2026-01-13,PLACED,7,65.68
133107,1,4377,264,South,2026-01-14,PLACED,2,75.08
133107,2,4377,177,South,2026-01-14,PLACED,8,49.86
133107,3,4377,116,South,2026-01-14,PLACED,10,463.11
133107,4,4377,76,South,2026-01-14,PLACED,8,189.27
133107,5,4377,39,South,2026-01-14,PLACED,9,414.87
133107,6,4377,85,South,2026-01-14,PLACED,8,221.18
133107,7,4377,288,South,2026-01-14,PLACED,9,52.77
133108,1,2227,37,East,2026-01-13,PLACED,10,450.69
133108,2,2227,64,East,2026-01-13,PLACED,1,322.74
133108,3,2227,292,East,2026-01-13,PLACED,2,356.01
133108,4,2227,21,East,2026-01-13,PLACED,1,401.03
133109,1,2887,207,South,2026-01-13,PLACED,9,223.35
133110,1,4617,102,South,2026-01-13,PLACED,10,328.3
133110,2,4617,86,South,2026-01-13,PLACED,6,110.92
133110,3,4617,9,South,2026-01-13,PLACED,4,208.89
133110,4,4617,291,South,2026-01-13,PLACED,4,7.4
133110,5,4617,205,South,2026-01-13,PLACED,5,228.06
133111,1,4689,250,South,2026-01-13,PLACED,10,156.01
133112,1,2739,96,West,2026-01-14,PLACED,3,192.92
133112,2,2739,95,West,2026-01-14,PLACED,7,35.06
133112,3,2739,296,West,2026-01-14,PLACED,3,267.82
133113,1,3432,259,Central,2026-01-14,PLACED,9,131.42
133114,1,1196,105,East,2026-01-13,PLACED,2,135.64
133115,1,4414,98,South,2026-01-13,PLACED,2,282.89
133116,1,2224,189,North,2026-01-14,PLACED,7,108.67
133116,2,2224,168,North,2026-01-14,PLACED,7,356.58
133117,1,334,3,North,2026-01-13,PLACED,3,143.85
133117,2,334,122,North,2026-01-13,PLACED,7,286.22
133118,1,311,59,Central,2026-01-14,PLACED,9,82.21
133119,1,2924,82,East,2026-01-14,PLACED,4,141.1
133120,1,1102,213,South,2026-01-14,PLACED,4,249.57
133120,2,1102,86,South,2026-01-14,PLACED,3,104.93
133121,1,1485,254,North,2026-01-13,PLACED,8,233.42
133122,1,3146,122,West,2026-01-14,PLACED,10,268.72
133123,1,3068,248,West,2026-01-14,PLACED,6,213.15
133123,2,3068,109,West,2026-01-14,PLACED,6,239.52
133123,3,3068,156,West,2026-01-14,PLACED,2,121.8
133123,4,3068,182,West,2026-01-14,PLACED,3,319.82
133123,5,3068,248,West,2026-01-14,PLACED,10,213.45
133123,6,3068,193,West,2026-01-14,PLACED,1,126.99
133123,7,3068,300,West,2026-01-14,PLACED,9,483.68
133124,1,3412,143,West,2026-01-14,PLACED,7,146.6
133124,2,3412,167,West,2026-01-14,PLACED,7,122.08
133125,1,2733,241,Central,2026-01-13,PLACED,4,210.81
133126,1,1569,84,North,2026-01-14,PLACED,3,482.06
133127,1,4360,33,Central,2026-01-13,PLACED,10,274.42
133127,2,4360,43,Central,2026-01-13,PLACED,3,114.11
133127,3,4360,46,Central,2026-01-13,PLACED,4,124.25
133127,4,4360,72,Central,2026-01-13,PLACED,7,494.75
133127,5,4360,255,Central,2026-01-13,PLACED,2,536.06
133128,1,2134,297,North,2026-01-14,PLACED,4,227.9
133128,2,2134,50,North,2026-01-14,PLACED,9,178.15
133128,3,2134,251,North,2026-01-14,PLACED,8,171.73
133128,4,2134,221,North,2026-01-14,PLACED,4,466.16
133128,5,2134,104,North,2026-01-14,PLACED,5,295.16
133128,6,2134,73,North,2026-01-14,PLACED,7,443.91
133128,7,2134,45,North,2026-01-14,PLACED,1,47.07
133129,1,1166,83,Central,2026-01-14,PLACED,9,288.39
133130,1,217,161,South,2026-01-14,PLACED,6,43.55
133131,1,3315,125,West,2026-01-13,PLACED,10,5.55
133132,1,2125,213,Central,2026-01-13,PLACED,5,239.59
133132,2,2125,86,Central,2026-01-13,PLACED,4,121.01
133133,1,3609,69,South,2026-01-14,PLACED,8,168.93
133134,1,690,68,South,2026-01-14,PLACED,3,20.33
133135,1,1484,232,East,2026-01-13,PLACED,9,100.64
133135,2,1484,100,East,2026-01-13,PLACED,7,402.22
133136,1,3806,205,South,2026-01-13,PLACED,10,255.71
133137,1,1890,49,West,2026-01-13,PLACED,4,336.08
133138,1,4726,55,North,2026-01-14,PLACED,4,357.22
133138,2,4726,48,North,2026-01-14,PLACED,6,143.59
133139,1,4423,175,South,2026-01-13,PLACED,7,400.74
133140,1,593,146,West,2026-01-14,PLACED,9,119.71
133140,2,593,12,West,2026-01-14,PLACED,5,266.75
133141,1,859,205,South,2026-01-13,PLACED,2,258.77
133142,1,322,262,East,2026-01-14,PLACED,9,464.97
133142,2,322,173,East,2026-01-14,PLACED,4,234.14
133143,1,4965,136,North,2026-01-14,PLACED,7,256.73
133144,1,2950,177,South,2026-01-14,PLACED,2,53.43
133145,1,2384,133,South,2026-01-14,PLACED,6,435.84
133146,1,2322,286,Central,2026-01-14,PLACED,6,496.1
133147,1,827,217,North,2026-01-13,PLACED,8,301.31
133147,2,827,138,North,2026-01-13,PLACED,5,357.61
133147,3,827,105,North,2026-01-13,PLACED,9,146.57
133147,4,827,218,North,2026-01-13,PLACED,2,362.89
133147,5,827,121,North,2026-01-13,PLACED,7,398.39
133148,1,717,105,Central,2026-01-13,PLACED,8,143.88
133149,1,310,119,West,2026-01-14,PLACED,1,314.9
133149,2,310,69,West,2026-01-14,PLACED,3,157.05
133149,3,310,37,West,2026-01-14,PLACED,7,411.46
133149,4,310,247,West,2026-01-14,PLACED,7,119.1
133149,5,310,266,West,2026-01-14,PLACED,10,355.14
133150,1,3463,111,South,2026-01-14,PLACED,2,440.2
133151,1,2181,69,North,2026-01-13,PLACED,7,168.1
133152,1,1457,161,West,2026-01-13,PLACED,4,36.69
133153,1,1699,164,South,2026-01-13,PLACED,2,470.61
133154,1,3937,238,Central,2026-01-13,PLACED,7,137.23
133154,2,3937,253,Central,2026-01-13,PLACED,4,40.31
133154,3,3937,295,Central,2026-01-13,PLACED,10,384.19
133155,1,2749,27,North,2026-01-14,PLACED,8,52.12
133155,2,2749,124,North,2026-01-14,PLACED,6,275.94
133155,3,2749,90,North,2026-01-14,PLACED,5,27.14
133155,4,2749,71,North,2026-01-14,PLACED,10,111.19
133155,5,2749,286,North,2026-01-14,PLACED,5,477.67
133156,1,4244,292,West,2026-01-13,PLACED,2,424.3
133157,1,1282,24,Central,2026-01-14,PLACED,9,79.89
133158,1,1926,14,West,2026-01-14,PLACED,6,101.31
133159,1,3595,121,West,2026-01-13,PLACED,4,362.19
133160,1,1310,132,East,2026-01-14,PLACED,7,32.85
133161,1,3095,168,Central,2026-01-13,PLACED,3,324.64
133162,1,2610,122,Central,2026-01-14,PLACED,10,246.12
133163,1,2730,217,West,2026-01-14,PLACED,2,267.49
133163,2,2730,112,West,2026-01-14,PLACED,7,136.23
133163,3,2730,97,West,2026-01-14,PLACED,1,494.71
133163,4,2730,191,West,2026-01-14,PLACED,9,217.54
133164,1,1225,275,West,2026-01-14,PLACED,4,73.96
133165,1,4042,79,West,2026-01-14,PLACED,8,143.92
133166,1,3330,160,North,2026-01-14,PLACED,7,120.72
133167,1,3960,81,West,2026-01-13,PLACED,8,263.22
133168,1,609,189,Central,2026-01-13,PLACED,1,92.92
133169,1,4059,116,East,2026-01-13,PLACED,9,448.64
133170,1,2369,76,South,2026-01-14,PLACED,4,196.9
133171,1,4290,62,West,2026-01-13,PLACED,3,339.62
133171,2,4290,31,West,2026-01-13,PLACED,6,364.39
133171,3,4290,299,West,2026-01-13,PLACED,5,46.35
133171,4,4290,157,West,2026-01-13,PLACED,6,166.91
133172,1,1127,178,East,2026-01-13,PLACED,9,221.37
133173,1,1868,49,East,2026-01-14,PLACED,10,322.89
133174,1,561,123,East,2026-01-14,PLACED,7,352.68
133174,2,561,183,East,2026-01-14,PLACED,8,532.76
133174,3,561,207,East,2026-01-14,PLACED,6,215.88
133174,4,561,20,East,2026-01-14,PLACED,2,8.47
133174,5,561,192,East,2026-01-14,PLACED,8,152.0
133174,6,561,1,East,2026-01-14,PLACED,4,320.18
133175,1,492,202,West,2026-01-13,PLACED,5,438.64
133176,1,1857,120,South,2026-01-13,PLACED,5,83.68
133176,2,1857,98,South,2026-01-13,PLACED,8,266.69
133176,3,1857,92,South,2026-01-13,PLACED,1,288.38
133177,1,4611,299,East,2026-01-13,PLACED,10,43.88
133178,1,249,47,Central,2026-01-14,PLACED,5,58.39
133179,1,2928,154,Central,2026-01-13,PLACED,9,285.48
133180,1,4636,42,South,2026-01-13,PLACED,10,29.38
133180,2,4636,50,South,2026-01-13,PLACED,8,172.74
133181,1,1387,204,North,2026-01-14,PLACED,2,89.83
133181,2,1387,275,North,2026-01-14,PLACED,3,64.89
133181,3,1387,97,North,2026-01-14,PLACED,10,544.63
133181,4,1387,238,North,2026-01-14,PLACED,4,132.71
133181,5,1387,39,North,2026-01-14,PLACED,6,467.34
133181,6,1387,154,North,2026-01-14,PLACED,7,244.59
133181,7,1387,232,North,2026-01-14,PLACED,6,91.45
133181,8,1387,202,North,2026-01-14,PLACED,10,465.06
133181,9,1387,112,North,2026-01-14,PLACED,1,140.84
133181,10,1387,61,North,2026-01-14,PLACED,1,522.19
133182,1,653,190,South,2026-01-14,PLACED,9,246.72
133183,1,2440,261,East,2026-01-14,PLACED,3,452.68
133184,1,4908,77,Central,2026-01-14,PLACED,6,475.87
133185,1,1640,145,South,2026-01-13,PLACED,4,214.32
133186,1,2460,229,North,2026-01-13,PLACED,4,90.47
133186,2,2460,173,North,2026-01-13,PLACED,1,222.15
133187,1,4815,225,West,2026-01-13,PLACED,3,33.97
133187,2,4815,63,West,2026-01-13,PLACED,6,261.36
133187,3,4815,262,West,2026-01-13,PLACED,7,403.07
133187,4,4815,27,West,2026-01-13,PLACED,5,48.6
133187,5,4815,294,West,2026-01-13,PLACED,10,137.71
133188,1,4246,154,South,2026-01-14,PLACED,3,283.72
133189,1,1978,1,South,2026-01-13,PLACED,3,348.11
133190,1,4221,97,North,2026-01-14,PLACED,10,498.74
133191,1,1934,206,South,2026-01-13,PLACED,10,110.76
133192,1,1269,110,West,2026-01-14,PLACED,2,487.94
133193,1,1318,77,West,2026-01-14,PLACED,7,445.59
133194,1,2838,107,East,2026-01-14,PLACED,6,60.65
133194,2,2838,267,East,2026-01-14,PLACED,3,305.87
133195,1,465,157,West,2026-01-13,PLACED,6,172.52
133196,1,579,36,West,2026-01-13,PLACED,2,272.08
133196,2,579,92,West,2026-01-13,PLACED,9,318.26
133196,3,579,286,West,2026-01-13,PLACED,2,418.15
133196,4,579,136,West,2026-01-13,PLACED,8,243.35
133196,5,579,188,West,2026-01-13,PLACED,10,138.67
133196,6,579,237,West,2026-01-13,PLACED,7,434.16
133196,7,579,207,West,2026-01-13,PLACED,7,196.54
133196,8,579,87,West,2026-01-13,PLACED,4,472.14
133196,9,579,106,West,2026-01-13,PLACED,9,343.39
133197,1,1672,142,North,2026-01-14,PLACED,4,272.78
133197,2,1672,245,North,2026-01-14,PLACED,1,107.97
133197,3,1672,168,North,2026-01-14,PLACED,4,358.7
133198,1,2872,259,North,2026-01-14,PLACED,7,143.46
133199,1,914,156,East,2026-01-14,PLACED,6,115.63
133199,2,914,300,East,2026-01-14,PLACED,1,404.04
133199,3,914,157,East,2026-01-14,PLACED,10,156.53
133199,4,914,12,East,2026-01-14,PLACED,3,251.34
133199,5,914,235,East,2026-01-14,PLACED,7,112.27
133200,1,1014,229,East,2026-01-14,PLACED,10,81.08
133200,2,1014,75,East,2026-01-14,PLACED,6,300.22
133200,3,1014,296,East,2026-01-14,PLACED,2,276.18
133201,1,4804,254,East,2026-01-13,PLACED,7,231.76
133202,1,2656,246,South,2026-01-13,PLACED,3,333.17
133203,1,1948,47,Central,2026-01-14,PLACED,6,56.12
133204,1,828,152,West,2026-01-13,PLACED,9,319.67
133205,1,3545,69,South,2026-01-13,PLACED,8,145.44
133206,1,3863,207,South,2026-01-14,PLACED,2,196.53
133206,2,3863,73,South,2026-01-14,PLACED,4,431.02
133206,3,3863,140,South,2026-01-14,PLACED,3,67.94
133206,4,3863,186,South,2026-01-14,PLACED,2,174.26
133206,5,3863,119,South,2026-01-14,PLACED,5,327.92
133207,1,1236,235,Central,2026-01-13,PLACED,9,120.03
133208,1,3111,85,South,2026-01-13,PLACED,10,197.05
133209,1,4215,215,North,2026-01-13,PLACED,4,431.37
133210,1,4291,64,East,2026-01-13,PLACED,9,360.93
133211,1,1733,203,Central,2026-01-13,PLACED,2,457.65
133211,2,1733,295,Central,2026-01-13,PLACED,8,352.8
133211,3,1733,260,Central,2026-01-13,PLACED,3,453.89
133211,4,1733,36,Central,2026-01-13,PLACED,9,260.52
133212,1,1876,194,Central,2026-01-14,PLACED,10,442.52
133213,1,1971,206,North,2026-01-14,PLACED,10,103.23
133214,1,3629,70,West,2026-01-14,PLACED,1,144.43
133215,1,4034,43,West,2026-01-14,PLACED,2,111.92
133216,1,3416,250,West,2026-01-14,PLACED,9,140.56
133217,1,4402,129,West,2026-01-13,PLACED,3,422.48
133218,1,1322,19,Central,2026-01-13,PLACED,5,423.33
133219,1,2391,139,North,2026-01-14,PLACED,6,407.34
133220,1,851,196,North,2026-01-13,PLACED,8,429.44
133220,2,851,116,North,2026-01-13,PLACED,8,446.74
133221,1,4057,181,South,2026-01-14,PLACED,7,365.69
133221,2,4057,24,South,2026-01-14,PLACED,4,82.32
133222,1,1363,298,North,2026-01-13,PLACED,8,9.26
133222,2,1363,169,North,2026-01-13,PLACED,9,105.43
133223,1,3229,31,North,2026-01-13,PLACED,10,412.59
133224,1,1785,49,West,2026-01-13,PLACED,1,298.28
133224,2,1785,17,West,2026-01-13,PLACED,10,122.29
133225,1,121,250,East,2026-01-14,PLACED,5,139.12
133225,2,121,43,East,2026-01-14,PLACED,6,113.82
133226,1,4054,230,East,2026-01-14,PLACED,9,510.25
133227,1,2681,222,East,2026-01-13,PLACED,6,264.44
133228,1,1617,80,Central,2026-01-14,PLACED,7,125.44
133229,1,4564,245,South,2026-01-13,PLACED,9,101.82
133230,1,1074,67,West,2026-01-14,PLACED,5,125.71
133231,1,4047,249,West,2026-01-13,PLACED,2,332.07
133232,1,3494,228,East,2026-01-13,PLACED,10,468.58
133233,1,2282,139,Central,2026-01-13,PLACED,6,414.12
133234,1,3903,65,North,2026-01-13,PLACED,2,399.48
133235,1,4820,74,Central,2026-01-13,PLACED,6,166.91
133236,1,1729,167,West,2026-01-13,PLACED,4,117.08
133237,1,4847,170,South,2026-01-14,PLACED,5,71.89
133238,1,3839,132,East,2026-01-14,PLACED,6,31.07
133239,1,769,277,West,2026-01-14,PLACED,9,55.6
133240,1,581,255,West,2026-01-13,PLACED,7,510.19
133241,1,1460,153,Central,2026-01-14,PLACED,7,225.94
133242,1,588,221,North,2026-01-14,PLACED,6,504.67
133242,2,588,143,North,2026-01-14,PLACED,9,136.35
133242,3,588,94,North,2026-01-14,PLACED,6,206.74
133242,4,588,260,North,2026-01-14,PLACED,8,510.32
133242,5,588,167,North,2026-01-14,PLACED,1,113.43
133243,1,2595,247,East,2026-01-14,PLACED,10,131.41
133244,1,4050,62,South,2026-01-14,PLACED,3,294.56
133245,1,2370,272,South,2026-01-14,PLACED,1,150.78
133246,1,2571,274,South,2026-01-13,PLACED,4,488.58
133246,2,2571,98,South,2026-01-13,PLACED,4,260.01
133246,3,2571,37,South,2026-01-13,PLACED,7,411.52
133247,1,4919,164,East,2026-01-14,PLACED,8,418.53
133248,1,817,233,North,2026-01-13,PLACED,2,319.79
133249,1,3542,90,North,2026-01-14,PLACED,10,30.42
133249,2,3542,217,North,2026-01-14,PLACED,3,296.06
133249,3,3542,274,North,2026-01-14,PLACED,2,472.51
133250,1,1062,68,Central,2026-01-14,PLACED,3,20.62
133251,1,2872,208,Central,2026-01-13,PLACED,1,36.21
133252,1,350,87,Central,2026-01-13,PLACED,5,532.1
133253,1,83,107,East,2026-01-13,PLACED,5,64.8
133253,2,83,105,East,2026-01-13,PLACED,5,141.42
133253,3,83,139,East,2026-01-13,PLACED,2,395.92
133253,4,83,77,East,2026-01-13,PLACED,10,478.74
133254,1,4375,145,North,2026-01-14,PLACED,4,197.87
133254,2,4375,33,North,2026-01-14,PLACED,7,292.5
133254,3,4375,261,North,2026-01-14,PLACED,8,430.66
133255,1,1125,124,South,2026-01-14,PLACED,1,258.59
133256,1,179,297,North,2026-01-14,PLACED,6,200.59
133256,2,179,131,North,2026-01-14,PLACED,6,161.7
133256,3,179,178,North,2026-01-14,PLACED,2,200.18
133256,4,179,51,North,2026-01-14,PLACED,2,172.23
133256,5,179,186,North,2026-01-14,PLACED,2,162.53
133256,6,179,167,North,2026-01-14,PLACED,5,128.0
133256,7,179,52,North,2026-01-14,PLACED,6,109.43
133257,1,1936,70,West,2026-01-13,PLACED,5,127.95
133258,1,3728,245,South,2026-01-14,PLACED,7,108.85
133259,1,2767,208,West,2026-01-13,PLACED,2,33.76
133259,2,2767,23,West,2026-01-13,PLACED,4,184.61
133259,3,2767,59,West,2026-01-13,PLACED,7,90.39
133259,4,2767,7,West,2026-01-13,PLACED,3,411.1
133259,5,2767,193,West,2026-01-13,PLACED,4,123.76
133259,6,2767,76,West,2026-01-13,PLACED,10,187.01
133259,7,2767,236,West,2026-01-13,PLACED,4,63.12
133260,1,273,262,Central,2026-01-14,PLACED,3,446.42
133260,2,273,106,Central,2026-01-14,PLACED,6,314.27
133260,3,273,41,Central,2026-01-14,PLACED,9,389.07
133260,4,273,275,Central,2026-01-14,PLACED,8,68.23
133260,5,273,251,Central,2026-01-14,PLACED,3,164.96
133261,1,3332,26,South,2026-01-14,PLACED,1,169.56
133261,2,3332,37,South,2026-01-14,PLACED,6,378.39
133261,3,3332,228,South,2026-01-14,PLACED,4,446.92
133261,4,3332,119,South,2026-01-14,PLACED,3,311.81
133261,5,3332,6,South,2026-01-14,PLACED,3,312.09
133262,1,497,65,South,2026-01-13,PLACED,8,439.6
133262,2,497,195,South,2026-01-13,PLACED,3,214.74
133263,1,4137,234,West,2026-01-13,PLACED,9,323.94
133263,2,4137,255,West,2026-01-13,PLACED,10,542.97
133263,3,4137,80,West,2026-01-13,PLACED,8,119.01
133264,1,3338,212,South,2026-01-13,PLACED,10,364.41
133265,1,1305,140,Central,2026-01-13,PLACED,6,75.04
133265,2,1305,186,Central,2026-01-13,PLACED,10,174.06
133265,3,1305,85,Central,2026-01-13,PLACED,4,202.75
133266,1,2947,62,Central,2026-01-14,PLACED,8,348.87
133267,1,3453,99,South,2026-01-14,PLACED,4,494.28
133267,2,3453,233,South,2026-01-14,PLACED,7,281.81
133268,1,2087,129,North,2026-01-14,PLACED,10,442.8
133269,1,3608,277,West,2026-01-13,PLACED,3,58.39
133270,1,398,185,South,2026-01-14,PLACED,5,209.75
133271,1,3225,33,West,2026-01-14,PLACED,5,293.56
133272,1,4660,92,South,2026-01-14,PLACED,3,302.39
133273,1,1526,266,Central,2026-01-14,PLACED,10,345.31
133274,1,3309,200,North,2026-01-13,PLACED,7,432.07
133274,2,3309,29,North,2026-01-13,PLACED,4,457.88
133275,1,557,185,South,2026-01-14,PLACED,2,210.6
133276,1,914,130,West,2026-01-14,PLACED,8,416.48
133277,1,622,162,Central,2026-01-14,PLACED,5,328.22
133278,1,711,277,Central,2026-01-13,PLACED,3,53.95
133278,2,711,191,Central,2026-01-13,PLACED,10,223.76
133278,3,711,92,Central,2026-01-13,PLACED,10,284.34
133279,1,1436,20,West,2026-01-14,PLACED,3,8.31
133280,1,1830,241,West,2026-01-14,PLACED,7,196.53
133281,1,2881,138,South,2026-01-13,PLACED,10,400.63
133282,1,2782,60,Central,2026-01-13,PLACED,2,183.92
133283,1,4558,270,East,2026-01-13,PLACED,3,8.04
133284,1,867,287,East,2026-01-14,PLACED,2,464.33
133285,1,652,281,North,2026-01-14,PLACED,3,390.78
133286,1,2906,46,West,2026-01-13,PLACED,9,113.88
133287,1,3427,121,East,2026-01-14,PLACED,4,364.37
133288,1,4170,231,Central,2026-01-13,PLACED,3,44.13
133288,2,4170,85,Central,2026-01-13,PLACED,5,186.09
133289,1,4520,185,West,2026-01-13,PLACED,10,190.2
133289,2,4520,176,West,2026-01-13,PLACED,2,107.89
133289,3,4520,171,West,2026-01-13,PLACED,6,427.76
133289,4,4520,180,West,2026-01-13,PLACED,2,246.93
133290,1,2500,236,North,2026-01-14,PLACED,5,69.84
133291,1,1201,236,West,2026-01-14,PLACED,7,61.0
133292,1,2668,204,East,2026-01-13,PLACED,3,91.39
133292,2,2668,96,East,2026-01-13,PLACED,8,175.4
133292,3,2668,15,East,2026-01-13,PLACED,10,315.97
133292,4,2668,296,East,2026-01-13,PLACED,6,264.29
133293,1,3906,270,North,2026-01-14,PLACED,10,8.77
133294,1,4148,227,Central,2026-01-13,PLACED,4,277.02
133295,1,3707,54,North,2026-01-14,PLACED,5,465.62
133296,1,289,197,Central,2026-01-13,PLACED,9,252.24
133296,2,289,276,Central,2026-01-13,PLACED,1,67.57
133296,3,289,184,Central,2026-01-13,PLACED,5,56.63
133296,4,289,292,Central,2026-01-13,PLACED,9,354.53
133296,5,289,56,Central,2026-01-13,PLACED,2,335.69
133296,6,289,198,Central,2026-01-13,PLACED,9,32.78
133297,1,968,286,South,2026-01-14,PLACED,2,453.02
133298,1,1731,180,South,2026-01-14,PLACED,5,248.29
133299,1,156,216,Central,2026-01-13,PLACED,8,451.22
133300,1,1015,212,South,2026-01-13,PLACED,6,383.3
133301,1,2418,277,North,2026-01-14,PLACED,1,53.16
133302,1,1987,72,South,2026-01-13,PLACED,4,464.25
133302,2,1987,142,South,2026-01-13,PLACED,4,276.36
133302,3,1987,211,South,2026-01-13,PLACED,3,146.03
133302,4,1987,134,South,2026-01-13,PLACED,1,495.21
133302,5,1987,49,South,2026-01-13,PLACED,5,326.65
133303,1,2063,149,East,2026-01-13,PLACED,4,107.69
133303,2,2063,72,East,2026-01-13,PLACED,3,468.92
133303,3,2063,201,East,2026-01-13,PLACED,3,457.03
133303,4,2063,31,East,2026-01-13,PLACED,4,403.47
133303,5,2063,180,East,2026-01-13,PLACED,10,249.83
133303,6,2063,100,East,2026-01-13,PLACED,8,411.57
133304,1,2384,79,North,2026-01-14,PLACED,3,127.53
133305,1,1468,14,West,2026-01-14,PLACED,4,110.63
133306,1,3608,62,South,2026-01-13,PLACED,10,348.18
133306,2,3608,264,South,2026-01-13,PLACED,10,74.85
133306,3,3608,176,South,2026-01-13,PLACED,7,101.14
133307,1,3645,82,West,2026-01-14,PLACED,1,142.63
133308,1,4293,251,South,2026-01-14,PLACED,7,169.68
133309,1,924,165,Central,2026-01-13,PLACED,10,402.01
133310,1,435,17,East,2026-01-13,PLACED,6,123.06
133311,1,4767,140,West,2026-01-14,PLACED,8,68.46
133312,1,2173,242,North,2026-01-14,PLACED,1,292.05
133313,1,3391,142,North,2026-01-14,PLACED,10,271.11
133314,1,3520,219,South,2026-01-13,PLACED,5,78.71
133314,2,3520,124,South,2026-01-13,PLACED,9,260.68
133315,1,4222,148,North,2026-01-13,PLACED,4,370.98
133315,2,4222,291,North,2026-01-13,PLACED,5,6.42
133315,3,4222,215,North,2026-01-13,PLACED,1,482.43
133315,4,4222,106,North,2026-01-13,PLACED,3,347.79
133315,5,4222,40,North,2026-01-13,PLACED,8,315.1
133316,1,4564,16,East,2026-01-14,PLACED,7,256.57
133317,1,827,266,Central,2026-01-14,PLACED,10,326.99
133317,2,827,226,Central,2026-01-14,PLACED,3,321.57
133317,3,827,252,Central,2026-01-14,PLACED,9,351.87
133317,4,827,117,Central,2026-01-14,PLACED,6,147.69
133317,5,827,65,Central,2026-01-14,PLACED,3,459.34
133317,6,827,69,Central,2026-01-14,PLACED,7,148.21
133318,1,4637,59,East,2026-01-14,PLACED,8,90.38
133319,1,454,105,West,2026-01-14,PLACED,5,149.82
133320,1,4962,102,West,2026-01-13,PLACED,2,346.48
133321,1,2125,13,South,2026-01-14,PLACED,5,16.61
133322,1,2899,41,South,2026-01-13,PLACED,3,383.34
133322,2,2899,206,South,2026-01-13,PLACED,6,119.71
133323,1,2189,206,South,2026-01-13,PLACED,1,110.26
133324,1,3619,93,East,2026-01-13,PLACED,4,402.8
133325,1,4568,146,Central,2026-01-13,PLACED,4,103.03
133326,1,445,223,West,2026-01-13,PLACED,9,285.44
133326,2,445,176,West,2026-01-13,PLACED,9,107.99
133327,1,2508,67,West,2026-01-14,PLACED,3,126.5
133327,2,2508,241,West,2026-01-14,PLACED,10,232.73
133327,3,2508,186,West,2026-01-14,PLACED,3,170.43
133327,4,2508,278,West,2026-01-14,PLACED,2,299.3
133327,5,2508,240,West,2026-01-14,PLACED,1,299.33
133328,1,1406,55,West,2026-01-13,PLACED,2,328.07
133329,1,3553,245,Central,2026-01-14,PLACED,3,109.47
133330,1,4361,171,East,2026-01-13,PLACED,1,512.93
133331,1,2436,243,East,2026-01-14,PLACED,2,286.57
133332,1,3829,174,North,2026-01-13,PLACED,9,365.77
133333,1,4673,223,Central,2026-01-14,PLACED,5,252.6
133334,1,3453,166,Central,2026-01-14,PLACED,7,37.47
133335,1,3568,153,Central,2026-01-13,PLACED,3,238.13
133335,2,3568,224,Central,2026-01-13,PLACED,6,347.34
133336,1,2804,12,South,2026-01-13,PLACED,6,233.83
133337,1,1025,108,North,2026-01-13,PLACED,2,212.25
133338,1,3511,87,West,2026-01-14,PLACED,7,528.78
133339,1,1870,211,East,2026-01-14,PLACED,5,127.6
133339,2,1870,138,East,2026-01-14,PLACED,2,400.21
133340,1,4948,138,South,2026-01-13,PLACED,2,346.58
133340,2,4948,248,South,2026-01-13,PLACED,2,195.22
133340,3,4948,79,South,2026-01-13,PLACED,10,148.99
133340,4,4948,262,South,2026-01-13,PLACED,2,448.51
133341,1,1250,196,Central,2026-01-14,PLACED,9,463.35
133342,1,514,230,North,2026-01-14,PLACED,6,502.34
133343,1,1674,43,North,2026-01-13,PLACED,9,125.39
133344,1,1994,209,North,2026-01-13,PLACED,6,197.27
133345,1,13,48,Central,2026-01-14,PLACED,7,154.35
133346,1,4234,260,Central,2026-01-14,PLACED,4,462.54
133347,1,2643,7,Central,2026-01-13,PLACED,6,414.31
133347,2,2643,102,Central,2026-01-13,PLACED,5,381.27
133348,1,726,289,West,2026-01-14,PLACED,8,197.77
133348,2,726,185,West,2026-01-14,PLACED,8,218.61
133349,1,2848,54,West,2026-01-13,PLACED,1,476.7
133350,1,3356,162,North,2026-01-13,PLACED,8,322.37
133350,2,3356,157,North,2026-01-13,PLACED,2,182.43
133351,1,1789,160,East,2026-01-13,PLACED,4,108.51
133352,1,4295,243,North,2026-01-14,PLACED,6,266.4
133353,1,2640,238,South,2026-01-14,PLACED,10,118.73
133354,1,4747,254,South,2026-01-13,PLACED,1,239.45
133355,1,3930,161,East,2026-01-13,PLACED,7,40.86
133356,1,3992,265,East,2026-01-13,PLACED,9,419.9
133357,1,4403,51,North,2026-01-14,PLACED,8,204.71
133357,2,4403,250,North,2026-01-14,PLACED,2,168.72
133357,3,4403,241,North,2026-01-14,PLACED,7,196.04
133357,4,4403,247,North,2026-01-14,PLACED,8,129.52
133358,1,3047,70,East,2026-01-13,PLACED,3,132.68
133359,1,1989,147,East,2026-01-13,PLACED,10,245.15
133359,2,1989,119,East,2026-01-13,PLACED,4,312.92
133360,1,1839,23,Central,2026-01-14,PLACED,2,186.51
133361,1,4439,77,Central,2026-01-14,PLACED,1,479.25
133362,1,4727,90,Central,2026-01-13,PLACED,7,26.99
133363,1,4112,129,North,2026-01-14,PLACED,3,429.41
133363,2,4112,261,North,2026-01-14,PLACED,3,482.61
133363,3,4112,272,North,2026-01-14,PLACED,10,149.99
133363,4,4112,188,North,2026-01-14,PLACED,8,138.35
133364,1,1877,217,East,2026-01-14,PLACED,10,270.67
133365,1,884,113,South,2026-01-13,PLACED,2,253.23
133366,1,850,175,West,2026-01-13,PLACED,10,399.28
133366,2,850,158,West,2026-01-13,PLACED,7,274.16
133367,1,1737,260,South,2026-01-14,PLACED,7,482.39
133368,1,2461,61,Central,2026-01-14,PLACED,5,458.67
133369,1,1319,298,Central,2026-01-13,PLACED,1,9.6
133370,1,1195,262,West,2026-01-13,PLACED,5,472.21
133371,1,657,199,North,2026-01-14,PLACED,9,507.4
133372,1,2280,37,Central,2026-01-13,PLACED,10,407.52
133373,1,2838,61,Central,2026-01-14,PLACED,6,503.17
133374,1,4463,36,South,2026-01-13,PLACED,7,284.24
133375,1,1804,74,North,2026-01-13,PLACED,4,167.04
133376,1,1115,10,Central,2026-01-13,PLACED,2,19.5
133377,1,4499,271,South,2026-01-13,PLACED,4,379.27
133377,2,4499,167,South,2026-01-13,PLACED,8,121.75
133378,1,2988,286,North,2026-01-13,PLACED,4,413.88
133378,2,2988,97,North,2026-01-13,PLACED,10,448.34
133378,3,2988,234,North,2026-01-13,PLACED,9,353.26
133379,1,3712,109,West,2026-01-13,PLACED,9,224.71
133379,2,3712,129,West,2026-01-13,PLACED,1,446.07
133379,3,3712,180,West,2026-01-13,PLACED,10,241.67
133379,4,3712,150,West,2026-01-13,PLACED,8,156.07
133379,5,3712,41,West,2026-01-13,PLACED,3,326.12
133379,6,3712,36,West,2026-01-13,PLACED,4,259.23
133379,7,3712,291,West,2026-01-13,PLACED,8,6.58
133379,8,3712,250,West,2026-01-13,PLACED,9,151.98
133379,9,3712,163,West,2026-01-13,PLACED,1,119.21
133380,1,3401,115,North,2026-01-14,PLACED,3,424.54
133381,1,3822,286,North,2026-01-13,PLACED,4,491.33
133382,1,4823,88,East,2026-01-13,PLACED,6,245.8
133382,2,4823,74,East,2026-01-13,PLACED,3,168.4
133383,1,758,260,Central,2026-01-13,PLACED,6,449.49
133384,1,2529,133,West,2026-01-14,PLACED,8,444.57
133385,1,2556,59,North,2026-01-13,PLACED,1,77.45
133386,1,3420,167,West,2026-01-13,PLACED,4,128.22
133387,1,4530,74,East,2026-01-14,PLACED,8,153.17
133387,2,4530,141,East,2026-01-14,PLACED,6,228.0
133388,1,3273,238,South,2026-01-14,PLACED,9,118.72
133389,1,187,169,Central,2026-01-13,PLACED,5,111.64
133390,1,2244,48,South,2026-01-14,PLACED,8,141.42
133391,1,2293,125,South,2026-01-13,PLACED,8,5.39
133391,2,2293,20,South,2026-01-13,PLACED,10,8.26
133391,3,2293,251,South,2026-01-13,PLACED,7,152.6
133391,4,2293,186,South,2026-01-13,PLACED,8,160.38
133392,1,4469,92,East,2026-01-14,PLACED,5,320.86
133393,1,2858,261,North,2026-01-13,PLACED,1,429.56
133394,1,2482,217,West,2026-01-13,PLACED,8,288.82
133395,1,441,36,West,2026-01-13,PLACED,1,253.85
133395,2,441,279,West,2026-01-13,PLACED,7,149.54
133395,3,441,1,West,2026-01-13,PLACED,6,320.3
133395,4,441,204,West,2026-01-13,PLACED,8,79.18
133396,1,1776,111,South,2026-01-14,PLACED,6,429.3
133397,1,984,155,West,2026-01-14,PLACED,6,69.15
133398,1,4683,50,North,2026-01-13,PLACED,9,173.95
133398,2,4683,267,North,2026-01-13,PLACED,9,286.28
133399,1,3945,201,Central,2026-01-13,PLACED,1,463.2
133400,1,3614,280,North,2026-01-13,PLACED,5,300.89
133401,1,68,48,South,2026-01-13,PLACED,7,131.94
133402,1,3325,163,West,2026-01-14,PLACED,9,112.66
133403,1,1560,174,West,2026-01-14,PLACED,7,354.49
133404,1,1509,128,Central,2026-01-13,PLACED,10,474.12
133405,1,4485,212,West,2026-01-13,PLACED,10,367.89
133406,1,2147,198,North,2026-01-13,PLACED,10,29.82
133406,2,2147,256,North,2026-01-13,PLACED,4,481.69
133406,3,2147,61,North,2026-01-13,PLACED,10,467.26
133406,4,2147,208,North,2026-01-13,PLACED,2,36.9
133407,1,3967,84,East,2026-01-14,PLACED,1,491.53
133408,1,699,226,Central,2026-01-14,PLACED,3,300.06
133408,2,699,177,Central,2026-01-14,PLACED,2,50.99
133408,3,699,93,Central,2026-01-14,PLACED,1,388.43
133409,1,1526,168,West,2026-01-14,PLACED,9,354.72
133409,2,1526,203,West,2026-01-14,PLACED,10,431.04
133410,1,4763,90,North,2026-01-13,PLACED,4,30.24
133410,2,4763,63,North,2026-01-13,PLACED,8,252.97
133410,3,4763,191,North,2026-01-13,PLACED,10,194.06
133410,4,4763,276,North,2026-01-13,PLACED,8,59.35
133411,1,4233,136,South,2026-01-13,PLACED,5,221.97
133412,1,957,138,West,2026-01-14,PLACED,8,416.12
133413,1,3823,75,South,2026-01-14,PLACED,1,362.09
133413,2,3823,165,South,2026-01-14,PLACED,1,426.51
133414,1,4094,261,South,2026-01-14,PLACED,5,407.05
133415,1,745,104,North,2026-01-14,PLACED,10,255.5
133416,1,343,244,East,2026-01-14,PLACED,1,460.94
133416,2,343,277,East,2026-01-14,PLACED,10,55.83
133417,1,3835,45,Central,2026-01-13,PLACED,10,45.52
133418,1,4650,34,North,2026-01-13,PLACED,10,479.18
133418,2,4650,258,North,2026-01-13,PLACED,1,103.27
133419,1,3709,264,North,2026-01-13,PLACED,5,84.82
133420,1,1006,52,South,2026-01-13,PLACED,9,100.92
133421,1,3328,241,West,2026-01-14,PLACED,1,217.05
133421,2,3328,292,West,2026-01-14,PLACED,1,383.96
133421,3,3328,195,West,2026-01-14,PLACED,9,225.37
133421,4,3328,200,West,2026-01-14,PLACED,4,459.87
133421,5,3328,73,West,2026-01-14,PLACED,3,465.01
133422,1,2276,164,North,2026-01-13,PLACED,3,450.95
133422,2,2276,249,North,2026-01-13,PLACED,5,320.35
133423,1,4237,252,East,2026-01-14,PLACED,9,394.21
133424,1,1731,206,East,2026-01-14,PLACED,6,111.41
133425,1,3306,1,North,2026-01-14,PLACED,5,334.93
133426,1,3802,133,Central,2026-01-13,PLACED,4,469.42
133426,2,3802,294,Central,2026-01-13,PLACED,6,145.6
133427,1,1014,150,North,2026-01-13,PLACED,10,153.3
133428,1,2146,210,East,2026-01-13,PLACED,8,449.18
133429,1,3220,130,Central,2026-01-13,PLACED,8,389.23
133430,1,1115,46,East,2026-01-13,PLACED,5,127.01
133430,2,1115,246,East,2026-01-13,PLACED,4,324.13
133430,3,1115,12,East,2026-01-13,PLACED,1,252.88
133431,1,160,249,East,2026-01-13,PLACED,9,322.74
133431,2,160,201,East,2026-01-13,PLACED,3,471.42
133432,1,3350,199,South,2026-01-14,PLACED,4,534.12
133432,2,3350,235,South,2026-01-14,PLACED,6,127.63
133433,1,1912,58,East,2026-01-13,PLACED,9,355.1
133434,1,2576,96,West,2026-01-13,PLACED,5,203.56
133434,2,2576,242,West,2026-01-13,PLACED,2,283.2
133434,3,2576,198,West,2026-01-13,PLACED,1,29.0
133434,4,2576,21,West,2026-01-13,PLACED,8,425.81
133434,5,2576,111,West,2026-01-13,PLACED,4,459.91
133434,6,2576,151,West,2026-01-13,PLACED,9,491.01
133434,7,2576,159,West,2026-01-13,PLACED,7,117.6
133434,8,2576,7,West,2026-01-13,PLACED,3,485.92
133434,9,2576,168,West,2026-01-13,PLACED,1,345.42
133435,1,1022,211,North,2026-01-14,PLACED,4,128.37
133436,1,1368,247,East,2026-01-14,PLACED,3,133.5
133437,1,590,135,West,2026-01-13,PLACED,3,44.06
133437,2,590,95,West,2026-01-13,PLACED,2,39.32
133437,3,590,159,West,2026-01-13,PLACED,5,107.7
133437,4,590,166,West,2026-01-13,PLACED,5,38.24
133437,5,590,28,West,2026-01-13,PLACED,6,50.94
133437,6,590,271,West,2026-01-13,PLACED,6,387.69
133438,1,1261,279,East,2026-01-13,PLACED,1,150.15
133439,1,2692,104,South,2026-01-14,PLACED,4,288.18
133439,2,2692,57,South,2026-01-14,PLACED,8,91.5
133440,1,4335,214,Central,2026-01-14,PLACED,4,220.46
133441,1,4392,247,North,2026-01-14,PLACED,6,116.24
133442,1,4095,139,East,2026-01-13,PLACED,5,404.67
133443,1,3319,159,West,2026-01-14,PLACED,8,127.95
133444,1,3299,194,North,2026-01-13,PLACED,8,499.79
133445,1,2929,291,West,2026-01-14,PLACED,10,6.29
133446,1,2285,128,South,2026-01-14,PLACED,3,468.12
133447,1,1529,68,South,2026-01-13,PLACED,2,20.83
133448,1,2507,164,West,2026-01-14,PLACED,10,448.22
133449,1,3409,117,South,2026-01-13,PLACED,3,144.61
133450,1,4802,286,Central,2026-01-13,PLACED,1,414.18
133451,1,409,119,North,2026-01-14,PLACED,3,287.65
133452,1,1997,132,South,2026-01-13,PLACED,8,31.91
133453,1,1803,99,North,2026-01-13,PLACED,9,505.55
133453,2,1803,253,North,2026-01-13,PLACED,10,44.74
133453,3,1803,255,North,2026-01-13,PLACED,6,544.11
133453,4,1803,208,North,2026-01-13,PLACED,7,31.47
133454,1,394,288,West,2026-01-14,PLACED,8,47.43
133454,2,394,129,West,2026-01-14,PLACED,2,443.87
133455,1,1220,153,South,2026-01-13,PLACED,4,233.27
133456,1,288,64,West,2026-01-13,PLACED,3,351.35
133457,1,3536,28,West,2026-01-13,PLACED,10,55.07
133457,2,3536,109,West,2026-01-13,PLACED,7,220.39
133458,1,3693,278,South,2026-01-14,PLACED,3,260.62
133459,1,1305,150,South,2026-01-13,PLACED,10,163.86
133460,1,903,299,North,2026-01-13,PLACED,5,40.42
133461,1,1289,14,Central,2026-01-14,PLACED,1,110.18
133462,1,3807,12,East,2026-01-13,PLACED,10,275.18
133462,2,3807,85,East,2026-01-13,PLACED,4,220.32
133462,3,3807,141,East,2026-01-13,PLACED,4,246.81
133462,4,3807,98,East,2026-01-13,PLACED,2,284.78
133462,5,3807,5,East,2026-01-13,PLACED,1,358.08
133462,6,3807,232,East,2026-01-13,PLACED,8,91.75
133462,7,3807,138,East,2026-01-13,PLACED,5,419.6
133463,1,100,248,East,2026-01-13,PLACED,8,213.77
133464,1,3612,217,East,2026-01-14,PLACED,3,292.59
133465,1,3015,92,Central,2026-01-14,PLACED,10,332.39
133466,1,649,188,East,2026-01-14,PLACED,9,130.14
133467,1,321,28,South,2026-01-13,PLACED,3,48.37
133467,2,321,126,South,2026-01-13,PLACED,4,151.62
133467,3,321,40,South,2026-01-13,PLACED,5,305.16
133467,4,321,229,South,2026-01-13,PLACED,4,74.76
133467,5,321,195,South,2026-01-13,PLACED,10,224.8
133467,6,321,259,South,2026-01-13,PLACED,8,143.94
133468,1,3500,194,West,2026-01-13,PLACED,1,428.12
133468,2,3500,14,West,2026-01-13,PLACED,10,111.68
133469,1,4016,47,West,2026-01-13,PLACED,4,54.15
133470,1,2928,53,West,2026-01-13,PLACED,5,145.21
133471,1,1837,221,East,2026-01-14,PLACED,6,486.21
133472,1,2580,247,North,2026-01-13,PLACED,8,132.65
133473,1,1542,285,South,2026-01-13,PLACED,4,266.52
133474,1,1297,35,South,2026-01-13,PLACED,9,175.68
133474,2,1297,129,South,2026-01-13,PLACED,5,427.98
133474,3,1297,78,South,2026-01-13,PLACED,3,249.29
133474,4,1297,214,South,2026-01-13,PLACED,9,221.08
133474,5,1297,137,South,2026-01-13,PLACED,3,41.45
133474,6,1297,189,South,2026-01-13,PLACED,6,106.54
133475,1,285,173,Central,2026-01-13,PLACED,6,252.01
133475,2,285,280,Central,2026-01-13,PLACED,4,309.57
133476,1,1207,51,East,2026-01-13,PLACED,5,196.07
133477,1,1556,242,North,2026-01-14,PLACED,2,311.39
133477,2,1556,290,North,2026-01-14,PLACED,9,149.74
133477,3,1556,23,North,2026-01-14,PLACED,2,167.42
133478,1,4624,298,Central,2026-01-14,PLACED,4,9.5
133479,1,3769,163,South,2026-01-14,PLACED,8,114.71
133479,2,3769,162,South,2026-01-14,PLACED,4,339.71
133480,1,3899,142,Central,2026-01-13,PLACED,5,257.33
133481,1,3709,236,North,2026-01-13,PLACED,7,58.07
133481,2,3709,219,North,2026-01-13,PLACED,4,85.03
133481,3,3709,128,North,2026-01-13,PLACED,3,454.76
133481,4,3709,224,North,2026-01-13,PLACED,6,359.82
133481,5,3709,85,North,2026-01-13,PLACED,1,213.41
133481,6,3709,54,North,2026-01-13,PLACED,10,477.65
133481,7,3709,16,North,2026-01-13,PLACED,3,276.95
133481,8,3709,36,North,2026-01-13,PLACED,8,289.91
133482,1,968,269,West,2026-01-14,PLACED,3,344.34
133483,1,3920,129,North,2026-01-13,PLACED,6,469.43
133484,1,577,236,West,2026-01-13,PLACED,3,70.33
133484,2,577,51,West,2026-01-13,PLACED,4,190.27
133485,1,1756,176,North,2026-01-14,PLACED,1,106.35
133486,1,1912,126,East,2026-01-13,PLACED,8,178.58
133487,1,4099,195,North,2026-01-13,PLACED,8,206.16
133488,1,3528,215,Central,2026-01-13,PLACED,2,481.32
133488,2,3528,34,Central,2026-01-13,PLACED,1,476.8
133488,3,3528,207,Central,2026-01-13,PLACED,4,215.17
133488,4,3528,83,Central,2026-01-13,PLACED,2,318.75
133488,5,3528,216,Central,2026-01-13,PLACED,3,448.79
133488,6,3528,155,Central,2026-01-13,PLACED,2,68.08
133488,7,3528,68,Central,2026-01-13,PLACED,4,21.3
133489,1,4060,105,East,2026-01-14,PLACED,4,140.88
133489,2,4060,262,East,2026-01-14,PLACED,4,472.67
133490,1,3127,27,North,2026-01-14,PLACED,8,50.19
133491,1,2634,169,East,2026-01-13,PLACED,6,100.96
133492,1,3434,186,South,2026-01-14,PLACED,2,168.42
133492,2,3434,212,South,2026-01-14,PLACED,7,420.88
133493,1,344,174,Central,2026-01-13,PLACED,10,390.68
133494,1,1463,254,East,2026-01-13,PLACED,7,224.95
133495,1,4276,65,North,2026-01-14,PLACED,3,400.24
133496,1,97,259,East,2026-01-14,PLACED,2,127.13
133497,1,1777,72,West,2026-01-13,PLACED,6,473.66
133498,1,607,279,Central,2026-01-14,PLACED,5,143.81
133499,1,967,176,North,2026-01-14,PLACED,6,93.7
133500,1,1264,223,West,2026-01-13,PLACED,1,252.85
133500,2,1264,206,West,2026-01-13,PLACED,4,104.88
133500,3,1264,99,West,2026-01-13,PLACED,3,524.73
133501,1,607,295,North,2026-01-14,PLACED,7,399.75
133502,1,1282,92,North,2026-01-14,PLACED,8,346.14
133503,1,326,14,East,2026-01-13,PLACED,5,101.9
133503,2,326,300,East,2026-01-13,PLACED,4,437.22
133503,3,326,272,East,2026-01-13,PLACED,1,141.87
133503,4,326,49,East,2026-01-13,PLACED,1,321.5
133503,5,326,96,East,2026-01-13,PLACED,1,191.39
133503,6,326,211,East,2026-01-13,PLACED,10,130.23
133503,7,326,260,East,2026-01-13,PLACED,8,472.48
133503,8,326,189,East,2026-01-13,PLACED,9,103.19
133504,1,1921,101,South,2026-01-13,PLACED,8,11.45
133505,1,2454,134,West,2026-01-14,PLACED,3,503.5
133505,2,2454,92,West,2026-01-14,PLACED,9,289.79
133506,1,448,168,Central,2026-01-13,PLACED,7,334.69
133506,2,448,63,Central,2026-01-13,PLACED,1,300.59
133507,1,4468,81,Central,2026-01-14,PLACED,8,272.05
133508,1,3797,85,East,2026-01-13,PLACED,8,214.68
133509,1,1933,204,North,2026-01-13,PLACED,8,84.69
133510,1,1186,106,West,2026-01-13,PLACED,6,297.75
133511,1,1755,98,Central,2026-01-13,PLACED,10,281.69
133512,1,2143,217,East,2026-01-13,PLACED,6,286.53
133512,2,2143,96,East,2026-01-13,PLACED,1,202.66
133512,3,2143,27,East,2026-01-13,PLACED,8,48.27
133512,4,2143,124,East,2026-01-13,PLACED,10,256.33
133512,5,2143,203,East,2026-01-13,PLACED,8,461.56
133512,6,2143,128,East,2026-01-13,PLACED,3,507.46
133512,7,2143,96,East,2026-01-13,PLACED,8,209.06
133512,8,2143,256,East,2026-01-13,PLACED,10,495.3
133512,9,2143,142,East,2026-01-13,PLACED,9,289.26
133513,1,3778,2,West,2026-01-14,PLACED,9,18.23
133514,1,1928,92,South,2026-01-13,PLACED,7,305.77
133515,1,3552,144,South,2026-01-14,PLACED,2,452.04
133516,1,3319,32,North,2026-01-14,PLACED,10,337.13
133517,1,3006,210,West,2026-01-14,PLACED,7,490.84
133518,1,2789,187,South,2026-01-13,PLACED,2,420.39
133519,1,1577,177,Central,2026-01-14,PLACED,1,56.58
133519,2,1577,272,Central,2026-01-14,PLACED,5,140.86
133519,3,1577,85,Central,2026-01-14,PLACED,4,220.29
133520,1,1176,97,West,2026-01-13,PLACED,3,451.34
133521,1,2617,293,North,2026-01-14,PLACED,7,351.68
133522,1,1326,66,South,2026-01-13,PLACED,5,371.63
133522,2,1326,13,South,2026-01-13,PLACED,7,18.54
133522,3,1326,161,South,2026-01-13,PLACED,1,39.78
133522,4,1326,267,South,2026-01-13,PLACED,2,334.44
133522,5,1326,194,South,2026-01-13,PLACED,3,482.14
133522,6,1326,174,South,2026-01-13,PLACED,2,366.6
133522,7,1326,287,South,2026-01-13,PLACED,1,423.71
133522,8,1326,103,South,2026-01-13,PLACED,1,355.44
133523,1,4700,154,East,2026-01-13,PLACED,7,242.06
133524,1,2972,18,South,2026-01-13,PLACED,2,311.04
133525,1,2242,123,South,2026-01-13,PLACED,4,370.19
133525,2,2242,271,South,2026-01-13,PLACED,7,427.45
133525,3,2242,64,South,2026-01-13,PLACED,4,313.44
133526,1,1122,275,South,2026-01-13,PLACED,7,69.98
133526,2,1122,193,South,2026-01-13,PLACED,2,141.34
133527,1,2766,72,West,2026-01-14,PLACED,1,430.15
133528,1,3244,75,Central,2026-01-13,PLACED,10,331.84
133529,1,3195,105,North,2026-01-14,PLACED,4,141.46
133530,1,1557,15,South,2026-01-14,PLACED,3,303.41
133531,1,4780,225,Central,2026-01-14,PLACED,3,34.59
133532,1,3943,26,Central,2026-01-14,PLACED,10,171.3
133532,2,3943,248,Central,2026-01-14,PLACED,9,189.14
133532,3,3943,65,Central,2026-01-14,PLACED,7,441.02
133532,4,3943,129,Central,2026-01-14,PLACED,10,410.9
133532,5,3943,157,Central,2026-01-14,PLACED,4,187.64
133532,6,3943,35,Central,2026-01-14,PLACED,5,204.24
133532,7,3943,230,Central,2026-01-14,PLACED,6,475.88
133532,8,3943,123,Central,2026-01-14,PLACED,9,419.07
133533,1,253,272,Central,2026-01-14,PLACED,6,155.65
133534,1,1264,26,West,2026-01-13,PLACED,6,162.81
133535,1,4248,125,South,2026-01-13,PLACED,10,4.92
133536,1,3226,193,East,2026-01-14,PLACED,8,133.87
133536,2,3226,123,East,2026-01-14,PLACED,2,398.64
133537,1,2707,34,East,2026-01-13,PLACED,7,512.49
133538,1,573,270,Central,2026-01-13,PLACED,5,9.5
133539,1,1265,95,North,2026-01-13,PLACED,8,33.15
133540,1,3575,187,West,2026-01-14,PLACED,8,464.48
133541,1,3826,295,North,2026-01-13,PLACED,7,384.88
133541,2,3826,152,North,2026-01-13,PLACED,5,341.09
133541,3,3826,234,North,2026-01-13,PLACED,8,348.51
133542,1,1099,118,South,2026-01-13,PLACED,5,329.05
133543,1,3406,95,East,2026-01-14,PLACED,10,34.38
133544,1,146,257,East,2026-01-14,PLACED,2,41.26
133545,1,3012,283,East,2026-01-14,PLACED,8,326.07
133546,1,1856,39,South,2026-01-13,PLACED,3,451.09
133546,2,1856,80,South,2026-01-13,PLACED,10,135.71
133546,3,1856,8,South,2026-01-13,PLACED,1,46.72
133546,4,1856,218,South,2026-01-13,PLACED,2,372.12
133546,5,1856,141,South,2026-01-13,PLACED,1,240.33
133547,1,4708,64,North,2026-01-14,PLACED,7,327.7
133548,1,4006,7,North,2026-01-14,PLACED,3,451.08
133549,1,4643,200,East,2026-01-13,PLACED,3,389.89
133549,2,4643,215,East,2026-01-13,PLACED,5,481.04
133549,3,4643,107,East,2026-01-13,PLACED,7,58.96
133549,4,4643,93,East,2026-01-13,PLACED,2,415.52
133549,5,4643,233,East,2026-01-13,PLACED,5,303.45
133549,6,4643,251,East,2026-01-13,PLACED,6,151.7
133549,7,4643,101,East,2026-01-13,PLACED,7,11.1
133549,8,4643,7,East,2026-01-13,PLACED,4,461.19
133549,9,4643,8,East,2026-01-13,PLACED,7,46.18
133549,10,4643,102,East,2026-01-13,PLACED,10,384.41
133550,1,3324,28,West,2026-01-14,PLACED,4,56.29
133550,2,3324,139,West,2026-01-14,PLACED,10,373.79
133550,3,3324,242,West,2026-01-14,PLACED,5,318.87
133550,4,3324,95,West,2026-01-14,PLACED,6,34.88
133551,1,440,114,East,2026-01-13,PLACED,6,100.34
133552,1,849,143,East,2026-01-14,PLACED,6,135.98
133552,2,849,189,East,2026-01-14,PLACED,5,107.7
133552,3,849,128,East,2026-01-14,PLACED,9,442.57
133552,4,849,32,East,2026-01-14,PLACED,3,330.11
133552,5,849,253,East,2026-01-14,PLACED,4,41.5
133553,1,4296,176,North,2026-01-14,PLACED,5,99.45
133554,1,15,51,South,2026-01-13,PLACED,3,195.88
133555,1,1260,101,East,2026-01-14,PLACED,3,10.33
133556,1,1676,274,East,2026-01-14,PLACED,6,427.43
133556,2,1676,146,East,2026-01-14,PLACED,9,116.03
133557,1,2413,130,West,2026-01-14,PLACED,4,394.67
133557,2,2413,236,West,2026-01-14,PLACED,9,68.48
133558,1,1013,258,South,2026-01-13,PLACED,7,100.24
133559,1,287,55,West,2026-01-14,PLACED,3,345.11
133560,1,1732,19,East,2026-01-14,PLACED,5,424.59
133560,2,1732,217,East,2026-01-14,PLACED,10,255.02
133560,3,1732,90,East,2026-01-14,PLACED,7,30.27
133560,4,1732,36,East,2026-01-14,PLACED,1,264.01
133560,5,1732,223,East,2026-01-14,PLACED,3,256.75
133560,6,1732,290,East,2026-01-14,PLACED,7,144.96
133560,7,1732,59,East,2026-01-14,PLACED,2,92.97
133560,8,1732,107,East,2026-01-14,PLACED,2,56.72
133560,9,1732,20,East,2026-01-14,PLACED,4,8.02
133560,10,1732,163,East,2026-01-14,PLACED,10,109.62
133561,1,4983,140,North,2026-01-14,PLACED,8,65.74
133561,2,4983,209,North,2026-01-14,PLACED,10,184.79
133562,1,544,207,Central,2026-01-14,PLACED,9,198.82
133563,1,185,103,South,2026-01-14,PLACED,9,363.04
133563,2,185,107,South,2026-01-14,PLACED,3,63.21
133564,1,2894,57,Central,2026-01-14,PLACED,2,93.89
133565,1,1709,173,Central,2026-01-14,PLACED,5,239.65
133565,2,1709,66,Central,2026-01-14,PLACED,1,392.78
133565,3,1709,170,Central,2026-01-14,PLACED,2,70.82
133565,4,1709,225,Central,2026-01-14,PLACED,7,32.54
133565,5,1709,252,Central,2026-01-14,PLACED,1,365.68
133565,6,1709,222,Central,2026-01-14,PLACED,7,282.57
133565,7,1709,44,Central,2026-01-14,PLACED,6,142.42
133565,8,1709,57,Central,2026-01-14,PLACED,5,91.65
133566,1,775,128,South,2026-01-14,PLACED,2,454.38
133566,2,775,196,South,2026-01-14,PLACED,4,414.1
133567,1,2197,149,Central,2026-01-14,PLACED,1,94.54
133568,1,360,96,South,2026-01-13,PLACED,2,209.93
133568,2,360,249,South,2026-01-13,PLACED,2,366.94
133569,1,1469,48,East,2026-01-13,PLACED,4,137.31
133570,1,767,245,South,2026-01-13,PLACED,7,115.29
133571,1,3043,292,East,2026-01-14,PLACED,6,399.68
133571,2,3043,173,East,2026-01-14,PLACED,5,228.19
133572,1,1294,226,South,2026-01-14,PLACED,10,274.35
133573,1,303,180,East,2026-01-14,PLACED,1,218.06
133574,1,525,102,West,2026-01-13,PLACED,6,345.15
133574,2,525,280,West,2026-01-13,PLACED,9,328.17
133575,1,632,117,West,2026-01-14,PLACED,5,156.28
133576,1,2856,225,North,2026-01-13,PLACED,7,31.64
133577,1,4952,196,South,2026-01-13,PLACED,8,426.82
133578,1,2870,251,East,2026-01-13,PLACED,2,169.7
133578,2,2870,235,East,2026-01-13,PLACED,6,125.85
133578,3,2870,274,East,2026-01-13,PLACED,3,497.15
133579,1,2378,62,North,2026-01-13,PLACED,10,294.5
133579,2,2378,218,North,2026-01-13,PLACED,6,379.23
133580,1,78,151,South,2026-01-13,PLACED,4,475.6
133581,1,3535,75,East,2026-01-13,PLACED,6,302.22
133582,1,3804,232,North,2026-01-14,PLACED,3,100.26
133582,2,3804,132,North,2026-01-14,PLACED,7,31.1
133582,3,3804,164,North,2026-01-14,PLACED,10,440.42
133583,1,4075,145,North,2026-01-14,PLACED,7,227.08
133583,2,4075,58,North,2026-01-14,PLACED,1,390.32
133583,3,4075,284,North,2026-01-14,PLACED,2,140.16
133583,4,4075,70,North,2026-01-14,PLACED,9,144.35
133584,1,2398,228,East,2026-01-14,PLACED,7,411.33
133585,1,1266,123,Central,2026-01-14,PLACED,7,374.73
133586,1,4648,68,West,2026-01-14,PLACED,9,22.87
133586,2,4648,78,West,2026-01-14,PLACED,8,219.26
133586,3,4648,118,West,2026-01-14,PLACED,10,291.27
133587,1,99,166,North,2026-01-14,PLACED,7,43.27
133588,1,3483,4,Central,2026-01-13,PLACED,2,105.69
133588,2,3483,136,Central,2026-01-13,PLACED,5,266.24
133588,3,3483,147,Central,2026-01-13,PLACED,10,265.27
133588,4,3483,150,Central,2026-01-13,PLACED,10,170.24
133588,5,3483,132,Central,2026-01-13,PLACED,3,35.72
133588,6,3483,225,Central,2026-01-13,PLACED,8,33.14
133588,7,3483,196,Central,2026-01-13,PLACED,7,395.67
133588,8,3483,109,Central,2026-01-13,PLACED,10,234.78
133589,1,591,300,Central,2026-01-14,PLACED,2,407.84
133590,1,3026,31,West,2026-01-14,PLACED,9,380.33
133590,2,3026,93,West,2026-01-14,PLACED,7,381.45
133591,1,4804,82,North,2026-01-14,PLACED,9,126.23
133592,1,2521,149,East,2026-01-14,PLACED,5,101.6
133593,1,1979,297,East,2026-01-14,PLACED,7,234.73
133594,1,4622,164,Central,2026-01-14,PLACED,1,444.09
133595,1,1440,149,South,2026-01-13,PLACED,7,103.23
133596,1,245,114,South,2026-01-13,PLACED,4,95.67
133597,1,1335,7,North,2026-01-14,PLACED,1,435.71
133598,1,2885,243,North,2026-01-13,PLACED,4,282.63
133598,2,2885,223,North,2026-01-13,PLACED,1,282.7
133598,3,2885,3,North,2026-01-13,PLACED,9,127.85
133598,4,2885,101,North,2026-01-13,PLACED,6,11.26
133598,5,2885,38,North,2026-01-13,PLACED,3,303.4
133598,6,2885,110,North,2026-01-13,PLACED,1,461.09
133598,7,2885,159,North,2026-01-13,PLACED,10,108.29
133598,8,2885,176,North,2026-01-13,PLACED,4,92.94
133598,9,2885,93,North,2026-01-13,PLACED,10,366.99
133598,10,2885,202,North,2026-01-13,PLACED,9,466.52
133599,1,2854,271,West,2026-01-14,PLACED,10,422.49
133599,2,2854,231,West,2026-01-14,PLACED,1,41.23
133600,1,1650,248,West,2026-01-13,PLACED,3,214.6
133601,1,2639,179,Central,2026-01-13,PLACED,1,225.42
133602,1,1780,232,Central,2026-01-14,PLACED,7,95.09
133603,1,1269,264,Central,2026-01-13,PLACED,10,86.79
133604,1,4367,257,East,2026-01-13,PLACED,8,38.63
133605,1,1193,152,South,2026-01-13,PLACED,1,300.19
133606,1,4966,23,West,2026-01-13,PLACED,1,161.44
133606,2,4966,151,West,2026-01-13,PLACED,4,473.22
133607,1,883,145,North,2026-01-13,PLACED,1,214.72
133607,2,883,137,North,2026-01-13,PLACED,7,40.97
133607,3,883,216,North,2026-01-13,PLACED,9,521.2
133607,4,883,237,North,2026-01-13,PLACED,9,475.88
133607,5,883,259,North,2026-01-13,PLACED,8,146.97
133608,1,2837,31,East,2026-01-13,PLACED,4,432.48
133608,2,2837,212,East,2026-01-13,PLACED,3,423.99
133608,3,2837,28,East,2026-01-13,PLACED,10,52.96
133609,1,2370,219,Central,2026-01-13,PLACED,8,85.34
133610,1,4191,23,Central,2026-01-14,PLACED,5,171.39
133611,1,3630,129,South,2026-01-14,PLACED,4,476.41
133611,2,3630,52,South,2026-01-14,PLACED,2,113.71
133611,3,3630,176,South,2026-01-14,PLACED,3,104.35
133611,4,3630,7,South,2026-01-14,PLACED,2,447.23
133612,1,3802,128,East,2026-01-13,PLACED,2,486.39
133613,1,3905,21,East,2026-01-14,PLACED,4,410.45
133613,2,3905,226,East,2026-01-14,PLACED,8,267.19
133613,3,3905,113,East,2026-01-14,PLACED,5,249.6
133613,4,3905,176,East,2026-01-14,PLACED,7,99.93
133614,1,4078,6,Central,2026-01-14,PLACED,8,350.97
133614,2,4078,182,Central,2026-01-14,PLACED,7,371.21
133615,1,1561,288,North,2026-01-14,PLACED,4,47.27
133616,1,4212,7,Central,2026-01-13,PLACED,1,433.44
133616,2,4212,110,Central,2026-01-13,PLACED,8,444.94
133616,3,4212,139,Central,2026-01-13,PLACED,1,417.66
133616,4,4212,212,Central,2026-01-13,PLACED,2,380.38
133617,1,2745,194,North,2026-01-13,PLACED,8,489.88
133618,1,1077,196,South,2026-01-13,PLACED,5,394.63
133618,2,1077,144,South,2026-01-13,PLACED,10,399.89
133619,1,3547,88,North,2026-01-14,PLACED,2,279.95
133620,1,3435,37,East,2026-01-13,PLACED,3,387.34
133620,2,3435,146,East,2026-01-13,PLACED,2,120.75
133620,3,3435,180,East,2026-01-13,PLACED,10,233.34
133620,4,3435,65,East,2026-01-13,PLACED,5,403.82
133620,5,3435,192,East,2026-01-13,PLACED,7,129.18
133621,1,1475,71,East,2026-01-13,PLACED,3,99.38
133621,2,1475,219,East,2026-01-13,PLACED,1,79.28
133621,3,1475,265,East,2026-01-13,PLACED,3,425.34
133621,4,1475,147,East,2026-01-13,PLACED,10,262.25
133621,5,1475,156,East,2026-01-13,PLACED,1,126.95
133621,6,1475,283,East,2026-01-13,PLACED,8,287.91
133621,7,1475,2,East,2026-01-13,PLACED,3,18.99
133621,8,1475,145,East,2026-01-13,PLACED,5,199.13
133621,9,1475,114,East,2026-01-13,PLACED,8,85.48
133621,10,1475,159,East,2026-01-13,PLACED,2,115.75
133622,1,3720,62,North,2026-01-14,PLACED,5,331.99
133623,1,4684,76,Central,2026-01-14,PLACED,5,181.45
133623,2,4684,299,Central,2026-01-14,PLACED,9,39.82
133623,3,4684,200,Central,2026-01-14,PLACED,10,412.83
133623,4,4684,57,Central,2026-01-14,PLACED,9,85.92
133623,5,4684,77,Central,2026-01-14,PLACED,8,433.58
133624,1,3515,54,North,2026-01-14,PLACED,5,463.77
133625,1,4618,146,East,2026-01-14,PLACED,2,98.96
133626,1,4908,50,South,2026-01-14,PLACED,2,178.36
133626,2,4908,265,South,2026-01-14,PLACED,5,443.17
133626,3,4908,298,South,2026-01-14,PLACED,1,9.93
133627,1,529,151,Central,2026-01-14,PLACED,3,502.6
133628,1,3358,35,North,2026-01-14,PLACED,4,206.72
133629,1,3622,288,East,2026-01-14,PLACED,6,55.68
133630,1,1132,154,South,2026-01-13,PLACED,6,253.11
133631,1,4100,224,West,2026-01-14,PLACED,5,404.08
133632,1,4440,143,South,2026-01-13,PLACED,5,148.03
133633,1,4539,95,North,2026-01-13,PLACED,10,36.57
133633,2,4539,127,North,2026-01-13,PLACED,9,15.86
133633,3,4539,102,North,2026-01-13,PLACED,10,376.52
133633,4,4539,92,North,2026-01-13,PLACED,2,320.13
133633,5,4539,199,North,2026-01-13,PLACED,2,458.94
133634,1,1041,93,Central,2026-01-13,PLACED,3,426.65
133634,2,1041,221,Central,2026-01-13,PLACED,3,479.16
133634,3,1041,181,Central,2026-01-13,PLACED,10,337.24
133635,1,4018,73,East,2026-01-14,PLACED,2,454.18
133636,1,1168,98,North,2026-01-14,PLACED,10,265.48
133637,1,1626,281,East,2026-01-13,PLACED,2,330.54
133638,1,171,104,East,2026-01-13,PLACED,10,247.7
133639,1,2866,37,Central,2026-01-14,PLACED,8,393.05
133640,1,4639,92,West,2026-01-14,PLACED,2,292.7
133640,2,4639,60,West,2026-01-14,PLACED,8,176.63
133641,1,374,47,West,2026-01-14,PLACED,9,58.34
133642,1,656,226,Central,2026-01-14,PLACED,9,275.08
133643,1,3591,179,North,2026-01-13,PLACED,8,194.26
133643,2,3591,263,North,2026-01-13,PLACED,4,205.98
133644,1,4614,277,South,2026-01-14,PLACED,4,55.74
133644,2,4614,269,South,2026-01-14,PLACED,3,349.7
133645,1,2950,104,West,2026-01-14,PLACED,1,273.89
133645,2,2950,94,West,2026-01-14,PLACED,3,232.7
133646,1,1524,295,North,2026-01-13,PLACED,4,379.75
133647,1,897,50,South,2026-01-13,PLACED,3,181.86
133648,1,3152,58,West,2026-01-13,PLACED,1,394.62
133648,2,3152,141,West,2026-01-13,PLACED,9,260.2
133649,1,3010,134,Central,2026-01-14,PLACED,4,464.23
133650,1,162,203,East,2026-01-13,PLACED,4,424.23
133651,1,2229,106,North,2026-01-13,PLACED,10,330.03
133652,1,2757,208,South,2026-01-13,PLACED,5,36.97
133653,1,1122,150,South,2026-01-13,PLACED,7,171.0
133654,1,2177,204,Central,2026-01-14,PLACED,3,90.76
133655,1,320,37,Central,2026-01-13,PLACED,9,439.38
133656,1,4688,133,South,2026-01-13,PLACED,3,444.44
133656,2,4688,198,South,2026-01-13,PLACED,3,29.56
133656,3,4688,18,South,2026-01-13,PLACED,2,305.62
133656,4,4688,190,South,2026-01-13,PLACED,7,226.09
133657,1,2537,81,North,2026-01-14,PLACED,10,265.37
133657,2,2537,150,North,2026-01-14,PLACED,2,174.63
133657,3,2537,153,North,2026-01-14,PLACED,9,236.18
133657,4,2537,282,North,2026-01-14,PLACED,5,106.9
133657,5,2537,96,North,2026-01-14,PLACED,5,189.37
133658,1,3661,195,Central,2026-01-14,PLACED,7,213.64
133658,2,3661,9,Central,2026-01-14,PLACED,4,203.36
133659,1,4506,214,East,2026-01-13,PLACED,5,231.14
133659,2,4506,249,East,2026-01-13,PLACED,6,331.96
133660,1,1050,118,South,2026-01-14,PLACED,10,305.48
133661,1,3301,146,Central,2026-01-13,PLACED,4,112.46
133661,2,3301,80,Central,2026-01-13,PLACED,1,134.88
133662,1,721,105,North,2026-01-13,PLACED,2,131.23
133663,1,2517,267,North,2026-01-14,PLACED,1,337.75
133664,1,4769,262,West,2026-01-14,PLACED,3,474.27
133665,1,4433,64,South,2026-01-14,PLACED,10,348.61
133666,1,814,176,South,2026-01-14,PLACED,3,106.62
133667,1,2814,62,South,2026-01-13,PLACED,7,347.01
133668,1,1810,158,South,2026-01-14,PLACED,8,308.4
133669,1,318,198,North,2026-01-14,PLACED,4,29.9
133670,1,3697,182,South,2026-01-14,PLACED,4,320.81
133671,1,734,110,South,2026-01-13,PLACED,7,445.21
133671,2,734,19,South,2026-01-13,PLACED,5,369.76
133671,3,734,50,South,2026-01-13,PLACED,6,201.23
133671,4,734,249,South,2026-01-13,PLACED,10,325.91
133671,5,734,62,South,2026-01-13,PLACED,7,307.51
133672,1,1867,193,South,2026-01-13,PLACED,8,116.91
133673,1,174,251,Central,2026-01-14,PLACED,3,151.67
133673,2,174,76,Central,2026-01-14,PLACED,1,215.35
133674,1,370,17,West,2026-01-13,PLACED,1,106.8
133674,2,370,12,West,2026-01-13,PLACED,3,258.88
133674,3,370,204,West,2026-01-13,PLACED,1,92.7
133675,1,288,279,North,2026-01-13,PLACED,6,135.7
133676,1,3668,61,East,2026-01-13,PLACED,10,527.59
133677,1,1244,204,West,2026-01-14,PLACED,1,91.41
133678,1,1823,171,West,2026-01-14,PLACED,9,497.57
133678,2,1823,12,West,2026-01-14,PLACED,10,254.61
133678,3,1823,148,West,2026-01-14,PLACED,2,382.65
133678,4,1823,219,West,2026-01-14,PLACED,4,76.99
133678,5,1823,181,West,2026-01-14,PLACED,3,382.17
133679,1,80,29,West,2026-01-14,PLACED,4,428.27
133679,2,80,20,West,2026-01-14,PLACED,10,8.86
133680,1,710,83,Central,2026-01-14,PLACED,3,288.38
133681,1,1731,105,North,2026-01-14,PLACED,4,136.1
133682,1,1083,13,East,2026-01-13,PLACED,10,19.8
133683,1,58,171,South,2026-01-13,PLACED,1,477.78
133683,2,58,208,South,2026-01-13,PLACED,7,32.81
133684,1,686,5,East,2026-01-13,PLACED,7,348.68
133685,1,4654,62,South,2026-01-13,PLACED,1,291.24
133686,1,31,246,Central,2026-01-14,PLACED,7,369.03
133687,1,4619,285,North,2026-01-13,PLACED,3,264.9
133687,2,4619,154,North,2026-01-13,PLACED,6,271.93
133687,3,4619,106,North,2026-01-13,PLACED,5,346.49
133688,1,3569,157,North,2026-01-13,PLACED,2,174.15
133689,1,166,292,East,2026-01-13,PLACED,7,353.28
133690,1,166,125,South,2026-01-13,PLACED,6,5.31
133690,2,166,125,South,2026-01-13,PLACED,5,5.73
133691,1,3093,237,East,2026-01-13,PLACED,1,429.4
133691,2,3093,198,East,2026-01-13,PLACED,5,31.13
133692,1,327,148,South,2026-01-13,PLACED,4,381.84
133693,1,382,141,East,2026-01-13,PLACED,6,245.66
133694,1,2936,90,West,2026-01-13,PLACED,1,28.09
133695,1,3084,53,North,2026-01-13,PLACED,2,127.85
133696,1,639,229,East,2026-01-13,PLACED,8,89.04
133696,2,639,49,East,2026-01-13,PLACED,9,297.35
133697,1,3043,89,South,2026-01-14,PLACED,7,46.82
133698,1,738,54,West,2026-01-13,PLACED,2,455.85
133698,2,738,259,West,2026-01-13,PLACED,3,140.63
133699,1,3396,24,East,2026-01-13,PLACED,7,81.44
133700,1,1045,253,North,2026-01-13,PLACED,2,38.84
133701,1,338,289,Central,2026-01-14,PLACED,4,215.1
133702,1,3665,238,West,2026-01-14,PLACED,9,137.36
133703,1,2391,281,East,2026-01-13,PLACED,1,328.16
133704,1,2057,174,North,2026-01-13,PLACED,7,375.54
133705,1,439,180,West,2026-01-13,PLACED,8,225.04
133706,1,2598,86,North,2026-01-13,PLACED,2,106.1
133707,1,4189,32,West,2026-01-14,PLACED,9,348.64
133708,1,2561,10,Central,2026-01-14,PLACED,6,19.73
133709,1,3573,44,North,2026-01-14,PLACED,8,133.71
133710,1,1405,276,North,2026-01-14,PLACED,4,60.24
133710,2,1405,228,North,2026-01-14,PLACED,6,411.03
133710,3,1405,298,North,2026-01-14,PLACED,8,10.11
133711,1,3807,91,East,2026-01-14,PLACED,10,56.19
133712,1,4280,136,South,2026-01-14,PLACED,5,223.17
133713,1,3690,250,South,2026-01-14,PLACED,2,167.48
133714,1,4011,98,West,2026-01-13,PLACED,4,240.71
133715,1,125,50,East,2026-01-13,PLACED,2,179.45
133715,2,125,67,East,2026-01-13,PLACED,7,123.57
133715,3,125,242,East,2026-01-13,PLACED,2,267.14
133715,4,125,54,East,2026-01-13,PLACED,1,431.22
133716,1,2878,125,East,2026-01-14,PLACED,4,4.79
133716,2,2878,202,East,2026-01-14,PLACED,2,468.75
133716,3,2878,223,East,2026-01-14,PLACED,7,286.25
133716,4,2878,210,East,2026-01-14,PLACED,10,489.45
133717,1,1928,165,South,2026-01-14,PLACED,4,436.99
133717,2,1928,41,South,2026-01-14,PLACED,10,378.18
133717,3,1928,262,South,2026-01-14,PLACED,3,422.56
133717,4,1928,114,South,2026-01-14,PLACED,4,99.71
133717,5,1928,207,South,2026-01-14,PLACED,6,199.22
133717,6,1928,69,South,2026-01-14,PLACED,4,150.42
133717,7,1928,179,South,2026-01-14,PLACED,1,199.4
133717,8,1928,77,South,2026-01-14,PLACED,10,481.94
133718,1,3434,17,South,2026-01-14,PLACED,9,121.92
133719,1,4334,102,South,2026-01-14,PLACED,6,341.78
133720,1,2099,253,West,2026-01-14,PLACED,4,44.59
133721,1,1696,230,North,2026-01-14,PLACED,1,451.38
133722,1,2654,31,South,2026-01-13,PLACED,3,395.07
133722,2,2654,198,South,2026-01-13,PLACED,4,27.31
133722,3,2654,135,South,2026-01-13,PLACED,4,46.19
133722,4,2654,56,South,2026-01-13,PLACED,3,284.68
133722,5,2654,205,South,2026-01-13,PLACED,3,252.01
133723,1,1712,81,East,2026-01-14,PLACED,8,285.06
133724,1,1286,15,Central,2026-01-14,PLACED,4,330.65
133725,1,3207,195,East,2026-01-14,PLACED,10,244.23
133725,2,3207,124,East,2026-01-14,PLACED,1,262.0
133726,1,4502,115,South,2026-01-13,PLACED,3,426.64
133726,2,4502,190,South,2026-01-13,PLACED,9,230.83
133727,1,2986,109,East,2026-01-13,PLACED,6,230.62
133728,1,2869,280,West,2026-01-13,PLACED,8,279.1
133729,1,1629,222,West,2026-01-13,PLACED,2,298.67
133729,2,1629,45,West,2026-01-13,PLACED,9,48.91
133729,3,1629,287,West,2026-01-13,PLACED,7,422.47
133729,4,1629,42,West,2026-01-13,PLACED,5,28.03
133729,5,1629,27,West,2026-01-13,PLACED,9,50.38
133729,6,1629,188,West,2026-01-13,PLACED,8,119.28
133729,7,1629,282,West,2026-01-13,PLACED,2,109.1
133729,8,1629,281,West,2026-01-13,PLACED,5,324.77
133730,1,3273,155,North,2026-01-13,PLACED,9,59.26
133731,1,2442,79,West,2026-01-14,PLACED,8,131.97
133732,1,3439,31,West,2026-01-14,PLACED,4,437.81
133733,1,3378,145,East,2026-01-14,PLACED,5,201.85
133734,1,846,174,North,2026-01-14,PLACED,8,411.44
133735,1,1219,252,South,2026-01-13,PLACED,5,393.62
133736,1,4294,70,South,2026-01-13,PLACED,1,129.47
133737,1,4212,271,West,2026-01-14,PLACED,4,424.52
133738,1,2449,210,East,2026-01-13,PLACED,3,446.33
133739,1,3621,232,North,2026-01-14,PLACED,10,98.72
133740,1,586,188,West,2026-01-14,PLACED,10,136.58
133740,2,586,145,West,2026-01-14,PLACED,1,228.98
133741,1,2453,61,West,2026-01-13,PLACED,6,514.81
133741,2,2453,204,West,2026-01-13,PLACED,4,92.42
133741,3,2453,249,West,2026-01-13,PLACED,4,345.25
133742,1,4684,167,North,2026-01-13,PLACED,2,124.36
133743,1,4717,298,East,2026-01-14,PLACED,8,10.71
133744,1,217,167,South,2026-01-13,PLACED,5,133.44
133745,1,1097,22,East,2026-01-14,PLACED,3,346.64
133746,1,1591,1,Central,2026-01-14,PLACED,7,336.02
133747,1,4115,50,East,2026-01-14,PLACED,3,185.52
133748,1,1167,286,North,2026-01-14,PLACED,10,440.36
133749,1,4409,272,East,2026-01-14,PLACED,1,166.6
133750,1,3168,295,West,2026-01-14,PLACED,10,390.03
133751,1,3002,247,West,2026-01-13,PLACED,4,133.18
133752,1,811,218,North,2026-01-14,PLACED,3,362.28
133753,1,3351,113,East,2026-01-14,PLACED,5,271.62
133754,1,2778,63,South,2026-01-13,PLACED,1,259.21
133755,1,4482,292,South,2026-01-14,PLACED,1,361.28
133756,1,4294,144,Central,2026-01-14,PLACED,4,455.81
133757,1,2837,276,East,2026-01-14,PLACED,2,58.99
133758,1,3742,53,West,2026-01-14,PLACED,3,144.69
133758,2,3742,157,West,2026-01-14,PLACED,8,189.54
133758,3,3742,299,West,2026-01-14,PLACED,9,39.77
133758,4,3742,195,West,2026-01-14,PLACED,10,210.57
133758,5,3742,63,West,2026-01-14,PLACED,6,281.67
133758,6,3742,200,West,2026-01-14,PLACED,4,410.25
133758,7,3742,288,West,2026-01-14,PLACED,10,48.13
133759,1,3494,173,South,2026-01-13,PLACED,5,231.38
133760,1,3574,191,Central,2026-01-14,PLACED,7,195.4
133761,1,2680,28,West,2026-01-14,PLACED,3,51.25
133762,1,3931,282,South,2026-01-14,PLACED,4,96.51
133763,1,4716,285,West,2026-01-14,PLACED,10,228.09
133764,1,399,165,South,2026-01-14,PLACED,9,450.85
133765,1,4502,102,Central,2026-01-14,PLACED,5,341.41
133766,1,2713,151,West,2026-01-13,PLACED,10,514.85
133766,2,2713,106,West,2026-01-13,PLACED,4,353.86
133766,3,2713,237,West,2026-01-13,PLACED,4,440.49
133766,4,2713,213,West,2026-01-13,PLACED,6,253.17
133766,5,2713,114,West,2026-01-13,PLACED,7,94.37
133767,1,2541,117,Central,2026-01-13,PLACED,10,146.41
133768,1,2298,228,North,2026-01-13,PLACED,9,441.61
133769,1,961,269,South,2026-01-13,PLACED,6,321.48
133770,1,1938,226,South,2026-01-14,PLACED,7,299.64
133771,1,1452,286,East,2026-01-13,PLACED,5,410.06
133771,2,1452,167,East,2026-01-13,PLACED,3,132.97
133772,1,1048,231,Central,2026-01-14,PLACED,2,47.9
133772,2,1048,89,Central,2026-01-14,PLACED,2,51.96
133773,1,94,33,South,2026-01-13,PLACED,8,244.66
133774,1,2894,80,North,2026-01-14,PLACED,1,118.59
133775,1,1771,76,East,2026-01-13,PLACED,5,220.78
133776,1,743,217,East,2026-01-14,PLACED,8,263.04
133776,2,743,249,East,2026-01-14,PLACED,5,323.36
133776,3,743,252,East,2026-01-14,PLACED,5,374.56
133776,4,743,248,East,2026-01-14,PLACED,7,203.12
133776,5,743,108,East,2026-01-14,PLACED,7,233.72
133776,6,743,298,East,2026-01-14,PLACED,7,10.55
133776,7,743,241,East,2026-01-14,PLACED,8,214.84
133777,1,3328,298,North,2026-01-13,PLACED,4,10.73
133778,1,3608,145,Central,2026-01-13,PLACED,2,194.15
133779,1,2011,18,West,2026-01-14,PLACED,6,320.98
133780,1,3903,218,West,2026-01-14,PLACED,3,334.62
133781,1,4534,259,North,2026-01-13,PLACED,2,135.35
133782,1,153,61,Central,2026-01-13,PLACED,6,516.55
133783,1,1138,176,West,2026-01-13,PLACED,9,100.87
133783,2,1138,67,West,2026-01-13,PLACED,4,111.41
133784,1,794,51,East,2026-01-14,PLACED,7,202.69
133785,1,397,69,Central,2026-01-13,PLACED,4,165.35
133785,2,397,255,Central,2026-01-13,PLACED,3,449.77
133786,1,4639,27,West,2026-01-14,PLACED,9,51.43
133787,1,3943,122,Central,2026-01-14,PLACED,1,281.35
133787,2,3943,176,Central,2026-01-14,PLACED,10,108.02
133788,1,4932,259,North,2026-01-13,PLACED,10,144.67
133789,1,3890,60,East,2026-01-13,PLACED,7,194.1
133790,1,4588,73,South,2026-01-14,PLACED,7,440.09
133791,1,4419,138,South,2026-01-14,PLACED,6,349.77
133792,1,1834,171,West,2026-01-13,PLACED,10,483.44
133793,1,4398,166,North,2026-01-13,PLACED,3,38.68
133794,1,1471,168,East,2026-01-13,PLACED,7,338.64
133794,2,1471,279,East,2026-01-13,PLACED,1,142.98
133795,1,3087,110,North,2026-01-13,PLACED,7,520.76
133796,1,3672,130,South,2026-01-13,PLACED,1,406.76
133796,2,3672,207,South,2026-01-13,PLACED,10,217.91
133797,1,510,25,North,2026-01-13,PLACED,7,473.68
133798,1,745,68,East,2026-01-14,PLACED,2,21.0
133799,1,3005,108,East,2026-01-13,PLACED,1,206.15
133799,2,3005,254,East,2026-01-13,PLACED,7,221.22
133799,3,3005,207,East,2026-01-13,PLACED,9,211.12
133799,4,3005,146,East,2026-01-13,PLACED,4,111.16
133799,5,3005,80,East,2026-01-13,PLACED,9,123.05
133799,6,3005,282,East,2026-01-13,PLACED,8,112.99
133799,7,3005,22,East,2026-01-13,PLACED,4,378.79
133800,1,963,261,West,2026-01-14,PLACED,10,455.51
133801,1,339,209,Central,2026-01-13,PLACED,8,183.84
133801,2,339,79,Central,2026-01-13,PLACED,1,143.42
133801,3,339,145,Central,2026-01-13,PLACED,3,223.19
133801,4,339,40,Central,2026-01-13,PLACED,2,294.11
133801,5,339,199,Central,2026-01-13,PLACED,1,468.01
133802,1,2878,251,East,2026-01-13,PLACED,9,171.02
133802,2,2878,103,East,2026-01-13,PLACED,4,334.49
133802,3,2878,103,East,2026-01-13,PLACED,7,311.22
133802,4,2878,229,East,2026-01-13,PLACED,4,77.5
133802,5,2878,153,East,2026-01-13,PLACED,5,224.99
133802,6,2878,133,East,2026-01-13,PLACED,6,460.01
133802,7,2878,21,East,2026-01-13,PLACED,6,407.96
133802,8,2878,270,East,2026-01-13,PLACED,8,8.17
133802,9,2878,226,East,2026-01-13,PLACED,6,322.7
133803,1,1296,215,Central,2026-01-13,PLACED,6,487.19
133804,1,967,120,East,2026-01-14,PLACED,1,75.39
133805,1,2833,235,Central,2026-01-13,PLACED,4,127.66
133805,2,2833,26,Central,2026-01-13,PLACED,2,178.5
133806,1,367,236,South,2026-01-14,PLACED,1,60.68
133807,1,2615,16,North,2026-01-14,PLACED,5,276.41
133807,2,2615,196,North,2026-01-14,PLACED,3,430.28
133807,3,2615,281,North,2026-01-14,PLACED,1,335.24
133807,4,2615,237,North,2026-01-14,PLACED,8,401.15
133807,5,2615,266,North,2026-01-14,PLACED,9,355.17
133807,6,2615,272,North,2026-01-14,PLACED,9,157.91
133808,1,350,206,West,2026-01-13,PLACED,10,116.83
133808,2,350,143,West,2026-01-13,PLACED,5,130.22
133809,1,2693,121,North,2026-01-14,PLACED,8,396.29
133810,1,4088,90,Central,2026-01-13,PLACED,3,29.59
133810,2,4088,177,Central,2026-01-13,PLACED,1,53.57
133811,1,1543,250,Central,2026-01-14,PLACED,5,162.94
133812,1,186,252,Central,2026-01-13,PLACED,7,385.61
133813,1,1659,218,West,2026-01-14,PLACED,4,367.24
133814,1,3891,135,West,2026-01-14,PLACED,2,45.84
133815,1,3373,29,North,2026-01-13,PLACED,5,394.86
133815,2,3373,102,North,2026-01-13,PLACED,4,326.85
133816,1,2601,4,East,2026-01-13,PLACED,3,109.15
133817,1,4186,47,North,2026-01-13,PLACED,3,51.39
133817,2,4186,260,North,2026-01-13,PLACED,1,431.12
133818,1,4002,244,Central,2026-01-13,PLACED,3,490.02
133819,1,2288,264,North,2026-01-13,PLACED,10,83.93
133820,1,2743,199,East,2026-01-14,PLACED,1,490.13
133821,1,2415,75,South,2026-01-14,PLACED,10,345.27
133822,1,3628,242,West,2026-01-13,PLACED,6,274.38
133823,1,4094,272,Central,2026-01-13,PLACED,10,138.68
133824,1,1013,154,North,2026-01-13,PLACED,5,247.96
133825,1,3720,132,East,2026-01-13,PLACED,8,30.9
133826,1,1651,234,West,2026-01-13,PLACED,4,361.73
133827,1,858,234,North,2026-01-13,PLACED,4,337.8
133828,1,3142,242,West,2026-01-14,PLACED,3,284.38
133829,1,1830,251,East,2026-01-14,PLACED,2,164.55
133830,1,364,79,Central,2026-01-14,PLACED,8,149.21
133831,1,2474,216,Central,2026-01-14,PLACED,7,493.37
133832,1,4695,60,North,2026-01-14,PLACED,9,195.74
133833,1,60,75,West,2026-01-14,PLACED,7,303.33
133833,2,60,259,West,2026-01-14,PLACED,8,133.23
133833,3,60,208,West,2026-01-14,PLACED,6,31.21
133833,4,60,87,West,2026-01-14,PLACED,6,526.95
133833,5,60,260,West,2026-01-14,PLACED,7,489.71
133834,1,378,237,West,2026-01-14,PLACED,7,408.49
133834,2,378,117,West,2026-01-14,PLACED,2,157.56
133834,3,378,91,West,2026-01-14,PLACED,9,58.57
133834,4,378,25,West,2026-01-14,PLACED,4,507.54
133835,1,2268,271,East,2026-01-13,PLACED,8,444.93
133836,1,3779,91,Central,2026-01-14,PLACED,7,54.24
133837,1,1215,42,West,2026-01-13,PLACED,8,29.51
133837,2,1215,256,West,2026-01-13,PLACED,2,513.51
133838,1,994,181,Central,2026-01-13,PLACED,1,402.02
133838,2,994,285,Central,2026-01-13,PLACED,2,238.93
133839,1,4252,70,Central,2026-01-13,PLACED,3,125.04
133839,2,4252,251,Central,2026-01-13,PLACED,8,155.08
133839,3,4252,65,Central,2026-01-13,PLACED,1,406.09
133839,4,4252,147,Central,2026-01-13,PLACED,6,276.05
133839,5,4252,9,Central,2026-01-13,PLACED,10,219.36
133840,1,441,278,South,2026-01-13,PLACED,7,263.08
133840,2,441,237,South,2026-01-13,PLACED,4,443.49
133841,1,3759,283,North,2026-01-14,PLACED,6,294.55
133842,1,3210,245,South,2026-01-13,PLACED,6,106.33
133842,2,3210,78,South,2026-01-13,PLACED,6,214.14
133843,1,3865,165,East,2026-01-13,PLACED,8,411.74
133844,1,4117,148,North,2026-01-14,PLACED,6,389.05
133845,1,4468,226,South,2026-01-13,PLACED,2,289.9
133846,1,459,55,East,2026-01-13,PLACED,3,305.71
133847,1,3777,154,West,2026-01-14,PLACED,8,281.5
133848,1,2207,199,North,2026-01-14,PLACED,8,499.47
133849,1,866,290,West,2026-01-14,PLACED,9,131.62
133849,2,866,239,West,2026-01-14,PLACED,5,306.56
133849,3,866,238,West,2026-01-14,PLACED,7,126.33
133849,4,866,83,West,2026-01-14,PLACED,3,316.68
133849,5,866,265,West,2026-01-14,PLACED,4,428.75
133850,1,4321,122,South,2026-01-14,PLACED,9,260.9
133850,2,4321,181,South,2026-01-14,PLACED,5,379.04
133850,3,4321,108,South,2026-01-14,PLACED,3,213.36
133850,4,4321,200,South,2026-01-14,PLACED,5,435.37
133850,5,4321,230,South,2026-01-14,PLACED,2,498.1
133851,1,4119,56,East,2026-01-14,PLACED,10,312.83
133852,1,815,233,West,2026-01-13,PLACED,10,305.72
133853,1,3946,201,East,2026-01-13,PLACED,5,460.91
133854,1,2478,258,Central,2026-01-14,PLACED,2,101.29
133855,1,2031,177,Central,2026-01-13,PLACED,2,52.6
133856,1,596,278,North,2026-01-14,PLACED,3,292.56
133856,2,596,267,North,2026-01-14,PLACED,6,284.23
133857,1,723,274,North,2026-01-13,PLACED,6,484.67
133857,2,723,93,North,2026-01-13,PLACED,5,383.84
133857,3,723,6,North,2026-01-13,PLACED,1,310.76
133857,4,723,199,North,2026-01-13,PLACED,4,486.54
133857,5,723,187,North,2026-01-13,PLACED,1,437.56
133858,1,4860,228,North,2026-01-14,PLACED,3,435.32
133859,1,2401,145,North,2026-01-14,PLACED,8,208.33
133860,1,4678,275,East,2026-01-14,PLACED,7,76.65
133861,1,2687,48,East,2026-01-13,PLACED,5,145.97
133861,2,2687,273,East,2026-01-13,PLACED,7,332.85
133862,1,823,245,East,2026-01-13,PLACED,10,107.42
133862,2,823,168,East,2026-01-13,PLACED,4,325.94
133863,1,2955,13,North,2026-01-14,PLACED,8,19.79
133863,2,2955,20,North,2026-01-14,PLACED,6,7.5
133863,3,2955,196,North,2026-01-14,PLACED,6,445.14
133864,1,4469,69,East,2026-01-14,PLACED,4,147.59
133865,1,766,240,East,2026-01-13,PLACED,9,296.92
133865,2,766,28,East,2026-01-13,PLACED,2,55.33
133865,3,766,276,East,2026-01-13,PLACED,6,62.67
133865,4,766,257,East,2026-01-13,PLACED,6,37.67
133865,5,766,164,East,2026-01-13,PLACED,7,463.28
133866,1,3052,40,West,2026-01-13,PLACED,4,271.49
133867,1,3919,199,West,2026-01-13,PLACED,10,503.2
133867,2,3919,271,West,2026-01-13,PLACED,5,442.75
133867,3,3919,83,West,2026-01-13,PLACED,1,307.66
133867,4,3919,110,West,2026-01-13,PLACED,5,524.57
133867,5,3919,101,West,2026-01-13,PLACED,5,11.28
133868,1,1648,165,West,2026-01-13,PLACED,8,458.71
133868,2,1648,26,West,2026-01-13,PLACED,6,178.41
133868,3,1648,251,West,2026-01-13,PLACED,8,170.6
133868,4,1648,260,West,2026-01-13,PLACED,8,450.77
133869,1,1033,252,Central,2026-01-13,PLACED,1,348.56
133870,1,1160,49,Central,2026-01-14,PLACED,5,329.25
133871,1,2935,266,Central,2026-01-13,PLACED,7,383.74
133872,1,2726,203,Central,2026-01-14,PLACED,1,404.3
133873,1,2669,151,North,2026-01-13,PLACED,6,527.39
133873,2,2669,147,North,2026-01-13,PLACED,2,270.18
133873,3,2669,229,North,2026-01-13,PLACED,2,78.22
133873,4,2669,58,North,2026-01-13,PLACED,7,330.27
133873,5,2669,263,North,2026-01-13,PLACED,8,186.74
133874,1,2875,140,South,2026-01-14,PLACED,10,74.32
133875,1,2030,81,East,2026-01-13,PLACED,3,265.82
133876,1,405,212,South,2026-01-14,PLACED,10,385.47
133877,1,2024,153,West,2026-01-13,PLACED,8,201.59
133878,1,216,179,East,2026-01-13,PLACED,3,235.9
133878,2,216,278,East,2026-01-13,PLACED,1,300.83
133878,3,216,212,East,2026-01-13,PLACED,5,426.68
133879,1,4551,16,North,2026-01-14,PLACED,6,265.59
133880,1,4335,269,South,2026-01-14,PLACED,6,307.67
133881,1,1078,93,South,2026-01-14,PLACED,3,382.68
133882,1,3100,121,West,2026-01-13,PLACED,2,415.1
133883,1,3053,128,Central,2026-01-14,PLACED,5,509.12
133883,2,3053,73,Central,2026-01-14,PLACED,6,451.0
133883,3,3053,168,Central,2026-01-14,PLACED,7,369.13
133883,4,3053,9,Central,2026-01-14,PLACED,10,204.33
133884,1,2336,300,West,2026-01-14,PLACED,2,472.47
133884,2,2336,121,West,2026-01-14,PLACED,6,372.95
133885,1,97,297,Central,2026-01-14,PLACED,1,219.85
133886,1,2227,145,West,2026-01-14,PLACED,4,225.07
133887,1,663,149,North,2026-01-13,PLACED,2,101.18
133888,1,1003,213,West,2026-01-14,PLACED,5,251.97
133888,2,1003,113,West,2026-01-14,PLACED,3,249.62
133889,1,207,267,South,2026-01-14,PLACED,10,322.47
133890,1,2070,203,West,2026-01-14,PLACED,4,420.37
133891,1,1310,177,East,2026-01-14,PLACED,4,51.76
133892,1,4327,140,East,2026-01-13,PLACED,2,64.52
133893,1,4051,86,South,2026-01-13,PLACED,3,116.42
133894,1,3324,136,West,2026-01-13,PLACED,2,242.48
133895,1,1685,85,Central,2026-01-14,PLACED,6,190.85
133896,1,3668,204,North,2026-01-14,PLACED,5,83.71
133897,1,2498,81,East,2026-01-14,PLACED,1,290.7
133898,1,86,74,Central,2026-01-14,PLACED,10,161.37
133899,1,3399,158,Central,2026-01-13,PLACED,9,269.35
133900,1,186,141,Central,2026-01-13,PLACED,4,235.8
133901,1,1557,247,South,2026-01-14,PLACED,2,133.31
133902,1,3470,224,North,2026-01-13,PLACED,8,345.96
133902,2,3470,187,North,2026-01-13,PLACED,6,448.79
133903,1,4274,257,Central,2026-01-14,PLACED,10,42.49
133903,2,4274,113,Central,2026-01-14,PLACED,2,244.38
133903,3,4274,221,Central,2026-01-14,PLACED,2,525.05
133904,1,3289,230,East,2026-01-14,PLACED,5,490.71
133905,1,2943,143,West,2026-01-13,PLACED,5,138.57
133905,2,2943,26,West,2026-01-13,PLACED,10,174.14
133906,1,1737,92,East,2026-01-14,PLACED,6,316.98
133907,1,3222,276,East,2026-01-13,PLACED,8,66.27
133908,1,4613,267,East,2026-01-14,PLACED,8,287.48
133908,2,4613,136,East,2026-01-14,PLACED,3,246.62
133908,3,4613,44,East,2026-01-14,PLACED,3,133.81
133908,4,4613,164,East,2026-01-14,PLACED,8,425.91
133909,1,4665,16,Central,2026-01-13,PLACED,10,261.89
133910,1,4229,29,North,2026-01-14,PLACED,3,392.63
133910,2,4229,104,North,2026-01-14,PLACED,9,293.61
133910,3,4229,276,North,2026-01-14,PLACED,5,65.46
133910,4,4229,26,North,2026-01-14,PLACED,8,163.15
133910,5,4229,166,North,2026-01-14,PLACED,7,38.28
133911,1,3123,82,East,2026-01-13,PLACED,10,123.01
133912,1,4746,213,North,2026-01-13,PLACED,1,211.84
133912,2,4746,42,North,2026-01-13,PLACED,3,25.89
133912,3,4746,83,North,2026-01-13,PLACED,5,317.29
133912,4,4746,200,North,2026-01-13,PLACED,4,423.76
133913,1,3500,26,Central,2026-01-13,PLACED,7,162.22
133913,2,3500,62,Central,2026-01-13,PLACED,8,331.82
133914,1,2396,6,Central,2026-01-14,PLACED,1,327.74
133914,2,2396,95,Central,2026-01-14,PLACED,8,33.65
133915,1,724,75,Central,2026-01-13,PLACED,2,348.11
133916,1,4328,128,South,2026-01-14,PLACED,10,497.47
133917,1,1564,18,East,2026-01-14,PLACED,9,295.56
133918,1,1687,73,South,2026-01-13,PLACED,4,440.36
133918,2,1687,204,South,2026-01-13,PLACED,7,80.69
133918,3,1687,138,South,2026-01-13,PLACED,8,394.76
133918,4,1687,20,South,2026-01-13,PLACED,1,8.35
133918,5,1687,67,South,2026-01-13,PLACED,10,113.78
133919,1,2537,40,North,2026-01-13,PLACED,4,303.38
133920,1,1914,13,North,2026-01-14,PLACED,1,18.64
133920,2,1914,48,North,2026-01-14,PLACED,6,148.94
133921,1,1776,296,South,2026-01-14,PLACED,10,267.25
133922,1,2724,203,East,2026-01-13,PLACED,5,440.97
133922,2,2724,250,East,2026-01-13,PLACED,7,157.49
133923,1,318,31,Central,2026-01-13,PLACED,1,435.31
133924,1,3645,156,Central,2026-01-13,PLACED,1,127.43
133925,1,4681,105,East,2026-01-13,PLACED,10,125.64
133926,1,1912,167,South,2026-01-13,PLACED,9,110.72
133926,2,1912,208,South,2026-01-13,PLACED,8,34.47
133927,1,1958,56,West,2026-01-13,PLACED,1,332.4
133928,1,2085,1,East,2026-01-14,PLACED,9,353.12
133929,1,1311,272,Central,2026-01-14,PLACED,4,166.19
133930,1,287,151,Central,2026-01-13,PLACED,10,459.24
133931,1,4785,205,North,2026-01-14,PLACED,5,227.05
133932,1,3307,135,West,2026-01-14,PLACED,1,51.93
133932,2,3307,67,West,2026-01-14,PLACED,1,112.55
133933,1,1844,224,East,2026-01-13,PLACED,3,358.61
133934,1,2438,80,Central,2026-01-13,PLACED,1,135.63
133934,2,2438,60,Central,2026-01-13,PLACED,8,175.45
133935,1,2003,20,North,2026-01-13,PLACED,8,8.57
133936,1,2481,91,Central,2026-01-13,PLACED,5,54.13
133937,1,1695,258,North,2026-01-13,PLACED,6,103.55
133937,2,1695,115,North,2026-01-13,PLACED,4,489.21
133937,3,1695,156,North,2026-01-13,PLACED,7,121.03
133938,1,4705,109,Central,2026-01-13,PLACED,9,216.7
133939,1,976,40,Central,2026-01-13,PLACED,10,311.67
133940,1,268,84,North,2026-01-13,PLACED,10,440.31
133941,1,3371,165,South,2026-01-13,PLACED,10,398.01
133942,1,424,212,Central,2026-01-13,PLACED,1,415.4
133942,2,424,288,Central,2026-01-13,PLACED,9,51.45
133943,1,1505,236,South,2026-01-14,PLACED,6,65.42
133944,1,4104,137,Central,2026-01-13,PLACED,9,36.49
133944,2,4104,225,Central,2026-01-13,PLACED,1,30.19
133944,3,4104,269,Central,2026-01-13,PLACED,4,310.49
133944,4,4104,275,Central,2026-01-13,PLACED,2,77.21
133944,5,4104,113,Central,2026-01-13,PLACED,4,263.69
133944,6,4104,253,Central,2026-01-13,PLACED,5,42.32
133944,7,4104,81,Central,2026-01-13,PLACED,2,275.57
133944,8,4104,58,Central,2026-01-13,PLACED,9,356.01
133944,9,4104,238,Central,2026-01-13,PLACED,6,130.51
133945,1,3874,299,South,2026-01-13,PLACED,4,44.5
133945,2,3874,58,South,2026-01-13,PLACED,4,398.35
133945,3,3874,74,South,2026-01-13,PLACED,1,156.44
133945,4,3874,36,South,2026-01-13,PLACED,8,302.04
133945,5,3874,293,South,2026-01-13,PLACED,7,349.48
133946,1,3457,263,North,2026-01-13,PLACED,7,182.14
133947,1,4805,6,East,2026-01-13,PLACED,10,346.59
133947,2,4805,153,East,2026-01-13,PLACED,8,239.68
133948,1,40,86,South,2026-01-13,PLACED,10,107.71
133948,2,40,151,South,2026-01-13,PLACED,7,492.02
133949,1,2853,274,South,2026-01-13,PLACED,4,505.56
133949,2,2853,173,South,2026-01-13,PLACED,4,234.3
133950,1,2731,204,Central,2026-01-13,PLACED,5,79.17
133951,1,2522,263,Central,2026-01-13,PLACED,1,194.36
133951,2,2522,69,Central,2026-01-13,PLACED,2,172.01
133951,3,2522,34,Central,2026-01-13,PLACED,10,519.91
133951,4,2522,270,Central,2026-01-13,PLACED,10,8.09
133951,5,2522,253,Central,2026-01-13,PLACED,3,41.2
133952,1,2393,101,Central,2026-01-14,PLACED,3,10.23
133953,1,2950,7,West,2026-01-13,PLACED,9,453.68
133954,1,449,105,North,2026-01-14,PLACED,9,147.88
133955,1,2356,138,North,2026-01-13,PLACED,7,362.43
133955,2,2356,102,North,2026-01-13,PLACED,3,368.93
133956,1,4134,283,West,2026-01-13,PLACED,9,349.59
133957,1,2398,35,South,2026-01-14,PLACED,6,191.17
133957,2,2398,288,South,2026-01-14,PLACED,9,48.6
133958,1,644,128,North,2026-01-13,PLACED,8,467.18
133959,1,3488,157,North,2026-01-14,PLACED,3,161.72
133960,1,1254,187,South,2026-01-14,PLACED,7,397.76
133961,1,3654,151,North,2026-01-14,PLACED,4,495.25
133961,2,3654,167,North,2026-01-14,PLACED,3,128.73
133961,3,3654,154,North,2026-01-14,PLACED,9,247.76
133962,1,3258,40,Central,2026-01-13,PLACED,3,315.33
133963,1,3660,59,North,2026-01-14,PLACED,1,79.4
133963,2,3660,287,North,2026-01-14,PLACED,2,443.66
133963,3,3660,123,North,2026-01-14,PLACED,4,383.0
133963,4,3660,8,North,2026-01-14,PLACED,4,50.73
133964,1,511,223,East,2026-01-14,PLACED,8,268.61
133965,1,2027,58,South,2026-01-14,PLACED,8,397.66
133965,2,2027,47,South,2026-01-14,PLACED,8,53.44
133965,3,2027,172,South,2026-01-14,PLACED,3,296.98
133966,1,3804,161,North,2026-01-13,PLACED,9,43.84
133967,1,2803,4,West,2026-01-14,PLACED,8,119.9
133967,2,2803,240,West,2026-01-14,PLACED,10,321.03
133968,1,1446,93,East,2026-01-13,PLACED,1,365.65
133969,1,3274,106,Central,2026-01-14,PLACED,3,308.62
133970,1,4548,38,East,2026-01-13,PLACED,9,295.38
133970,2,4548,210,East,2026-01-13,PLACED,5,459.25
133971,1,3181,182,South,2026-01-13,PLACED,7,310.51
133972,1,1945,28,Central,2026-01-14,PLACED,6,47.88
133973,1,2695,41,North,2026-01-13,PLACED,9,382.32
133973,2,2695,147,North,2026-01-13,PLACED,9,288.31
133974,1,4002,196,West,2026-01-13,PLACED,9,470.64
133975,1,3785,143,East,2026-01-14,PLACED,4,132.4
133976,1,2074,163,North,2026-01-13,PLACED,2,120.09
133977,1,1901,174,West,2026-01-13,PLACED,5,392.41
133978,1,268,290,East,2026-01-14,PLACED,2,137.81
133978,2,268,85,East,2026-01-14,PLACED,4,213.3
133979,1,658,212,Central,2026-01-13,PLACED,2,413.05
133980,1,2596,137,East,2026-01-13,PLACED,4,42.16
133981,1,2497,112,Central,2026-01-13,PLACED,1,127.51
133982,1,2787,65,South,2026-01-14,PLACED,8,382.8
133982,2,2787,109,South,2026-01-14,PLACED,8,242.52
133983,1,2324,270,East,2026-01-13,PLACED,9,8.21
133984,1,3913,72,Central,2026-01-14,PLACED,8,430.53
133985,1,3965,104,South,2026-01-14,PLACED,10,270.05
133986,1,653,123,South,2026-01-13,PLACED,9,360.8
133986,2,653,198,South,2026-01-13,PLACED,10,32.65
133987,1,1886,148,North,2026-01-14,PLACED,6,371.56
133987,2,1886,39,North,2026-01-14,PLACED,6,434.19
133988,1,522,131,East,2026-01-14,PLACED,10,168.55
133988,2,522,173,East,2026-01-14,PLACED,7,221.8
133988,3,522,165,East,2026-01-14,PLACED,8,423.64
133988,4,522,94,East,2026-01-14,PLACED,9,194.43
133989,1,2368,184,East,2026-01-14,PLACED,4,57.03
133990,1,3738,104,South,2026-01-13,PLACED,1,253.0
133991,1,4414,188,East,2026-01-13,PLACED,9,132.55
133992,1,3566,204,East,2026-01-13,PLACED,7,85.61
133993,1,2916,166,North,2026-01-13,PLACED,7,42.94
133994,1,3787,216,South,2026-01-13,PLACED,5,533.98
133994,2,3787,96,South,2026-01-13,PLACED,5,184.08
133994,3,3787,269,South,2026-01-13,PLACED,8,333.72
133995,1,3012,271,South,2026-01-14,PLACED,2,419.06
133996,1,4937,60,South,2026-01-13,PLACED,1,208.5
133997,1,4366,231,South,2026-01-13,PLACED,7,40.59
133997,2,4366,296,South,2026-01-13,PLACED,1,266.71
133997,3,4366,34,South,2026-01-13,PLACED,5,504.16
133997,4,4366,80,South,2026-01-13,PLACED,2,130.98
133997,5,4366,177,South,2026-01-13,PLACED,2,48.42
133998,1,1186,148,North,2026-01-13,PLACED,8,346.27
133999,1,3295,263,North,2026-01-13,PLACED,10,189.92
134000,1,1026,165,Central,2026-01-13,PLACED,4,465.15
134001,1,1783,291,West,2026-01-13,PLACED,9,7.33
134002,1,1861,288,East,2026-01-13,PLACED,1,51.84
134003,1,2652,228,Central,2026-01-14,PLACED,5,393.87
134004,1,583,232,South,2026-01-14,PLACED,3,90.48
134005,1,1529,163,Central,2026-01-14,PLACED,8,118.12
134006,1,2301,286,Central,2026-01-14,PLACED,2,464.91
134007,1,4298,134,North,2026-01-14,PLACED,6,501.01
134007,2,4298,121,North,2026-01-14,PLACED,6,355.88
134008,1,757,22,East,2026-01-13,PLACED,3,328.73
134009,1,1077,107,North,2026-01-13,PLACED,10,55.6
134010,1,2464,273,North,2026-01-14,PLACED,2,312.87
134011,1,1174,212,Central,2026-01-14,PLACED,6,365.76
134011,2,1174,13,Central,2026-01-14,PLACED,6,18.72
134012,1,3784,9,East,2026-01-13,PLACED,10,198.94
134013,1,1344,164,West,2026-01-14,PLACED,10,477.05
134014,1,2465,177,North,2026-01-13,PLACED,3,57.78
134015,1,3965,234,North,2026-01-13,PLACED,5,344.18
134016,1,2774,125,East,2026-01-14,PLACED,5,5.64
134016,2,2774,9,East,2026-01-14,PLACED,1,225.05
134016,3,2774,3,East,2026-01-14,PLACED,2,153.54
134016,4,2774,122,East,2026-01-14,PLACED,3,269.06
134016,5,2774,75,East,2026-01-14,PLACED,3,355.29
134017,1,141,242,West,2026-01-14,PLACED,1,318.49
134018,1,3346,53,West,2026-01-14,PLACED,2,138.71
134018,2,3346,105,West,2026-01-14,PLACED,5,148.53
134019,1,1888,153,Central,2026-01-14,PLACED,5,224.41
134020,1,1508,194,North,2026-01-14,PLACED,7,486.38
134020,2,1508,8,North,2026-01-14,PLACED,9,50.51
134020,3,1508,150,North,2026-01-14,PLACED,5,152.96
134020,4,1508,83,North,2026-01-14,PLACED,5,275.44
134021,1,1200,109,North,2026-01-14,PLACED,8,223.52
134021,2,1200,139,North,2026-01-14,PLACED,4,420.61
134022,1,3721,289,East,2026-01-13,PLACED,6,226.74
134023,1,1931,149,Central,2026-01-14,PLACED,2,98.07
134024,1,3002,213,West,2026-01-13,PLACED,10,208.31
134025,1,495,61,Central,2026-01-13,PLACED,4,464.87
134026,1,4384,11,East,2026-01-13,PLACED,5,105.27
134027,1,2069,271,West,2026-01-13,PLACED,5,405.55
134028,1,160,130,Central,2026-01-13,PLACED,5,432.47
134029,1,251,260,Central,2026-01-14,PLACED,7,437.58
134030,1,344,239,West,2026-01-14,PLACED,4,311.11
134031,1,4757,19,West,2026-01-14,PLACED,1,413.46
134031,2,4757,175,West,2026-01-14,PLACED,4,433.57
134031,3,4757,37,West,2026-01-14,PLACED,5,402.05
134031,4,4757,44,West,2026-01-14,PLACED,10,152.69
134032,1,3670,66,East,2026-01-14,PLACED,7,425.34
134033,1,3241,181,West,2026-01-13,PLACED,4,375.51
134034,1,1279,177,Central,2026-01-13,PLACED,4,49.65
134035,1,1040,121,East,2026-01-13,PLACED,7,382.53
134036,1,681,68,South,2026-01-13,PLACED,9,19.53
134036,2,681,59,South,2026-01-13,PLACED,9,89.92
134036,3,681,96,South,2026-01-13,PLACED,3,174.69
134036,4,681,245,South,2026-01-13,PLACED,4,100.57
134036,5,681,288,South,2026-01-13,PLACED,6,55.45
134036,6,681,110,South,2026-01-13,PLACED,7,504.77
134036,7,681,66,South,2026-01-13,PLACED,2,377.67
134036,8,681,94,South,2026-01-13,PLACED,8,196.78
134037,1,959,223,North,2026-01-13,PLACED,1,254.72
134037,2,959,158,North,2026-01-13,PLACED,7,284.04
134037,3,959,33,North,2026-01-13,PLACED,6,244.6
134037,4,959,247,North,2026-01-13,PLACED,1,114.7
134037,5,959,104,North,2026-01-13,PLACED,10,268.26
134037,6,959,280,North,2026-01-13,PLACED,3,288.29
134037,7,959,77,North,2026-01-13,PLACED,4,476.17
134037,8,959,224,North,2026-01-13,PLACED,7,394.2
134037,9,959,244,North,2026-01-13,PLACED,1,423.61
134038,1,327,266,East,2026-01-13,PLACED,6,323.94
134039,1,4338,299,Central,2026-01-14,PLACED,3,44.46
134039,2,4338,73,Central,2026-01-14,PLACED,4,397.68
134039,3,4338,26,Central,2026-01-14,PLACED,9,183.13
134039,4,4338,166,Central,2026-01-14,PLACED,4,37.01
134039,5,4338,77,Central,2026-01-14,PLACED,5,441.01
134039,6,4338,204,Central,2026-01-14,PLACED,1,80.91
134039,7,4338,271,Central,2026-01-14,PLACED,6,409.53
134039,8,4338,207,Central,2026-01-14,PLACED,4,188.4
134040,1,259,26,East,2026-01-13,PLACED,7,163.12
134041,1,4607,211,East,2026-01-13,PLACED,4,127.49
134042,1,3286,132,West,2026-01-14,PLACED,1,31.56
134042,2,3286,6,West,2026-01-14,PLACED,2,338.62
134043,1,1480,74,North,2026-01-13,PLACED,3,147.83
134044,1,1302,255,East,2026-01-13,PLACED,2,481.71
134044,2,1302,153,East,2026-01-13,PLACED,6,202.06
134044,3,1302,266,East,2026-01-13,PLACED,1,368.5
134045,1,205,161,North,2026-01-13,PLACED,8,38.41
134046,1,2867,231,Central,2026-01-14,PLACED,4,40.5
134047,1,912,100,South,2026-01-13,PLACED,1,391.53
134047,2,912,191,South,2026-01-13,PLACED,7,227.67
134048,1,1247,142,North,2026-01-14,PLACED,9,292.69
134049,1,1608,254,West,2026-01-13,PLACED,9,246.8
134050,1,3976,86,Central,2026-01-13,PLACED,4,115.13
134050,2,3976,80,Central,2026-01-13,PLACED,7,125.83
134050,3,3976,167,Central,2026-01-13,PLACED,6,124.31
134050,4,3976,145,Central,2026-01-13,PLACED,5,229.86
134050,5,3976,44,Central,2026-01-13,PLACED,7,143.31
134051,1,1842,197,West,2026-01-13,PLACED,5,282.47
134051,2,1842,147,West,2026-01-13,PLACED,8,273.07
134052,1,222,149,East,2026-01-13,PLACED,4,112.14
134053,1,98,122,South,2026-01-13,PLACED,9,286.72
134053,2,98,118,South,2026-01-13,PLACED,3,292.42
134053,3,98,201,South,2026-01-13,PLACED,1,496.08
134053,4,98,238,South,2026-01-13,PLACED,8,120.06
134053,5,98,19,South,2026-01-13,PLACED,3,436.75
134054,1,38,214,East,2026-01-13,PLACED,9,196.69
134055,1,4077,221,South,2026-01-14,PLACED,10,478.73
134055,2,4077,150,South,2026-01-14,PLACED,7,166.19
134055,3,4077,273,South,2026-01-14,PLACED,8,362.59
134055,4,4077,273,South,2026-01-14,PLACED,5,356.08
134055,5,4077,283,South,2026-01-14,PLACED,2,344.63
134055,6,4077,197,South,2026-01-14,PLACED,1,285.78
134055,7,4077,67,South,2026-01-14,PLACED,6,117.52
134055,8,4077,259,South,2026-01-14,PLACED,5,138.76
134055,9,4077,295,South,2026-01-14,PLACED,1,373.39
134056,1,1061,38,North,2026-01-13,PLACED,9,319.13
134057,1,2786,112,North,2026-01-14,PLACED,7,122.75
134058,1,1087,210,Central,2026-01-13,PLACED,9,538.59
134059,1,2009,35,East,2026-01-13,PLACED,9,176.02
134059,2,2009,214,East,2026-01-13,PLACED,3,197.47
134059,3,2009,235,East,2026-01-13,PLACED,10,116.49
134060,1,217,233,Central,2026-01-13,PLACED,10,286.5
134060,2,217,256,Central,2026-01-13,PLACED,8,542.82
134060,3,217,76,Central,2026-01-13,PLACED,3,213.18
134060,4,217,59,Central,2026-01-13,PLACED,10,82.12
134060,5,217,230,Central,2026-01-13,PLACED,10,436.06
134060,6,217,197,Central,2026-01-13,PLACED,4,266.89
134060,7,217,197,Central,2026-01-13,PLACED,7,304.04
134061,1,3434,201,South,2026-01-14,PLACED,1,517.84
134061,2,3434,106,South,2026-01-14,PLACED,10,340.82
134061,3,3434,187,South,2026-01-14,PLACED,9,462.37
134061,4,3434,78,South,2026-01-14,PLACED,10,253.93
134061,5,3434,255,South,2026-01-14,PLACED,3,501.48
134061,6,3434,61,South,2026-01-14,PLACED,5,489.68
134061,7,3434,225,South,2026-01-14,PLACED,10,36.45
134062,1,3637,227,East,2026-01-13,PLACED,10,234.45
134062,2,3637,136,East,2026-01-13,PLACED,5,228.83
134062,3,3637,175,East,2026-01-13,PLACED,4,399.52
134062,4,3637,255,East,2026-01-13,PLACED,4,459.15
134063,1,3836,35,East,2026-01-13,PLACED,6,210.18
134064,1,4923,144,North,2026-01-14,PLACED,6,435.38
134064,2,4923,210,North,2026-01-14,PLACED,9,522.98
134064,3,4923,98,North,2026-01-14,PLACED,1,251.89
134064,4,4923,77,North,2026-01-14,PLACED,5,445.31
134064,5,4923,222,North,2026-01-14,PLACED,5,312.21
134064,6,4923,121,North,2026-01-14,PLACED,2,352.1
134064,7,4923,176,North,2026-01-14,PLACED,1,92.77
134065,1,2037,255,North,2026-01-14,PLACED,6,518.02
134066,1,269,246,North,2026-01-13,PLACED,4,343.87
134067,1,2417,198,Central,2026-01-13,PLACED,8,30.57
134068,1,4261,258,Central,2026-01-14,PLACED,10,101.42
134068,2,4261,68,Central,2026-01-14,PLACED,6,20.01
134068,3,4261,228,Central,2026-01-14,PLACED,1,410.22
134068,4,4261,11,Central,2026-01-14,PLACED,1,112.22
134068,5,4261,299,Central,2026-01-14,PLACED,5,46.42
134069,1,4533,141,West,2026-01-14,PLACED,4,229.32
134070,1,1121,70,Central,2026-01-13,PLACED,5,148.88
134071,1,4257,153,North,2026-01-13,PLACED,9,242.83
134072,1,3013,191,Central,2026-01-13,PLACED,2,228.29
134073,1,267,267,South,2026-01-14,PLACED,9,290.57
134073,2,267,61,South,2026-01-14,PLACED,8,462.32
134073,3,267,122,South,2026-01-14,PLACED,10,276.2
134073,4,267,23,South,2026-01-14,PLACED,7,173.85
134073,5,267,218,South,2026-01-14,PLACED,10,345.93
134073,6,267,238,South,2026-01-14,PLACED,3,135.05
134073,7,267,242,South,2026-01-14,PLACED,6,278.63
134073,8,267,204,South,2026-01-14,PLACED,1,91.45
134074,1,269,95,North,2026-01-13,PLACED,3,33.2
134075,1,4030,289,North,2026-01-13,PLACED,7,207.34
134076,1,4503,290,West,2026-01-14,PLACED,6,139.1
134076,2,4503,172,West,2026-01-14,PLACED,7,281.15
134076,3,4503,200,West,2026-01-14,PLACED,5,409.82
134076,4,4503,122,West,2026-01-14,PLACED,7,289.99
134076,5,4503,51,West,2026-01-14,PLACED,1,179.59
134076,6,4503,39,West,2026-01-14,PLACED,5,444.0
134077,1,3642,252,West,2026-01-13,PLACED,10,365.77
134077,2,3642,278,West,2026-01-13,PLACED,1,260.65
134078,1,4401,290,West,2026-01-14,PLACED,7,135.34
134079,1,3100,21,North,2026-01-14,PLACED,2,388.88
134079,2,3100,119,North,2026-01-14,PLACED,10,282.29
134079,3,3100,8,North,2026-01-14,PLACED,2,51.97
134079,4,3100,84,North,2026-01-14,PLACED,5,426.34
134080,1,3920,137,West,2026-01-13,PLACED,8,41.8
134080,2,3920,279,West,2026-01-13,PLACED,1,144.97
134081,1,2638,232,West,2026-01-14,PLACED,1,90.44
134081,2,2638,90,West,2026-01-14,PLACED,5,27.57
134081,3,2638,293,West,2026-01-14,PLACED,9,289.25
134081,4,2638,226,West,2026-01-14,PLACED,2,272.26
134081,5,2638,141,West,2026-01-14,PLACED,8,263.59
134082,1,3960,27,North,2026-01-14,PLACED,8,52.49
134083,1,1091,221,East,2026-01-14,PLACED,9,449.26
134084,1,2246,229,South,2026-01-13,PLACED,4,85.92
134085,1,367,295,West,2026-01-13,PLACED,8,338.41
134086,1,2516,117,West,2026-01-13,PLACED,8,161.76
134087,1,1715,149,North,2026-01-14,PLACED,3,114.22
134087,2,1715,66,North,2026-01-14,PLACED,1,396.26
134088,1,4141,294,Central,2026-01-13,PLACED,3,129.02
134089,1,261,276,East,2026-01-14,PLACED,5,60.41
134090,1,2933,252,West,2026-01-14,PLACED,10,360.59
134091,1,4291,240,South,2026-01-13,PLACED,1,324.76
134091,2,4291,71,South,2026-01-13,PLACED,3,113.38
134091,3,4291,262,South,2026-01-13,PLACED,3,403.2
134092,1,46,66,South,2026-01-13,PLACED,8,363.41
134092,2,46,276,South,2026-01-13,PLACED,8,66.26
134093,1,3038,126,South,2026-01-14,PLACED,10,156.14
134093,2,3038,134,South,2026-01-14,PLACED,1,465.04
134094,1,2254,253,West,2026-01-13,PLACED,1,42.52
134095,1,4382,208,South,2026-01-13,PLACED,10,33.45
134096,1,3211,116,East,2026-01-14,PLACED,3,399.7
134097,1,592,77,North,2026-01-13,PLACED,1,489.69
134098,1,1828,2,South,2026-01-14,PLACED,2,15.91
134099,1,4179,2,Central,2026-01-14,PLACED,2,16.42
134100,1,4907,129,East,2026-01-14,PLACED,8,436.29
134101,1,2920,99,North,2026-01-13,PLACED,10,482.87
134101,2,2920,215,North,2026-01-13,PLACED,1,521.27
134102,1,4275,188,Central,2026-01-14,PLACED,3,118.35
134103,1,146,98,Central,2026-01-14,PLACED,4,248.61
134103,2,146,235,Central,2026-01-14,PLACED,6,122.11
134103,3,146,124,Central,2026-01-14,PLACED,9,261.58
134103,4,146,225,Central,2026-01-14,PLACED,1,36.43
134103,5,146,270,Central,2026-01-14,PLACED,3,9.54
134103,6,146,126,Central,2026-01-14,PLACED,9,177.93
134103,7,146,187,Central,2026-01-14,PLACED,10,403.26
134103,8,146,159,Central,2026-01-14,PLACED,8,109.77
134103,9,146,195,Central,2026-01-14,PLACED,2,216.69
134103,10,146,27,Central,2026-01-14,PLACED,10,52.91
134104,1,3365,32,Central,2026-01-14,PLACED,9,377.09
134105,1,3484,122,East,2026-01-14,PLACED,2,285.09
134105,2,3484,270,East,2026-01-14,PLACED,7,8.12
134106,1,1773,41,North,2026-01-14,PLACED,8,321.88
134107,1,2689,197,Central,2026-01-13,PLACED,6,258.16
134107,2,2689,256,Central,2026-01-13,PLACED,4,480.87
134108,1,1640,122,West,2026-01-13,PLACED,8,247.4
134109,1,2503,31,East,2026-01-13,PLACED,8,437.01
134110,1,4872,271,Central,2026-01-14,PLACED,9,384.44
134111,1,1597,48,East,2026-01-13,PLACED,4,151.66
134112,1,4365,184,Central,2026-01-13,PLACED,10,54.73
134113,1,3948,231,East,2026-01-14,PLACED,6,42.98
134113,2,3948,298,East,2026-01-14,PLACED,10,10.33
134113,3,3948,195,East,2026-01-14,PLACED,3,233.69
134114,1,4212,3,East,2026-01-13,PLACED,9,139.75
134115,1,2345,143,West,2026-01-13,PLACED,3,132.45
134116,1,2620,299,North,2026-01-13,PLACED,5,42.28
134116,2,2620,79,North,2026-01-13,PLACED,6,138.76
134117,1,1916,93,West,2026-01-13,PLACED,5,406.73
134118,1,2937,74,Central,2026-01-14,PLACED,3,157.9
134119,1,4250,266,East,2026-01-14,PLACED,9,336.97
134120,1,4253,136,South,2026-01-13,PLACED,3,259.19
134121,1,2231,253,North,2026-01-14,PLACED,1,43.81
134121,2,2231,275,North,2026-01-14,PLACED,10,75.54
134122,1,4545,36,North,2026-01-13,PLACED,3,291.79
134123,1,1685,167,East,2026-01-14,PLACED,6,127.24
134124,1,4320,162,South,2026-01-14,PLACED,5,337.68
134125,1,2716,115,East,2026-01-14,PLACED,6,425.75
134125,2,2716,232,East,2026-01-14,PLACED,2,99.18
134125,3,2716,250,East,2026-01-14,PLACED,5,150.21
134125,4,2716,73,East,2026-01-14,PLACED,6,436.19
134125,5,2716,63,East,2026-01-14,PLACED,6,306.23
134125,6,2716,24,East,2026-01-14,PLACED,2,85.1
134125,7,2716,284,East,2026-01-14,PLACED,4,130.52
134125,8,2716,260,East,2026-01-14,PLACED,7,465.47
134125,9,2716,23,East,2026-01-14,PLACED,10,166.47
134126,1,1258,255,North,2026-01-14,PLACED,10,461.69
134126,2,1258,239,North,2026-01-14,PLACED,6,311.07
134127,1,4906,57,South,2026-01-14,PLACED,9,81.98
134127,2,4906,250,South,2026-01-14,PLACED,5,138.46
134128,1,4029,113,North,2026-01-13,PLACED,4,246.49
134129,1,271,156,West,2026-01-14,PLACED,10,118.75
134129,2,271,25,West,2026-01-14,PLACED,3,470.64
134130,1,107,21,North,2026-01-13,PLACED,9,407.18
134130,2,107,219,North,2026-01-13,PLACED,9,81.01
134131,1,4865,104,East,2026-01-14,PLACED,4,248.98
134132,1,2854,156,Central,2026-01-14,PLACED,3,124.01
134133,1,3767,285,Central,2026-01-14,PLACED,1,235.31
134134,1,4348,34,North,2026-01-13,PLACED,5,467.16
134135,1,3837,91,North,2026-01-14,PLACED,1,63.99
134136,1,4652,38,South,2026-01-14,PLACED,10,284.74
134137,1,2502,263,North,2026-01-14,PLACED,1,176.45
134138,1,315,62,South,2026-01-13,PLACED,7,323.38
134138,2,315,264,South,2026-01-13,PLACED,1,81.25
134139,1,1329,20,South,2026-01-14,PLACED,2,8.88
134139,2,1329,258,South,2026-01-14,PLACED,5,103.59
134139,3,1329,121,South,2026-01-14,PLACED,6,415.55
134140,1,1226,14,North,2026-01-14,PLACED,9,97.8
134140,2,1226,280,North,2026-01-14,PLACED,10,313.76
134141,1,980,271,South,2026-01-14,PLACED,9,430.05
134142,1,4924,67,South,2026-01-13,PLACED,9,119.25
134143,1,177,262,Central,2026-01-13,PLACED,6,437.2
134144,1,2256,174,Central,2026-01-13,PLACED,3,415.95
134144,2,2256,55,Central,2026-01-13,PLACED,8,345.37
134144,3,2256,164,Central,2026-01-13,PLACED,7,480.6
134144,4,2256,120,Central,2026-01-13,PLACED,10,73.38
134144,5,2256,92,Central,2026-01-13,PLACED,6,293.28
134144,6,2256,212,Central,2026-01-13,PLACED,6,403.95
134144,7,2256,99,Central,2026-01-13,PLACED,1,438.87
134145,1,4361,92,Central,2026-01-14,PLACED,1,325.08
134146,1,1909,173,South,2026-01-14,PLACED,4,237.29
134147,1,2760,268,West,2026-01-14,PLACED,10,485.58
134148,1,83,103,East,2026-01-14,PLACED,7,349.31
134149,1,4792,33,West,2026-01-13,PLACED,8,270.83
134150,1,4107,227,East,2026-01-13,PLACED,9,236.35
134150,2,4107,239,East,2026-01-13,PLACED,10,285.83
134151,1,1375,36,South,2026-01-13,PLACED,4,302.85
134151,2,1375,74,South,2026-01-13,PLACED,9,155.14
134151,3,1375,224,South,2026-01-13,PLACED,9,386.19
134152,1,185,253,Central,2026-01-14,PLACED,5,41.53
134153,1,3604,96,North,2026-01-13,PLACED,2,203.74
134154,1,908,148,Central,2026-01-13,PLACED,6,340.85
134154,2,908,271,Central,2026-01-13,PLACED,3,373.05
134155,1,3874,65,East,2026-01-13,PLACED,7,456.14
134156,1,949,267,West,2026-01-13,PLACED,5,327.95
134157,1,931,48,North,2026-01-14,PLACED,3,152.14
134157,2,931,183,North,2026-01-14,PLACED,5,467.98
134158,1,1052,174,Central,2026-01-13,PLACED,2,362.76
134158,2,1052,148,Central,2026-01-13,PLACED,10,375.83
134159,1,1569,115,Central,2026-01-13,PLACED,9,445.63
134160,1,1109,232,West,2026-01-14,PLACED,9,104.29
134160,2,1109,152,West,2026-01-14,PLACED,8,306.07
134160,3,1109,91,West,2026-01-14,PLACED,3,57.16
134161,1,4842,19,East,2026-01-13,PLACED,5,379.12
134161,2,4842,11,East,2026-01-13,PLACED,5,107.43
134161,3,4842,192,East,2026-01-13,PLACED,8,131.1
134162,1,2942,134,North,2026-01-13,PLACED,2,519.97
134163,1,3159,256,South,2026-01-13,PLACED,8,529.39
134163,2,3159,194,South,2026-01-13,PLACED,8,490.99
134164,1,2609,243,West,2026-01-13,PLACED,8,288.92
134165,1,260,103,West,2026-01-14,PLACED,5,363.32
134166,1,1808,233,West,2026-01-14,PLACED,5,308.99
134167,1,826,265,East,2026-01-13,PLACED,7,409.79
134168,1,1246,271,North,2026-01-13,PLACED,8,435.86
134169,1,3420,288,West,2026-01-14,PLACED,9,50.53
134170,1,3242,76,West,2026-01-14,PLACED,2,202.67
134171,1,2341,227,South,2026-01-13,PLACED,2,240.39
134172,1,3704,111,West,2026-01-14,PLACED,1,420.28
134172,2,3704,13,West,2026-01-14,PLACED,2,19.57
134172,3,3704,70,West,2026-01-14,PLACED,4,145.58
134172,4,3704,127,West,2026-01-14,PLACED,3,13.71
134172,5,3704,11,West,2026-01-14,PLACED,10,102.2
134172,6,3704,67,West,2026-01-14,PLACED,4,120.83
134172,7,3704,175,West,2026-01-14,PLACED,6,364.64
134172,8,3704,120,West,2026-01-14,PLACED,5,75.24
134173,1,1974,210,West,2026-01-14,PLACED,9,501.34
134173,2,1974,179,West,2026-01-14,PLACED,1,212.49
134174,1,3029,246,Central,2026-01-13,PLACED,9,333.79
134175,1,1213,231,Central,2026-01-14,PLACED,8,44.81
134176,1,230,203,North,2026-01-14,PLACED,5,443.87
134177,1,3989,294,West,2026-01-14,PLACED,1,143.08
134178,1,2737,103,Central,2026-01-14,PLACED,6,337.55
134178,2,2737,145,Central,2026-01-14,PLACED,8,214.2
134179,1,3813,1,East,2026-01-13,PLACED,3,291.66
134180,1,2966,277,West,2026-01-13,PLACED,9,58.54
134180,2,2966,250,West,2026-01-13,PLACED,6,163.11
134180,3,2966,23,West,2026-01-13,PLACED,3,181.67
134181,1,3945,82,South,2026-01-13,PLACED,8,140.49
134182,1,1624,62,Central,2026-01-13,PLACED,3,349.21
134183,1,668,211,North,2026-01-14,PLACED,4,139.23
134184,1,74,143,North,2026-01-13,PLACED,5,144.97
134185,1,3715,9,East,2026-01-13,PLACED,10,216.15
134186,1,4896,280,East,2026-01-13,PLACED,10,314.71
134186,2,4896,186,East,2026-01-13,PLACED,10,164.0
134186,3,4896,47,East,2026-01-13,PLACED,5,54.58
134186,4,4896,269,East,2026-01-13,PLACED,7,335.55
134186,5,4896,254,East,2026-01-13,PLACED,2,213.17
134187,1,4196,292,North,2026-01-13,PLACED,6,361.0
134187,2,4196,113,North,2026-01-13,PLACED,2,240.76
134188,1,3817,235,East,2026-01-13,PLACED,4,131.12
134189,1,738,218,East,2026-01-13,PLACED,5,366.05
134190,1,1438,190,South,2026-01-13,PLACED,4,229.09
134190,2,1438,221,South,2026-01-13,PLACED,1,480.6
134191,1,4280,284,East,2026-01-14,PLACED,6,127.9
134192,1,551,226,North,2026-01-13,PLACED,4,267.39
134192,2,551,25,North,2026-01-13,PLACED,10,505.9
134192,3,551,156,North,2026-01-13,PLACED,2,112.04
134192,4,551,46,North,2026-01-13,PLACED,9,108.32
134192,5,551,227,North,2026-01-13,PLACED,3,243.69
134192,6,551,126,North,2026-01-13,PLACED,6,176.2
134192,7,551,184,North,2026-01-13,PLACED,6,51.5
134193,1,4140,40,North,2026-01-13,PLACED,5,318.08
134194,1,1482,293,West,2026-01-14,PLACED,4,323.37
134195,1,2677,84,East,2026-01-13,PLACED,4,445.9
134196,1,2809,251,West,2026-01-14,PLACED,9,170.62
134196,2,2809,31,West,2026-01-14,PLACED,8,401.04
134196,3,2809,86,West,2026-01-14,PLACED,3,104.98
134197,1,2679,92,South,2026-01-14,PLACED,8,295.78
134197,2,2679,44,South,2026-01-14,PLACED,9,133.46
134197,3,2679,228,South,2026-01-14,PLACED,6,440.42
134197,4,2679,54,South,2026-01-14,PLACED,1,512.03
134197,5,2679,63,South,2026-01-14,PLACED,1,278.62
134197,6,2679,52,South,2026-01-14,PLACED,6,116.55
134197,7,2679,189,South,2026-01-14,PLACED,4,99.4
134197,8,2679,282,South,2026-01-14,PLACED,8,98.15
134197,9,2679,260,South,2026-01-14,PLACED,10,457.42
134198,1,4570,251,East,2026-01-14,PLACED,2,165.01
134198,2,4570,225,East,2026-01-14,PLACED,5,31.6
134198,3,4570,30,East,2026-01-14,PLACED,8,280.54
134198,4,4570,36,East,2026-01-14,PLACED,8,285.6
134199,1,3980,212,East,2026-01-13,PLACED,8,413.19
134200,1,4514,151,West,2026-01-14,PLACED,7,490.81
134201,1,1737,38,Central,2026-01-13,PLACED,8,318.59
134201,2,1737,148,Central,2026-01-13,PLACED,3,337.59
134201,3,1737,151,Central,2026-01-13,PLACED,5,478.61
134201,4,1737,30,Central,2026-01-13,PLACED,6,285.19
134201,5,1737,120,Central,2026-01-13,PLACED,7,88.57
134201,6,1737,272,Central,2026-01-13,PLACED,9,151.34
134201,7,1737,71,Central,2026-01-13,PLACED,7,118.02
134202,1,4372,28,Central,2026-01-13,PLACED,6,56.71
134203,1,1404,39,West,2026-01-13,PLACED,10,444.56
134203,2,1404,286,West,2026-01-13,PLACED,2,468.82
134203,3,1404,145,West,2026-01-13,PLACED,8,219.56
134204,1,70,6,West,2026-01-13,PLACED,9,318.02
134205,1,454,122,East,2026-01-13,PLACED,9,294.38
134206,1,260,179,South,2026-01-13,PLACED,1,209.16
134207,1,3949,252,North,2026-01-13,PLACED,2,350.66
134208,1,2045,119,North,2026-01-13,PLACED,1,298.97
134209,1,3665,115,Central,2026-01-14,PLACED,2,428.69
134210,1,2370,221,North,2026-01-13,PLACED,10,520.61
134211,1,1862,247,Central,2026-01-14,PLACED,4,123.63
134212,1,2164,224,West,2026-01-14,PLACED,1,356.18
134212,2,2164,171,West,2026-01-14,PLACED,4,483.2
134213,1,1478,6,East,2026-01-14,PLACED,1,371.01
134213,2,1478,226,East,2026-01-14,PLACED,9,285.02
134213,3,1478,95,East,2026-01-14,PLACED,2,37.98
134214,1,2976,207,East,2026-01-14,PLACED,1,192.08
134215,1,1175,160,South,2026-01-13,PLACED,9,104.96
134216,1,1397,128,South,2026-01-14,PLACED,10,471.37
134217,1,1383,185,Central,2026-01-14,PLACED,9,204.08
134218,1,1976,260,East,2026-01-13,PLACED,9,457.84
134219,1,2594,17,Central,2026-01-13,PLACED,10,102.98
134219,2,2594,35,Central,2026-01-13,PLACED,4,181.45
134219,3,2594,14,Central,2026-01-13,PLACED,6,93.37
134219,4,2594,270,Central,2026-01-13,PLACED,10,8.05
134219,5,2594,223,Central,2026-01-13,PLACED,7,297.02
134220,1,3306,3,North,2026-01-14,PLACED,7,145.76
134221,1,4630,34,North,2026-01-13,PLACED,10,475.45
134221,2,4630,149,North,2026-01-13,PLACED,4,103.24
134222,1,1976,223,Central,2026-01-13,PLACED,7,293.07
134223,1,4910,268,Central,2026-01-13,PLACED,6,492.67
134223,2,4910,4,Central,2026-01-13,PLACED,3,111.15
134224,1,1946,233,West,2026-01-13,PLACED,4,310.49
134225,1,1339,127,South,2026-01-13,PLACED,1,14.4
134226,1,2983,292,South,2026-01-14,PLACED,3,366.75
134227,1,3458,9,East,2026-01-13,PLACED,3,234.65
134227,2,3458,297,East,2026-01-13,PLACED,9,233.32
134227,3,3458,238,East,2026-01-13,PLACED,7,132.16
134228,1,3274,225,West,2026-01-13,PLACED,7,31.64
134229,1,3445,293,North,2026-01-13,PLACED,5,315.16
134230,1,1500,29,West,2026-01-14,PLACED,6,401.15
134230,2,1500,34,West,2026-01-14,PLACED,10,464.74
134230,3,1500,112,West,2026-01-14,PLACED,7,137.36
134231,1,4778,263,West,2026-01-13,PLACED,10,201.4
134232,1,4152,44,North,2026-01-13,PLACED,2,159.95
134233,1,4394,125,North,2026-01-14,PLACED,10,5.65
134233,2,4394,135,North,2026-01-14,PLACED,1,48.06
134233,3,4394,32,North,2026-01-14,PLACED,7,391.19
134233,4,4394,64,North,2026-01-14,PLACED,2,311.72
134233,5,4394,271,North,2026-01-14,PLACED,8,409.55
134233,6,4394,122,North,2026-01-14,PLACED,3,295.7
134234,1,79,198,North,2026-01-14,PLACED,9,29.94
134234,2,79,266,North,2026-01-14,PLACED,9,355.7
134234,3,79,26,North,2026-01-14,PLACED,1,165.37
134234,4,79,55,North,2026-01-14,PLACED,9,342.65
134234,5,79,61,North,2026-01-14,PLACED,6,518.4
134234,6,79,53,North,2026-01-14,PLACED,10,150.85
134235,1,1863,18,West,2026-01-14,PLACED,1,284.44
134236,1,4200,255,Central,2026-01-13,PLACED,3,474.96
134236,2,4200,171,Central,2026-01-13,PLACED,10,438.1
134237,1,2492,120,North,2026-01-13,PLACED,8,80.7
134238,1,4376,55,South,2026-01-14,PLACED,8,307.96
134239,1,850,199,East,2026-01-13,PLACED,2,464.37
134240,1,1531,89,East,2026-01-14,PLACED,10,51.46
134241,1,2306,123,South,2026-01-14,PLACED,7,428.3
134242,1,1337,198,West,2026-01-14,PLACED,5,30.62
134243,1,1121,25,South,2026-01-13,PLACED,2,519.68
134244,1,3588,182,Central,2026-01-13,PLACED,3,306.9
134245,1,2799,36,West,2026-01-13,PLACED,1,262.9
134246,1,862,154,East,2026-01-13,PLACED,7,241.65
134247,1,4285,20,Central,2026-01-13,PLACED,9,7.71
134248,1,2240,298,South,2026-01-14,PLACED,7,10.56
134249,1,1808,31,East,2026-01-14,PLACED,7,440.82
134249,2,1808,20,East,2026-01-14,PLACED,8,8.27
134250,1,525,165,North,2026-01-13,PLACED,2,396.01
134250,2,525,254,North,2026-01-13,PLACED,10,253.22
134250,3,525,287,North,2026-01-13,PLACED,7,398.75
134250,4,525,161,North,2026-01-13,PLACED,5,40.75
134250,5,525,114,North,2026-01-13,PLACED,2,100.61
134250,6,525,8,North,2026-01-13,PLACED,4,43.81
134251,1,436,283,East,2026-01-14,PLACED,10,307.97
134252,1,3245,251,East,2026-01-14,PLACED,10,168.12
134252,2,3245,240,East,2026-01-14,PLACED,10,310.93
134253,1,766,127,North,2026-01-13,PLACED,2,14.62
134254,1,4978,267,East,2026-01-14,PLACED,6,337.34
134255,1,67,292,Central,2026-01-13,PLACED,5,415.24
134256,1,65,123,North,2026-01-14,PLACED,8,384.56
134257,1,4468,68,Central,2026-01-14,PLACED,2,20.28
134258,1,4342,44,South,2026-01-14,PLACED,6,158.35
134259,1,805,194,Central,2026-01-14,PLACED,10,494.34
134259,2,805,297,Central,2026-01-14,PLACED,10,212.75
134259,3,805,197,Central,2026-01-14,PLACED,7,270.62
134259,4,805,164,Central,2026-01-14,PLACED,9,426.39
134259,5,805,196,Central,2026-01-14,PLACED,9,466.68
134260,1,3060,240,South,2026-01-13,PLACED,7,325.84
134261,1,3165,260,West,2026-01-13,PLACED,5,494.59
134262,1,1731,2,North,2026-01-14,PLACED,9,18.12
134263,1,1672,183,Central,2026-01-14,PLACED,2,490.08
134264,1,429,98,East,2026-01-14,PLACED,3,276.17
134265,1,4219,8,West,2026-01-14,PLACED,6,49.7
134265,2,4219,148,West,2026-01-14,PLACED,7,379.79
134265,3,4219,275,West,2026-01-14,PLACED,7,70.68
134265,4,4219,128,West,2026-01-14,PLACED,2,491.6
134265,5,4219,33,West,2026-01-14,PLACED,1,279.49
134265,6,4219,288,West,2026-01-14,PLACED,4,48.86
134265,7,4219,63,West,2026-01-14,PLACED,2,296.63
134266,1,4396,25,Central,2026-01-14,PLACED,9,443.05
134267,1,2786,171,West,2026-01-14,PLACED,5,497.16
134268,1,2659,116,South,2026-01-13,PLACED,3,455.66
134269,1,2482,39,West,2026-01-13,PLACED,10,402.68
134269,2,2482,162,West,2026-01-13,PLACED,4,311.16
134270,1,983,45,East,2026-01-13,PLACED,2,40.4
134271,1,2960,160,East,2026-01-13,PLACED,5,102.64
134272,1,2947,83,South,2026-01-14,PLACED,8,318.44
134273,1,1944,138,West,2026-01-14,PLACED,1,398.02
134274,1,2020,242,North,2026-01-14,PLACED,6,319.7
134275,1,1144,266,East,2026-01-13,PLACED,4,373.39
134276,1,2815,76,Central,2026-01-13,PLACED,7,212.96
134277,1,4334,137,Central,2026-01-13,PLACED,10,39.97
134278,1,2739,21,North,2026-01-14,PLACED,7,371.47
134279,1,481,272,North,2026-01-14,PLACED,2,142.24
134280,1,3001,219,West,2026-01-14,PLACED,9,74.2
134280,2,3001,66,West,2026-01-14,PLACED,8,407.28
134280,3,3001,177,West,2026-01-14,PLACED,3,57.55
134280,4,3001,206,West,2026-01-14,PLACED,4,112.4
134280,5,3001,221,West,2026-01-14,PLACED,7,494.27
134280,6,3001,147,West,2026-01-14,PLACED,10,268.28
134280,7,3001,113,West,2026-01-14,PLACED,8,260.96
134281,1,1060,225,South,2026-01-13,PLACED,10,32.45
134282,1,2858,158,North,2026-01-13,PLACED,1,303.53
134283,1,236,151,North,2026-01-14,PLACED,5,481.09
134284,1,4303,189,South,2026-01-14,PLACED,3,106.3
134285,1,3867,297,East,2026-01-13,PLACED,6,213.52
134285,2,3867,280,East,2026-01-13,PLACED,4,278.13
134286,1,3929,112,North,2026-01-14,PLACED,7,135.76
134286,2,3929,64,North,2026-01-14,PLACED,9,354.41
134286,3,3929,132,North,2026-01-14,PLACED,10,35.0
134286,4,3929,173,North,2026-01-14,PLACED,6,243.64
134287,1,755,266,East,2026-01-14,PLACED,6,373.1
134288,1,3808,74,Central,2026-01-13,PLACED,7,172.82
134289,1,837,98,Central,2026-01-14,PLACED,4,291.87
134290,1,3915,61,East,2026-01-14,PLACED,5,537.35
134291,1,651,57,North,2026-01-14,PLACED,1,90.15
134292,1,1935,134,North,2026-01-14,PLACED,5,476.38
134293,1,1140,237,South,2026-01-13,PLACED,6,476.79
134294,1,3486,153,East,2026-01-13,PLACED,5,229.11
134295,1,1033,124,East,2026-01-14,PLACED,3,286.27
134296,1,584,36,West,2026-01-13,PLACED,3,262.21
134297,1,3914,63,East,2026-01-14,PLACED,2,260.58
134297,2,3914,215,East,2026-01-14,PLACED,8,512.34
134297,3,3914,202,East,2026-01-14,PLACED,8,466.79
134297,4,3914,129,East,2026-01-14,PLACED,3,415.03
134297,5,3914,165,East,2026-01-14,PLACED,6,472.56
134298,1,3744,265,West,2026-01-14,PLACED,1,406.55
134299,1,4222,137,North,2026-01-14,PLACED,10,41.98
134300,1,3366,240,East,2026-01-13,PLACED,1,281.25
134301,1,803,266,East,2026-01-14,PLACED,6,330.51
134302,1,387,112,South,2026-01-14,PLACED,7,126.95
134302,2,387,126,South,2026-01-14,PLACED,4,155.25
134302,3,387,108,South,2026-01-14,PLACED,6,203.01
134302,4,387,210,South,2026-01-14,PLACED,8,526.21
134302,5,387,96,South,2026-01-14,PLACED,10,183.29
134302,6,387,173,South,2026-01-14,PLACED,2,235.97
134302,7,387,208,South,2026-01-14,PLACED,10,34.42
134302,8,387,200,South,2026-01-14,PLACED,1,408.82
134302,9,387,59,South,2026-01-14,PLACED,3,93.07
134302,10,387,279,South,2026-01-14,PLACED,6,131.27
134303,1,112,12,South,2026-01-13,PLACED,8,269.12
134303,2,112,84,South,2026-01-13,PLACED,2,492.71
134304,1,359,180,South,2026-01-14,PLACED,9,219.93
134305,1,1259,230,West,2026-01-14,PLACED,9,438.12
134306,1,2070,111,Central,2026-01-14,PLACED,8,481.79
134306,2,2070,138,Central,2026-01-14,PLACED,5,411.99
134306,3,2070,110,Central,2026-01-14,PLACED,1,514.55
134306,4,2070,171,Central,2026-01-14,PLACED,8,503.7
134306,5,2070,198,Central,2026-01-14,PLACED,3,28.82
134306,6,2070,69,Central,2026-01-14,PLACED,8,162.49
134306,7,2070,117,Central,2026-01-14,PLACED,6,148.11
134306,8,2070,35,Central,2026-01-14,PLACED,10,210.2
134306,9,2070,71,Central,2026-01-14,PLACED,3,117.67
134306,10,2070,53,Central,2026-01-14,PLACED,10,144.08
134307,1,3793,249,South,2026-01-14,PLACED,9,312.38
134308,1,2470,286,West,2026-01-14,PLACED,8,461.09
134308,2,2470,253,West,2026-01-14,PLACED,9,38.76
134308,3,2470,207,West,2026-01-14,PLACED,5,217.07
134308,4,2470,209,West,2026-01-14,PLACED,9,188.17
134308,5,2470,173,West,2026-01-14,PLACED,7,248.65
134308,6,2470,295,West,2026-01-14,PLACED,7,353.07
134309,1,2558,117,South,2026-01-14,PLACED,2,163.54
134309,2,2558,86,South,2026-01-14,PLACED,7,112.9
134309,3,2558,199,South,2026-01-14,PLACED,7,456.3
134309,4,2558,226,South,2026-01-14,PLACED,8,288.45
134310,1,1211,113,East,2026-01-14,PLACED,5,239.17
134311,1,3718,230,West,2026-01-13,PLACED,2,440.6
134311,2,3718,207,West,2026-01-13,PLACED,2,223.22
134312,1,2344,27,East,2026-01-13,PLACED,2,54.98
134313,1,4383,254,East,2026-01-14,PLACED,10,252.27
134314,1,4819,152,South,2026-01-14,PLACED,5,316.12
134314,2,4819,123,South,2026-01-14,PLACED,9,356.69
134314,3,4819,244,South,2026-01-14,PLACED,8,430.03
134314,4,4819,153,South,2026-01-14,PLACED,5,235.58
134314,5,4819,129,South,2026-01-14,PLACED,4,429.59
134314,6,4819,236,South,2026-01-14,PLACED,7,61.81
134314,7,4819,213,South,2026-01-14,PLACED,3,250.34
134314,8,4819,27,South,2026-01-14,PLACED,5,52.01
134315,1,2159,144,Central,2026-01-13,PLACED,6,434.61
134316,1,250,271,North,2026-01-14,PLACED,1,383.92
134317,1,1463,240,Central,2026-01-14,PLACED,8,320.74
134318,1,3467,111,South,2026-01-13,PLACED,5,454.41
134319,1,2373,128,Central,2026-01-13,PLACED,2,427.19
134319,2,2373,6,Central,2026-01-13,PLACED,8,330.75
134319,3,2373,204,Central,2026-01-13,PLACED,4,87.47
134320,1,3466,136,Central,2026-01-13,PLACED,7,260.13
134321,1,3478,222,West,2026-01-14,PLACED,9,320.23
134322,1,556,197,South,2026-01-14,PLACED,5,303.18
134323,1,1003,205,West,2026-01-13,PLACED,3,263.87
134324,1,1069,270,South,2026-01-13,PLACED,3,8.31
134325,1,900,210,South,2026-01-13,PLACED,5,477.52
134325,2,900,243,South,2026-01-13,PLACED,8,250.77
134325,3,900,137,South,2026-01-13,PLACED,3,42.62
134325,4,900,63,South,2026-01-13,PLACED,4,296.89
134326,1,4037,255,North,2026-01-14,PLACED,9,466.27
134326,2,4037,59,North,2026-01-14,PLACED,6,91.79
134327,1,4055,276,West,2026-01-13,PLACED,7,57.72
134327,2,4055,287,West,2026-01-13,PLACED,8,397.8
134327,3,4055,145,West,2026-01-13,PLACED,9,205.77
134327,4,4055,173,West,2026-01-13,PLACED,3,225.96
134327,5,4055,25,West,2026-01-13,PLACED,4,433.31
134327,6,4055,10,West,2026-01-13,PLACED,8,18.91
134327,7,4055,247,West,2026-01-13,PLACED,7,121.77
134327,8,4055,142,West,2026-01-13,PLACED,9,266.96
134327,9,4055,123,West,2026-01-13,PLACED,6,377.94
134328,1,2099,269,South,2026-01-14,PLACED,6,324.02
134328,2,2099,138,South,2026-01-14,PLACED,3,374.12
134329,1,903,104,West,2026-01-13,PLACED,9,245.17
134330,1,3481,46,Central,2026-01-14,PLACED,6,131.85
134330,2,3481,207,Central,2026-01-14,PLACED,2,220.9
134330,3,3481,69,Central,2026-01-14,PLACED,3,159.15
134330,4,3481,59,Central,2026-01-14,PLACED,5,87.3
134330,5,3481,177,Central,2026-01-14,PLACED,9,48.51
134330,6,3481,98,Central,2026-01-14,PLACED,10,266.18
134330,7,3481,81,Central,2026-01-14,PLACED,6,293.63
134331,1,3792,243,Central,2026-01-14,PLACED,9,272.43
134332,1,2663,177,Central,2026-01-13,PLACED,1,54.03
134333,1,691,286,Central,2026-01-14,PLACED,6,468.08
134333,2,691,255,Central,2026-01-14,PLACED,3,486.27
134334,1,2693,296,Central,2026-01-14,PLACED,1,294.78
134335,1,90,54,North,2026-01-13,PLACED,6,454.78
134335,2,90,299,North,2026-01-13,PLACED,7,43.67
134335,3,90,129,North,2026-01-13,PLACED,9,472.77
134335,4,90,105,North,2026-01-13,PLACED,1,131.57
134335,5,90,167,North,2026-01-13,PLACED,1,119.8
134336,1,2808,9,Central,2026-01-13,PLACED,2,221.3
134336,2,2808,54,Central,2026-01-13,PLACED,4,465.53
134336,3,2808,241,Central,2026-01-13,PLACED,2,199.85
134336,4,2808,299,Central,2026-01-13,PLACED,6,40.75
134336,5,2808,206,Central,2026-01-13,PLACED,10,110.88
134336,6,2808,117,Central,2026-01-13,PLACED,8,163.19
134336,7,2808,90,Central,2026-01-13,PLACED,1,27.59
134336,8,2808,132,Central,2026-01-13,PLACED,2,30.48
134336,9,2808,29,Central,2026-01-13,PLACED,8,446.08
134336,10,2808,23,Central,2026-01-13,PLACED,4,189.06
134337,1,3104,133,South,2026-01-14,PLACED,2,462.26
134338,1,583,210,Central,2026-01-14,PLACED,5,481.33
134339,1,4289,53,East,2026-01-13,PLACED,8,128.69
134339,2,4289,300,East,2026-01-13,PLACED,1,403.87
134339,3,4289,241,East,2026-01-13,PLACED,6,212.35
134339,4,4289,207,East,2026-01-13,PLACED,2,220.13
134340,1,2762,180,North,2026-01-14,PLACED,5,227.35
134341,1,3127,158,East,2026-01-13,PLACED,5,269.56
134342,1,1866,121,West,2026-01-13,PLACED,3,411.29
134343,1,935,132,West,2026-01-14,PLACED,2,33.5
134344,1,1092,116,Central,2026-01-13,PLACED,2,451.0
134345,1,2125,55,East,2026-01-14,PLACED,2,321.36
134345,2,2125,189,East,2026-01-14,PLACED,3,101.34
134346,1,1202,273,South,2026-01-14,PLACED,4,324.99
134346,2,1202,284,South,2026-01-14,PLACED,10,142.52
134346,3,1202,282,South,2026-01-14,PLACED,2,95.39
134346,4,1202,3,South,2026-01-14,PLACED,2,146.4
134346,5,1202,192,South,2026-01-14,PLACED,9,133.1
134347,1,357,144,East,2026-01-13,PLACED,6,395.65
134348,1,4529,150,East,2026-01-13,PLACED,9,152.58
134348,2,4529,221,East,2026-01-13,PLACED,1,481.27
134349,1,4101,77,West,2026-01-13,PLACED,6,462.51
134350,1,4543,57,East,2026-01-14,PLACED,7,85.57
134351,1,4655,43,West,2026-01-14,PLACED,8,124.44
134352,1,1911,123,East,2026-01-14,PLACED,1,404.06
134353,1,3636,122,Central,2026-01-14,PLACED,6,289.59
134354,1,2070,115,East,2026-01-14,PLACED,10,469.09
134354,2,2070,10,East,2026-01-14,PLACED,8,20.52
134355,1,1192,1,Central,2026-01-13,PLACED,1,340.89
134356,1,3525,232,East,2026-01-13,PLACED,5,92.7
134356,2,3525,48,East,2026-01-13,PLACED,9,141.69
134356,3,3525,117,East,2026-01-13,PLACED,2,142.03
134356,4,3525,225,East,2026-01-13,PLACED,8,34.18
134356,5,3525,283,East,2026-01-13,PLACED,8,318.92
134356,6,3525,261,East,2026-01-13,PLACED,5,456.44
134356,7,3525,166,East,2026-01-13,PLACED,5,40.69
134356,8,3525,52,East,2026-01-13,PLACED,10,118.19
134356,9,3525,255,East,2026-01-13,PLACED,6,480.94
134356,10,3525,118,East,2026-01-13,PLACED,9,291.92
134357,1,1417,184,East,2026-01-13,PLACED,10,52.55
134358,1,3956,293,West,2026-01-14,PLACED,4,303.58
134359,1,3173,251,West,2026-01-13,PLACED,9,156.12
134359,2,3173,124,West,2026-01-13,PLACED,5,283.89
134360,1,880,253,South,2026-01-14,PLACED,2,38.28
134361,1,4996,191,East,2026-01-13,PLACED,2,222.68
134361,2,4996,11,East,2026-01-13,PLACED,2,119.06
134361,3,4996,260,East,2026-01-13,PLACED,6,426.95
134361,4,4996,248,East,2026-01-13,PLACED,3,210.28
134362,1,2553,23,East,2026-01-14,PLACED,1,173.92
134362,2,2553,117,East,2026-01-14,PLACED,6,145.87
134363,1,1972,180,Central,2026-01-13,PLACED,10,220.21
134363,2,1972,20,Central,2026-01-13,PLACED,7,7.68
134364,1,86,249,South,2026-01-14,PLACED,1,366.51
134365,1,4412,28,West,2026-01-14,PLACED,1,51.26
134366,1,2718,295,Central,2026-01-14,PLACED,2,402.27
134367,1,4611,214,East,2026-01-13,PLACED,8,217.33
134368,1,4208,204,Central,2026-01-13,PLACED,10,92.64
134369,1,2192,135,Central,2026-01-13,PLACED,5,49.85
134369,2,2192,84,Central,2026-01-13,PLACED,2,413.86
134369,3,2192,220,Central,2026-01-13,PLACED,2,138.49
134369,4,2192,117,Central,2026-01-13,PLACED,5,153.74
134369,5,2192,121,Central,2026-01-13,PLACED,7,363.8
134370,1,561,124,East,2026-01-13,PLACED,4,268.5
134370,2,561,54,East,2026-01-13,PLACED,5,481.1
134371,1,870,298,South,2026-01-14,PLACED,5,10.61
134371,2,870,243,South,2026-01-14,PLACED,4,267.43
134372,1,4183,130,West,2026-01-13,PLACED,6,421.03
134373,1,724,296,East,2026-01-13,PLACED,10,268.39
134373,2,724,203,East,2026-01-13,PLACED,5,409.52
134374,1,18,154,East,2026-01-13,PLACED,6,286.74
134374,2,18,115,East,2026-01-13,PLACED,1,468.03
134375,1,2698,174,Central,2026-01-14,PLACED,5,363.12
134376,1,3182,213,Central,2026-01-14,PLACED,6,248.36
134376,2,3182,163,Central,2026-01-14,PLACED,5,113.16
134377,1,1937,62,East,2026-01-14,PLACED,8,316.44
134378,1,2299,66,South,2026-01-13,PLACED,4,398.4
134379,1,1005,294,West,2026-01-14,PLACED,2,147.76
134380,1,1478,187,East,2026-01-14,PLACED,2,401.5
134381,1,3312,75,Central,2026-01-14,PLACED,10,296.82
134382,1,776,143,Central,2026-01-14,PLACED,10,132.11
134383,1,3760,137,West,2026-01-13,PLACED,3,40.87
134384,1,4741,107,South,2026-01-13,PLACED,8,66.22
134385,1,3881,34,East,2026-01-14,PLACED,6,525.51
134386,1,3429,184,South,2026-01-13,PLACED,9,53.5
134387,1,247,113,South,2026-01-13,PLACED,1,268.79
134388,1,4860,167,South,2026-01-14,PLACED,8,132.1
134389,1,3053,139,South,2026-01-13,PLACED,2,375.54
134390,1,3196,230,South,2026-01-13,PLACED,1,513.77
134390,2,3196,269,South,2026-01-13,PLACED,10,316.1
134391,1,1008,28,West,2026-01-13,PLACED,6,57.19
134392,1,4481,161,Central,2026-01-13,PLACED,4,42.45
134393,1,4162,254,Central,2026-01-14,PLACED,9,227.67
134394,1,4832,227,South,2026-01-13,PLACED,7,229.05
134395,1,1032,291,North,2026-01-13,PLACED,2,7.35
134396,1,3441,40,West,2026-01-14,PLACED,4,279.44
134397,1,3674,47,South,2026-01-14,PLACED,5,50.25
134397,2,3674,165,South,2026-01-14,PLACED,1,397.47
134397,3,3674,230,South,2026-01-14,PLACED,9,434.12
134397,4,3674,299,South,2026-01-14,PLACED,7,44.02
134397,5,3674,114,South,2026-01-14,PLACED,2,91.97
134397,6,3674,91,South,2026-01-14,PLACED,5,56.33
134397,7,3674,53,South,2026-01-14,PLACED,2,143.21
134397,8,3674,273,South,2026-01-14,PLACED,4,308.95
134397,9,3674,77,South,2026-01-14,PLACED,9,423.19
134398,1,1373,84,South,2026-01-13,PLACED,7,489.39
134399,1,2340,136,East,2026-01-14,PLACED,4,252.09
134400,1,1323,128,East,2026-01-13,PLACED,7,437.25
134401,1,3126,7,North,2026-01-13,PLACED,3,410.4
134401,2,3126,261,North,2026-01-13,PLACED,1,435.32
134402,1,1010,153,West,2026-01-13,PLACED,7,236.67
134402,2,1010,222,West,2026-01-13,PLACED,3,273.6
134403,1,1478,195,West,2026-01-13,PLACED,3,241.09
134403,2,1478,134,West,2026-01-13,PLACED,1,430.17
134404,1,2622,45,Central,2026-01-13,PLACED,8,48.2
134404,2,2622,107,Central,2026-01-13,PLACED,9,63.16
134404,3,2622,121,Central,2026-01-13,PLACED,5,376.15
134404,4,2622,149,Central,2026-01-13,PLACED,3,94.48
134405,1,1016,168,North,2026-01-14,PLACED,2,334.6
134406,1,4444,21,West,2026-01-14,PLACED,8,377.48
134406,2,4444,147,West,2026-01-14,PLACED,4,269.48
134407,1,3676,19,North,2026-01-14,PLACED,3,429.36
134408,1,1630,170,South,2026-01-14,PLACED,10,66.76
134408,2,1630,293,South,2026-01-14,PLACED,4,323.51
134408,3,1630,212,South,2026-01-14,PLACED,2,371.84
134409,1,3289,241,South,2026-01-14,PLACED,5,222.66
134409,2,3289,198,South,2026-01-14,PLACED,9,28.44
134410,1,4450,213,East,2026-01-14,PLACED,4,247.29
134411,1,5000,16,East,2026-01-13,PLACED,1,295.48
134412,1,845,156,South,2026-01-14,PLACED,6,106.71
134412,2,845,87,South,2026-01-14,PLACED,8,500.37
134413,1,1965,90,Central,2026-01-13,PLACED,4,27.27
134414,1,4392,175,Central,2026-01-14,PLACED,1,397.84
134415,1,3277,246,Central,2026-01-13,PLACED,9,387.65
134416,1,2874,180,South,2026-01-13,PLACED,8,232.14
134417,1,3353,273,East,2026-01-14,PLACED,2,314.25
134418,1,4854,75,West,2026-01-14,PLACED,5,331.06
134418,2,4854,232,West,2026-01-14,PLACED,6,97.08
134418,3,4854,33,West,2026-01-14,PLACED,6,270.43
134418,4,4854,164,West,2026-01-14,PLACED,7,471.18
134418,5,4854,158,West,2026-01-14,PLACED,10,294.41
134418,6,4854,118,West,2026-01-14,PLACED,6,341.34
134418,7,4854,283,West,2026-01-14,PLACED,9,318.82
134418,8,4854,160,West,2026-01-14,PLACED,6,117.51
134418,9,4854,272,West,2026-01-14,PLACED,10,162.58
134418,10,4854,106,West,2026-01-14,PLACED,3,335.84
134419,1,4424,195,Central,2026-01-14,PLACED,6,235.42
134420,1,2798,296,North,2026-01-13,PLACED,5,273.84
134421,1,3535,163,East,2026-01-13,PLACED,5,120.58
134422,1,4006,203,North,2026-01-14,PLACED,1,431.2
134422,2,4006,242,North,2026-01-14,PLACED,7,301.7
134423,1,2834,185,West,2026-01-14,PLACED,1,210.31
134424,1,3116,44,West,2026-01-13,PLACED,4,139.27
134425,1,106,185,West,2026-01-13,PLACED,8,188.34
134425,2,106,25,West,2026-01-13,PLACED,6,505.07
134426,1,4363,18,North,2026-01-13,PLACED,2,307.94
134427,1,4670,191,South,2026-01-14,PLACED,10,222.61
134428,1,3254,57,North,2026-01-14,PLACED,5,88.61
134428,2,3254,9,North,2026-01-14,PLACED,10,230.5
134428,3,3254,76,North,2026-01-14,PLACED,3,215.53
134428,4,3254,107,North,2026-01-14,PLACED,1,65.32
134429,1,1007,126,West,2026-01-13,PLACED,7,171.65
134430,1,2647,228,East,2026-01-14,PLACED,6,407.22
134431,1,2282,271,West,2026-01-14,PLACED,1,439.18
134432,1,1106,191,East,2026-01-13,PLACED,9,195.14
134433,1,4420,23,East,2026-01-13,PLACED,10,162.16
134434,1,3118,6,South,2026-01-13,PLACED,10,364.73
134435,1,3270,67,Central,2026-01-14,PLACED,8,119.68
134436,1,442,113,West,2026-01-14,PLACED,3,275.05
134437,1,2741,96,East,2026-01-13,PLACED,5,184.59
134437,2,2741,31,East,2026-01-13,PLACED,1,411.08
134437,3,2741,224,East,2026-01-13,PLACED,6,347.75
134438,1,2763,29,North,2026-01-14,PLACED,7,455.74
134439,1,1046,70,East,2026-01-14,PLACED,3,137.07
134440,1,4595,89,Central,2026-01-13,PLACED,1,46.1
134440,2,4595,260,Central,2026-01-13,PLACED,3,509.36
134440,3,4595,260,Central,2026-01-13,PLACED,10,424.27
134440,4,4595,176,Central,2026-01-13,PLACED,1,90.7
134440,5,4595,36,Central,2026-01-13,PLACED,2,289.15
134440,6,4595,236,Central,2026-01-13,PLACED,4,63.04
134440,7,4595,252,Central,2026-01-13,PLACED,6,365.51
134441,1,813,201,North,2026-01-14,PLACED,4,491.08
134441,2,813,117,North,2026-01-14,PLACED,6,154.21
134441,3,813,182,North,2026-01-14,PLACED,7,331.42
134441,4,813,115,North,2026-01-14,PLACED,7,447.77
134441,5,813,66,North,2026-01-14,PLACED,5,374.26
134442,1,4368,159,South,2026-01-14,PLACED,8,129.74
134443,1,1646,88,Central,2026-01-14,PLACED,9,245.42
134444,1,4863,239,South,2026-01-14,PLACED,2,302.0
134445,1,4447,28,West,2026-01-14,PLACED,8,50.86
134445,2,4447,38,West,2026-01-14,PLACED,1,283.02
134446,1,4587,108,North,2026-01-14,RETURNED,1,238.1
134447,1,759,208,South,2026-01-13,PLACED,7,30.69
134447,2,759,120,South,2026-01-13,PLACED,7,77.0
134448,1,155,6,East,2026-01-14,PLACED,4,315.9
134449,1,3359,172,West,2026-01-14,PLACED,3,291.18
134450,1,2687,107,South,2026-01-14,PLACED,6,56.14
134451,1,1850,238,West,2026-01-14,PLACED,4,119.37
134452,1,3145,51,Central,2026-01-14,PLACED,9,181.84
134453,1,4540,249,South,2026-01-13,PLACED,3,342.55
134454,1,4762,10,West,2026-01-13,PLACED,7,18.43
134455,1,15,98,East,2026-01-14,PLACED,6,277.35
134456,1,1668,68,South,2026-01-14,PLACED,10,20.33
134457,1,62,167,Central,2026-01-13,PLACED,8,121.23
134457,2,62,162,Central,2026-01-13,PLACED,2,303.58
134457,3,62,41,Central,2026-01-13,PLACED,9,385.45
134457,4,62,219,Central,2026-01-13,PLACED,6,76.42
134458,1,3453,102,North,2026-01-14,PLACED,7,342.01
134458,2,3453,22,North,2026-01-14,PLACED,5,317.49
134458,3,3453,83,North,2026-01-14,PLACED,4,304.43
134458,4,3453,124,North,2026-01-14,PLACED,7,243.54
134458,5,3453,247,North,2026-01-14,PLACED,8,121.9
134458,6,3453,192,North,2026-01-14,PLACED,5,130.67
134458,7,3453,266,North,2026-01-14,PLACED,10,325.72
,8,3453,71,North,2026-01-14,PLACED,7,104.57
134458,9,3453,248,North,2026-01-14,PLACED,6,191.07
134458,10,3453,277,North,2026-01-14,PLACED,4,53.73
134459,1,4027,259,South,2026-01-14,PLACED,5,126.08
134459,2,4027,56,South,2026-01-14,PLACED,4,334.07
134460,1,2832,231,Central,2026-01-13,PLACED,8,44.26
134461,1,629,155,East,2026-01-14,PLACED,7,62.39
134462,1,3249,278,Central,2026-01-13,PLACED,1,264.22
134462,2,3249,213,Central,2026-01-13,PLACED,6,227.13
134463,1,2033,110,East,2026-01-14,PLACED,5,470.57
134463,2,2033,293,East,2026-01-14,PLACED,7,340.62
134464,1,2786,276,North,2026-01-13,PLACED,8,57.88
134464,2,2786,70,North,2026-01-13,PLACED,9,130.88
134465,1,2142,268,West,2026-01-13,PLACED,5,539.68
134466,1,1221,292,South,2026-01-13,PLACED,7,398.59
134466,2,1221,29,South,2026-01-13,PLACED,5,461.21
134466,3,1221,262,South,2026-01-13,PLACED,5,453.64
134466,4,1221,168,South,2026-01-13,PLACED,4,342.98
134466,5,1221,160,South,2026-01-13,PLACED,8,124.11
134466,6,1221,115,South,2026-01-13,PLACED,7,469.64
134467,1,849,65,East,2026-01-13,PLACED,10,413.16
134468,1,2519,212,South,2026-01-14,PLACED,6,355.84
134469,1,4938,179,Central,2026-01-13,PLACED,5,233.39
134470,1,2270,214,Central,2026-01-14,PLACED,3,232.01
134471,1,1950,28,East,2026-01-13,PLACED,10,53.96
134472,1,4166,55,Central,2026-01-13,PLACED,2,329.77
134472,2,4166,295,Central,2026-01-13,PLACED,10,366.64
134472,3,4166,2,Central,2026-01-13,PLACED,9,16.13
134472,4,4166,292,Central,2026-01-13,PLACED,10,380.56
134472,5,4166,26,Central,2026-01-13,PLACED,1,183.08
134472,6,4166,161,Central,2026-01-13,PLACED,2,43.96
134472,7,4166,56,Central,2026-01-13,PLACED,10,321.81
134472,8,4166,224,Central,2026-01-13,PLACED,5,384.74
134472,9,4166,289,Central,2026-01-13,PLACED,2,227.12
134472,10,4166,29,Central,2026-01-13,PLACED,1,412.99
134473,1,3942,34,East,2026-01-13,PLACED,0,461.64
134474,1,4112,290,Central,2026-01-13,PLACED,7,152.87
134474,2,4112,78,Central,2026-01-13,PLACED,6,242.43
134475,1,4258,214,North,2026-01-13,PLACED,2,226.6
134476,1,736,287,West,2026-01-13,PLACED,6,383.1
134477,1,4545,263,West,2026-01-14,PLACED,3,202.9
134477,2,4545,80,West,2026-01-14,PLACED,1,118.77
134478,1,1392,150,South,2026-01-13,PLACED,7,159.77
134478,2,1392,38,South,2026-01-13,PLACED,4,326.91
134479,1,4823,48,Central,2026-01-14,PLACED,4,129.4
134480,1,4861,229,South,2026-01-14,PLACED,9,75.61
134480,2,4861,22,South,2026-01-14,PLACED,6,370.44
134481,1,2561,178,North,2026-01-13,PLACED,6,236.37
134482,1,1774,189,Central,2026-01-13,PLACED,6,94.74
134483,1,4088,200,North,2026-01-14,PLACED,1,453.5
134484,1,3274,20,West,2026-01-14,PLACED,6,8.72
134485,1,2124,93,East,2026-01-13,PLACED,-1,434.87
134486,1,1034,119,Central,2026-01-13,PLACED,9,295.68
134486,2,1034,179,Central,2026-01-13,PLACED,8,215.62
134487,1,1796,187,South,2026-01-13,PLACED,8,447.05
134488,1,1217,290,South,2026-01-13,PLACED,9,152.37
134489,1,4156,133,North,2026-01-13,PLACED,9,449.58
134490,1,2624,193,Central,2026-01-13,PLACED,2,129.23
134490,2,2624,252,Central,2026-01-13,PLACED,1,361.52
134491,1,2604,102,North,2026-01-13,PLACED,1,393.83
134491,2,2604,104,North,2026-01-13,PLACED,4,277.79
134491,3,2604,84,North,2026-01-13,PLACED,6,451.71
134491,4,2604,46,North,2026-01-13,PLACED,5,109.11
134491,5,2604,222,North,2026-01-13,PLACED,3,303.98
134491,6,2604,265,North,2026-01-13,PLACED,2,454.83
134491,7,2604,215,North,2026-01-13,PLACED,10,523.79
134492,1,1418,159,Central,2026-01-13,PLACED,4,120.63
134493,1,2400,174,Central,2026-01-13,PLACED,2,366.12
134494,1,4045,158,West,2026-01-14,PLACED,1,290.21
134495,1,1991,161,Central,2026-01-13,PLACED,1,42.52
134495,2,1991,99,Central,2026-01-13,PLACED,8,454.33
134496,1,2412,18,West,2026-01-13,PLACED,10,320.98
134497,1,3628,250,West,,PLACED,4,152.06
134498,1,4113,15,West,2026-01-14,PLACED,1,298.45
134498,2,4113,6,West,2026-01-14,PLACED,3,329.03
134499,1,1819,282,Central,2026-01-13,PLACED,3,99.31
134499,2,1819,26,Central,2026-01-13,PLACED,1,174.35
134499,3,1819,187,Central,2026-01-13,PLACED,6,424.03
134499,4,1819,277,Central,2026-01-13,PLACED,3,52.8
134499,5,1819,163,Central,2026-01-13,PLACED,9,120.32
134499,6,1819,93,Central,2026-01-13,PLACED,4,416.09
134500,1,4083,288,South,2026-01-14,PLACED,3,52.45
134501,1,527,119,West,2026-01-14,PLACED,9,318.45
134501,2,527,92,West,2026-01-14,PLACED,8,290.96
134502,1,4998,265,West,2026-01-13,PLACED,8,405.19
134502,2,4998,64,West,2026-01-13,PLACED,1,332.22
134503,1,935,66,Central,2026-01-13,PLACED,10,354.57
134504,1,88,123,South,2026-01-14,PLACED,7,373.07
134505,1,619,272,South,2026-01-13,PLACED,10,160.46
134506,1,4491,243,Central,2026-01-13,PLACED,5,273.53
134506,2,4491,241,Central,2026-01-13,PLACED,10,224.56
134506,3,4491,61,Central,2026-01-13,PLACED,4,540.9
134506,4,4491,62,Central,2026-01-13,PLACED,8,300.57
134507,1,2823,232,East,2026-01-13,PLACED,6,104.28
134507,2,2823,193,East,2026-01-13,PLACED,3,123.83
134508,1,75,273,East,2026-01-14,PLACED,3,327.53
134509,1,2471,120,East,2026-01-13,PLACED,1,80.55
134510,1,1184,234,North,2026-01-14,PLACED,6,366.87
134511,1,4752,221,South,2026-01-13,PLACED,7,519.15
134512,1,462,54,Central,2026-01-14,PLACED,1,465.25
134512,2,462,272,Central,2026-01-14,PLACED,9,159.74
134512,3,462,188,Central,2026-01-14,PLACED,1,122.15
134512,4,462,101,Central,2026-01-14,PLACED,9,10.3
134512,5,462,73,Central,2026-01-14,PLACED,1,400.82
134513,1,2145,61,West,2026-01-14,PLACED,9,507.48
134514,1,3462,270,West,2026-01-14,PLACED,7,8.96
134515,1,3883,126,North,2026-01-13,PLACED,3,166.67
134516,1,3885,201,Central,2026-01-13,PLACED,6,484.9
134517,1,1390,236,Central,2026-01-14,PLACED,7,63.73
134518,1,4330,35,Central,2026-01-13,PLACED,9,175.2
134519,1,4235,252,West,2026-01-14,PLACED,3,404.99
134520,1,4168,254,North,2026-01-13,PLACED,5,226.7
134520,2,4168,200,North,2026-01-13,PLACED,5,416.22
134520,3,4168,201,North,2026-01-13,PLACED,6,521.86
134520,4,4168,243,North,2026-01-13,PLACED,7,274.23
134520,5,4168,73,North,2026-01-13,PLACED,8,472.79
134521,1,3169,283,East,2026-01-14,PLACED,5,288.94
134522,1,130,34,Central,2026-01-13,PLACED,1,525.75
134522,2,130,101,Central,2026-01-13,PLACED,10,11.16
134523,1,2788,21,East,2026-01-13,PLACED,9,405.94
134523,2,2788,113,East,2026-01-13,PLACED,7,255.48
134523,3,2788,183,East,2026-01-13,PLACED,5,476.92
134523,4,2788,106,East,2026-01-13,PLACED,6,299.09
134523,5,2788,218,East,2026-01-13,PLACED,10,331.23
134523,6,2788,297,East,2026-01-13,PLACED,2,208.8
134524,1,4674,204,East,2026-01-13,PLACED,2,-6.01
134524,2,4674,173,East,2026-01-13,PLACED,2,255.39
134524,3,4674,81,East,2026-01-13,PLACED,3,285.2
134524,4,4674,87,East,2026-01-13,PLACED,8,541.38
134525,1,796,264,East,2026-01-13,PLACED,5,79.89
134526,1,2874,40,North,2026-01-14,PLACED,1,288.91
134527,1,559,67,East,2026-01-14,PLACED,3,127.51
134527,2,559,113,East,2026-01-14,RETURNED,3,234.7
134528,1,4479,202,Central,2026-01-14,PLACED,5,454.04
134528,2,4479,102,Central,2026-01-14,PLACED,2,356.99
134529,1,4713,67,Central,2026-01-13,PLACED,6,108.48
134529,2,4713,92,Central,2026-01-13,PLACED,9,307.31
134530,1,1313,70,East,2026-01-13,PLACED,4,146.65
134531,1,2249,53,South,2026-01-13,PLACED,2,143.27
134532,1,4530,136,North,2026-01-14,PLACED,9,258.61
134533,1,2269,130,East,2026-01-14,PLACED,6,435.09
134533,2,2269,108,East,2026-01-14,PLACED,7,209.1
134533,3,2269,189,East,2026-01-14,PLACED,5,104.75
134533,4,2269,292,East,2026-01-14,PLACED,4,417.73
134534,1,722,219,South,2026-01-14,ON_HOLD,6,81.16
134535,1,3276,237,North,2026-01-13,PLACED,7,476.21
134535,2,3276,284,North,2026-01-13,PLACED,5,147.67
134535,3,3276,298,North,2026-01-13,PLACED,7,10.05
134535,4,3276,87,North,2026-01-13,PLACED,7,506.59
134535,5,3276,108,North,2026-01-13,PLACED,1,211.67
134536,1,2296,144,East,2026-01-14,PLACED,6,433.65
134537,1,695,245,East,2026-01-14,PLACED,10,114.37
134537,2,695,150,East,2026-01-14,PLACED,9,145.91
134538,1,3784,51,South,2026-01-14,PLACED,2,190.97
134538,2,3784,275,South,2026-01-14,PLACED,6,75.83
134538,3,3784,84,South,2026-01-14,PLACED,10,459.18
134538,4,3784,274,South,2026-01-14,PLACED,4,507.56
134538,5,3784,292,South,2026-01-14,PLACED,7,367.05
134539,1,4297,278,South,2026-01-13,PLACED,2,274.73
134539,2,4297,11,South,2026-01-13,PLACED,7,104.88
134539,3,4297,157,South,2026-01-13,PLACED,7,166.53
134539,4,4297,107,South,2026-01-13,PLACED,7,66.13
134539,5,4297,34,South,2026-01-13,PLACED,5,490.57
134539,6,4297,208,South,2026-01-13,PLACED,7,31.98
134539,7,4297,207,South,2026-01-13,PLACED,4,215.09
134540,1,37,172,Central,2026-01-13,PLACED,9,280.22
134540,2,37,31,Central,2026-01-13,PLACED,4,410.61
134540,3,37,171,Central,2026-01-13,PLACED,10,468.51
134540,4,37,43,Central,2026-01-13,PLACED,5,116.25
134541,1,4085,31,North,2026-01-13,PLACED,4,386.17
134542,1,657,116,North,2026-01-14,PLACED,5,457.18
134543,1,4879,61,Central,2026-01-14,PLACED,9,506.06
134544,1,1419,221,North,2026-01-13,PLACED,4,470.84
134545,1,1407,232,West,2026-01-13,PLACED,5,91.09
134546,1,753,166,East,2026-01-14,PLACED,1,41.4
134547,1,1847,147,South,2026-01-14,PLACED,3,271.13
134548,1,3045,126,East,2026-01-14,PLACED,2,177.42
134549,1,316,234,East,2026-01-14,PLACED,3,362.16
134550,1,3390,95,North,2026-01-14,PLACED,-3,34.27
134550,2,3390,186,North,2026-01-14,PLACED,5,179.25
134551,1,2156,67,North,2026-01-14,PLACED,6,126.16
134552,1,1830,103,East,2026-01-14,PLACED,10,308.64
134553,1,4793,175,Central,2026-01-14,PLACED,2,387.73
134553,2,4793,207,Central,2026-01-14,PLACED,4,215.56
134554,1,4161,112,East,2026-01-13,PLACED,2,127.38
134555,1,4205,89,North,2026-01-13,PLACED,7,45.89
134556,1,1152,216,East,2026-01-13,PLACED,2,515.15
134557,1,2904,287,South,2026-01-14,PLACED,2,398.85
134557,2,2904,65,South,2026-01-14,PLACED,5,447.36
134558,1,501,138,East,2026-01-14,PLACED,10,373.8
134559,1,3208,180,North,2026-01-14,PLACED,3,243.93
134559,2,3208,81,North,2026-01-14,PLACED,8,265.79
134560,1,1146,207,Central,2026-01-13,PLACED,4,200.88
134560,2,1146,134,Central,2026-01-13,PLACED,5,502.33
134560,3,1146,106,Central,2026-01-13,PLACED,6,315.46
134560,4,1146,54,Central,2026-01-13,PLACED,8,468.65
134560,5,1146,227,Central,2026-01-13,PLACED,9,244.42
134560,6,1146,281,Central,2026-01-13,PLACED,6,331.97
134560,7,1146,114,Central,2026-01-13,PLACED,6,86.35
134560,8,1146,118,Central,2026-01-13,PLACED,10,341.28
,9,1146,274,Central,2026-01-13,PLACED,8,495.99
134561,1,1293,300,West,2026-01-14,PLACED,4,426.71
134562,1,2466,298,North,2026-01-14,PLACED,5,10.04
134563,1,266,201,West,2026-01-13,PLACED,8,526.17
134564,1,733,238,East,2026-01-13,PLACED,3,137.06
134565,1,961,8,Central,2026-01-14,PLACED,4,44.42
134565,2,961,231,Central,2026-01-14,PLACED,7,47.56
134565,3,961,244,Central,2026-01-14,PLACED,10,432.08
134565,4,961,258,Central,2026-01-14,PLACED,4,109.44
134565,5,961,275,Central,2026-01-14,PLACED,8,68.23
134565,6,961,2,Central,2026-01-14,PLACED,6,18.11
134565,7,961,61,Central,2026-01-14,PLACED,9,526.32
134566,1,3921,50,South,2026-01-13,PLACED,4,197.53
134567,1,1227,214,South,2026-01-14,PLACED,7,193.48
134568,1,2907,83,South,2026-01-13,PLACED,2,311.98
134568,2,2907,288,South,2026-01-13,PLACED,10,53.79
134568,3,2907,211,South,2026-01-13,PLACED,2,131.48
134569,1,3344,46,East,2026-01-13,PLACED,0,114.59
134570,1,1502,45,East,2026-01-14,PLACED,6,42.76
134571,1,4551,239,Central,2026-01-14,PLACED,4,309.9
134572,1,636,144,South,2026-01-14,PLACED,3,420.79
134573,1,3044,222,West,2026-01-14,PLACED,10,312.52
134573,2,3044,100,West,2026-01-14,PLACED,1,425.21
134573,3,3044,55,West,2026-01-14,PLACED,8,310.63
134573,4,3044,270,West,2026-01-14,PLACED,1,9.36
134573,5,3044,98,West,2026-01-14,PLACED,7,281.35
134573,6,3044,80,West,2026-01-14,PLACED,2,121.82
134573,7,3044,40,West,2026-01-14,PLACED,4,288.37
134573,8,3044,55,West,2026-01-14,PLACED,2,351.79
134573,9,3044,212,West,2026-01-14,PLACED,2,368.59
134574,1,4727,69,Central,2026-01-14,PLACED,4,150.71
134574,2,4727,7,Central,2026-01-14,PLACED,2,464.4
134575,1,4326,54,West,2026-01-13,PLACED,5,474.29
134576,1,901,131,South,2026-01-14,PLACED,5,168.05
134577,1,2416,223,East,2026-01-14,PLACED,7,284.11
134578,1,283,136,East,2026-01-13,PLACED,6,242.11
134579,1,3099,38,East,2026-01-13,PLACED,5,324.43
134580,1,2347,36,West,2026-01-14,PLACED,6,292.82
134581,1,560,3,Central,2026-01-13,PLACED,6,144.49
134581,2,560,39,Central,2026-01-13,PLACED,10,392.94
134581,3,560,237,Central,2026-01-13,PLACED,10,427.85
134581,4,560,230,Central,2026-01-13,PLACED,5,510.37
134581,5,560,45,Central,2026-01-13,PLACED,6,41.97
134581,6,560,208,Central,2026-01-13,PLACED,3,37.3
134581,7,560,220,Central,2026-01-13,PLACED,7,153.95
134581,8,560,210,Central,2026-01-13,PLACED,1,532.71
134582,1,1066,128,East,,PLACED,8,475.15
134582,2,1066,68,East,2026-01-14,PLACED,8,21.56
134582,3,1066,229,East,2026-01-14,PLACED,4,77.69
134582,4,1066,134,East,2026-01-14,PLACED,5,458.18
134582,5,1066,175,East,2026-01-14,PLACED,7,424.14
134582,6,1066,254,East,2026-01-14,PLACED,1,235.4
134582,7,1066,81,East,2026-01-14,PLACED,3,302.73
134583,1,917,83,West,2026-01-14,PLACED,2,317.89
134583,2,917,291,West,2026-01-14,PLACED,8,7.01
134583,3,917,92,West,2026-01-14,PLACED,5,298.96
134584,1,2791,67,South,2026-01-13,PLACED,7,128.67
134585,1,4920,61,North,2026-01-13,PLACED,10,457.2
134585,2,4920,254,North,2026-01-13,PLACED,6,226.11
134586,1,3167,110,Central,2026-01-14,PLACED,7,432.85
134587,1,530,147,South,2026-01-13,PLACED,1,250.02
134587,2,530,282,South,2026-01-13,PLACED,9,95.62
134588,1,429,111,West,2026-01-13,PLACED,5,469.44
134589,1,2252,178,North,2026-01-14,PLACED,8,209.45
134589,2,2252,282,North,2026-01-14,PLACED,5,115.31
134590,1,535,156,South,2026-01-13,UNKNOWN,7,105.62
134590,2,535,287,South,2026-01-13,PLACED,3,444.72
134590,3,535,215,South,2026-01-13,PLACED,6,523.93
134590,4,535,61,South,2026-01-13,PLACED,9,501.53
134590,5,535,41,South,2026-01-13,PLACED,4,356.37
134590,6,535,124,South,2026-01-13,PLACED,2,253.75
134590,7,535,260,South,2026-01-13,PLACED,8,482.58
134591,1,2063,14,West,2026-01-13,PLACED,6,97.64
134591,2,2063,22,West,2026-01-13,PLACED,10,346.71
134591,3,2063,237,West,2026-01-13,PLACED,6,417.3
134592,1,2693,128,South,2026-01-13,PLACED,9,504.3
134593,1,3841,289,West,2026-01-13,PLACED,5,235.81
134593,2,3841,267,West,2026-01-13,PLACED,5,287.28
134593,3,3841,147,West,2026-01-13,PLACED,6,291.34
134594,1,3612,68,Central,2026-01-13,PLACED,5,22.2
134594,2,3612,103,Central,2026-01-13,PLACED,1,329.07
134595,1,3674,42,North,2026-01-13,PLACED,3,26.56
134595,2,3674,260,North,2026-01-13,PLACED,7,512.29
134596,1,3044,76,South,2026-01-14,PLACED,7,217.24
134597,1,3104,142,North,2026-01-13,PLACED,8,283.47
134597,2,3104,132,North,2026-01-13,PLACED,9,31.2
134598,1,4369,73,North,2026-01-13,PLACED,2,444.7
134599,1,3231,230,North,2026-01-14,PLACED,6,481.74
134600,1,,72,South,2026-01-14,PLACED,2,516.96
134601,1,4808,242,South,2026-01-14,PLACED,7,297.85
134602,1,4927,239,East,2026-01-14,PLACED,4,293.8
134603,1,2422,188,North,2026-01-13,PLACED,1,122.22
134604,1,3589,188,South,2026-01-13,PLACED,5,119.87
134605,1,908,163,North,2026-01-14,PLACED,5,112.72
134606,1,1351,9,East,2026-01-13,PLACED,5,197.37
134606,2,1351,78,East,2026-01-13,PLACED,9,218.2
134607,1,4119,282,Central,2026-01-13,PLACED,4,96.28
134608,1,3917,225,East,2026-01-14,PLACED,2,31.78
134609,1,132,252,North,2026-01-14,PLACED,7,356.16
134609,2,132,160,North,2026-01-14,PLACED,3,121.78
134610,1,4805,148,West,2026-01-13,PLACED,8,355.96
134611,1,1714,28,West,2026-01-14,PLACED,2,53.04
134612,1,4744,110,North,2026-01-14,PLACED,2,501.52
134612,2,4744,163,North,2026-01-14,PLACED,7,125.0
134612,3,4744,187,North,2026-01-14,PLACED,3,394.99
134612,4,4744,87,North,2026-01-14,PLACED,5,507.45
134613,1,361,60,North,2026-01-14,PLACED,10,177.46
134613,2,361,81,North,2026-01-14,PLACED,3,271.33
134613,3,361,195,North,2026-01-14,PLACED,10,243.44
134614,1,1062,53,Central,2026-01-14,PLACED,9,145.32
134615,1,1262,45,East,2026-01-14,PLACED,5,47.97
134616,1,2433,20,North,2026-01-14,PLACED,10,8.34
134617,1,592,201,West,2026-01-13,PLACED,9,470.06
134618,1,2945,207,East,2026-01-13,PLACED,4,197.27
134619,1,3996,59,Central,2026-01-13,PLACED,8,85.99
134619,2,3996,138,Central,2026-01-13,PLACED,9,407.02
134620,1,2145,115,West,2026-01-13,PLACED,10,446.37
134621,1,3762,127,South,2026-01-13,PLACED,4,-3.05
134622,1,1517,216,East,2026-01-13,PLACED,1,541.73
134623,1,3798,139,East,2026-01-13,PLACED,4,359.87
134623,2,3798,261,East,2026-01-13,PLACED,4,422.92
134623,3,3798,2,East,2026-01-13,PLACED,7,18.7
134623,4,3798,3,East,2026-01-13,PLACED,3,141.49
134623,5,3798,181,East,2026-01-13,PLACED,2,354.81
134624,1,831,287,South,2026-01-14,PLACED,4,406.25
134624,2,831,239,South,2026-01-14,PLACED,4,308.3
134625,1,4561,258,North,2026-01-13,PLACED,3,104.34
134625,2,4561,157,North,2026-01-13,PLACED,2,182.63
134625,3,4561,149,North,2026-01-13,PLACED,10,96.79
134625,4,4561,7,North,2026-01-13,PLACED,10,412.53
134626,1,2144,39,Central,2026-01-13,PLACED,10,424.58
134626,2,2144,73,Central,2026-01-13,PLACED,1,447.48
134626,3,2144,212,Central,2026-01-13,PLACED,4,425.8
134626,4,2144,161,Central,2026-01-13,PLACED,2,42.89
134627,1,181,226,North,2026-01-14,PLACED,3,293.95
134627,2,181,199,North,2026-01-14,PLACED,8,454.77
134628,1,4898,110,South,2026-01-13,PLACED,1,449.97
134629,1,3510,289,South,2026-01-13,PLACED,3,212.05
134630,1,3998,25,Central,2026-01-14,PLACED,5,451.46
134630,2,3998,72,Central,2026-01-14,PLACED,3,-41.32
134631,1,2338,61,Central,2026-01-13,PLACED,6,447.67
134632,1,622,145,North,2026-01-14,PLACED,9,206.42
134633,1,798,148,North,2026-01-14,PLACED,5,372.84
134634,1,2596,158,East,2026-01-14,PLACED,1,320.38
134635,1,1683,4,West,2026-01-14,PLACED,6,114.67
134636,1,3401,174,East,2026-01-13,PLACED,1,387.45
134636,2,3401,163,East,2026-01-13,PLACED,2,121.85
134637,1,230,256,East,2026-01-14,PLACED,3,465.07
134638,1,2753,103,South,2026-01-13,PLACED,7,347.09
134639,1,3484,226,East,2026-01-14,PLACED,7,290.32
134640,1,,117,West,2026-01-14,PLACED,4,141.43
134640,2,692,27,,2026-01-14,PLACED,3,54.51
134640,3,692,89,West,2026-01-14,PLACED,7,49.35
134640,4,692,60,West,2026-01-14,PLACED,2,203.81
134640,5,692,241,West,2026-01-14,PLACED,4,215.23
134640,6,692,36,West,2026-01-14,PLACED,10,284.88
134640,7,692,240,West,2026-01-14,PLACED,8,284.93
134640,8,692,279,West,2026-01-14,PLACED,7,144.48
134640,9,692,170,West,2026-01-14,PLACED,1,74.3
134640,10,692,27,West,2026-01-14,PLACED,9,52.94
134641,1,4018,285,Central,2026-01-13,PLACED,4,258.24
134642,1,4611,255,East,2026-01-13,PLACED,7,523.18
134643,1,207,62,North,2026-01-13,PLACED,4,320.55
134644,1,4281,282,East,2026-01-13,PLACED,4,101.39
134644,2,4281,232,East,2026-01-13,PLACED,6,101.39
134645,1,1996,269,South,2026-01-14,PLACED,7,308.69
134646,1,2315,290,West,2026-01-14,PLACED,6,155.07
134647,1,4084,142,South,2026-01-14,PLACED,3,-26.44
134647,2,4084,234,South,2026-01-14,PLACED,4,355.69
134648,1,604,95,West,2026-01-14,PLACED,1,37.58
134649,1,3277,172,Central,2026-01-13,PLACED,4,264.23
134649,2,3277,186,Central,2026-01-13,PLACED,2,173.54
134649,3,3277,274,Central,2026-01-13,PLACED,4,490.84
134650,1,4573,13,North,2026-01-13,PLACED,6,17.08
134650,2,4573,181,North,2026-01-13,PLACED,4,394.73
134650,3,4573,45,North,2026-01-13,PLACED,6,41.97
134650,4,4573,64,North,2026-01-13,PLACED,8,324.39
134650,5,4573,12,North,2026-01-13,PLACED,1,254.63
134650,6,4573,15,North,2026-01-13,PLACED,9,336.17
134650,7,4573,152,North,2026-01-13,PLACED,3,307.79
134650,8,4573,279,North,2026-01-13,PLACED,4,144.05
134651,1,2653,60,East,2026-01-13,PLACED,5,190.47
134651,2,2653,39,East,2026-01-13,PLACED,6,410.44
134651,3,2653,17,East,2026-01-13,PLACED,2,110.81
134651,4,2653,186,East,2026-01-13,PLACED,9,179.96
134652,1,1817,200,North,2026-01-13,PLACED,9,406.82
134653,1,4091,227,South,2026-01-13,PLACED,9,251.26
134654,1,2417,164,North,2026-01-13,PLACED,1,467.07
134655,1,57,205,North,2026-01-13,PLACED,5,263.74
134656,1,2402,151,West,2026-01-13,PLACED,9,526.3
134657,1,1874,105,West,2026-01-13,PLACED,1,143.67
134658,1,4,266,South,2026-01-14,PLACED,7,361.9
134659,1,915,237,South,2026-01-13,PLACED,7,407.57
134660,1,4811,189,East,2026-01-13,PLACED,1,102.73
134661,1,7,39,West,2026-01-14,PLACED,5,393.17
134661,2,7,220,West,2026-01-14,PLACED,9,146.44
134661,3,7,68,West,2026-01-14,PLACED,10,21.1
134661,4,7,101,West,2026-01-14,PLACED,4,9.89
134662,1,4013,223,East,2026-01-13,PLACED,7,286.06
134663,1,2398,106,West,2026-01-13,PLACED,4,342.55
134664,1,3348,100,South,2026-01-13,PLACED,2,447.84
134665,1,4815,204,East,2026-01-14,PLACED,6,94.4
134666,1,4771,227,West,2026-01-13,PLACED,2,268.02
134667,1,3865,5,South,2026-01-13,PLACED,1,371.18
134667,2,3865,239,South,2026-01-13,PLACED,7,328.33
134667,3,3865,16,South,2026-01-13,PLACED,10,257.4
134668,1,4662,263,Central,2026-01-14,PLACED,8,190.35
134669,1,1661,160,West,2026-01-14,PLACED,5,103.85
134670,1,2784,212,Central,2026-01-13,PLACED,8,388.14
134671,1,4615,233,South,2026-01-14,PLACED,4,271.97
134671,2,4615,96,South,2026-01-14,PLACED,10,191.8
134671,3,4615,127,South,2026-01-14,PLACED,7,15.43
134672,1,4503,26,Central,2026-01-14,PLACED,5,185.65
134673,1,363,98,North,2026-01-14,PLACED,5,249.6
134674,1,1497,132,Central,2026-01-13,PLACED,2,34.64
134675,1,2678,167,West,2026-01-14,PLACED,10,112.11
134676,1,2311,209,East,2026-01-14,PLACED,7,192.75
134677,1,3057,98,East,2026-01-13,PLACED,6,268.52
134677,2,3057,29,East,2026-01-13,PLACED,10,418.6
134678,1,3681,221,Central,2026-01-13,PLACED,1,458.27
134678,2,3681,97,Central,2026-01-13,PLACED,3,524.95
134679,1,323,240,East,2026-01-13,PLACED,6,300.77
134680,1,1508,36,North,2026-01-14,PLACED,1,301.28
134680,2,1508,299,North,2026-01-14,PLACED,5,40.96
134680,3,1508,17,North,2026-01-14,PLACED,1,103.06
134680,4,1508,83,North,2026-01-14,PLACED,2,293.75
134680,5,1508,287,North,2026-01-14,PLACED,8,411.63
134681,1,3293,219,West,2026-01-14,PLACED,9,73.76
134681,2,3293,42,West,2026-01-14,PLACED,1,26.55
134682,1,3901,204,West,2026-01-14,PLACED,10,79.98
134682,2,3901,68,West,2026-01-14,PLACED,8,22.67
134682,3,3901,292,West,2026-01-14,PLACED,6,401.86
134682,4,3901,229,West,2026-01-14,PLACED,2,77.33
134683,1,4112,176,South,2026-01-13,PLACED,1,93.43
134683,2,4112,25,South,2026-01-13,PLACED,5,435.83
134684,1,560,189,North,2026-01-13,PLACED,3,107.83
134685,1,2273,278,East,2026-01-13,PLACED,8,302.12
134685,2,2273,,East,2026-01-13,PLACED,10,543.28
134685,3,2273,177,East,2026-01-13,PLACED,1,57.58
134685,4,2273,281,East,2026-01-13,PLACED,7,386.51
134685,5,2273,240,East,2026-01-13,PLACED,9,323.01
134685,6,2273,102,East,2026-01-13,PLACED,8,397.65
134685,7,2273,170,East,2026-01-13,PLACED,7,74.3
134685,8,2273,79,East,2026-01-13,PLACED,9,144.22
134686,1,1408,171,North,2026-01-13,PLACED,10,422.89
134687,1,1960,231,,2026-01-14,PLACED,9,47.52
134688,1,1232,196,East,2026-01-14,PLACED,3,444.71
134689,1,4336,167,East,2026-01-14,PLACED,2,123.69
134690,1,3038,23,East,2026-01-14,PLACED,4,169.4
134691,1,4528,275,South,2026-01-14,PLACED,9,72.82
134691,2,4528,19,South,2026-01-14,PLACED,1,390.46
134692,1,4068,7,Central,2026-01-13,PLACED,10,487.04
134693,1,1988,213,West,2026-01-13,PLACED,8,224.02
134694,1,188,258,East,2026-01-13,PLACED,5,101.83
134694,2,188,,East,2026-01-13,PLACED,8,366.74
129387,1,1794,52,West,2026-01-14,PLACED,8,109.64
129623,3,4768,110,South,2026-01-14,PLACED,10,451.16
